4377;ttbar;0.00167779;81385.3;-0.751097;j,994934,349185,-1.7072,1.67054;j,391744,262167,0.954092,-1.49142;j,294095,31417.3,2.92618,1.44961;j,76402.1,27466.6,-1.6772,-1.93127;e+,56561.1,53640,0.328541,-2.32475;m-,174187,157037,0.463209,1.53226;m+,51644.7,47978.3,0.38849,0.112019;
13495;ttbar;0.00167779;55214.7;2.75172;j,45374.6,33749.7,-0.79517,-0.369772;e-,341439,72352.5,-2.23335,-0.682187;e+,60024.9,59955.1,-0.0482666,2.1878;m-,15846.1,15566,-0.189325,-0.437845;
13550;ttbar;0.00167779;25446.8;-2.32821;b,205390,75084.7,-1.66046,0.413818;b,59239.5,54921.3,-0.353466,2.84084;j,121903,36133.2,1.88406,-2.52774;e+,17322.9,15384.9,0.496799,-0.43172;m-,58149.4,25197.8,1.47876,0.383915;m+,18447.3,12258.1,-0.966784,2.29093;
33639;ttbar;0.00167779;29505.8;-2.49469;b,303943,87931.1,-1.9105,-3.00923;j,317016,74172,-2.12984,0.212214;j,149526,31230.8,-2.2472,-0.617505;e+,12133.3,10759.7,-0.500064,1.83194;m-,54226.2,47485.7,-0.526704,1.85237;m+,70961.5,36362.4,-1.2885,-1.72637;
57141;ttbar;0.00167779;43850.2;-2.07355;b,88216.1,69433.4,0.711635,0.865326;b,51859.6,39983.7,-0.740673,-2.14048;j,205676,24645.1,-2.81058,2.2773;e-,26778.7,22107.5,-0.639136,-0.117352;m+,34944.3,31684.2,-0.449825,1.79041;m-,31477.8,27395.8,0.539329,0.040205;
64340;ttbar;0.00167779;63311.2;-1.6794;b,81517.6,65125.2,0.677357,-1.37763;b,220533,57941.5,2.00971,1.8381;e-,59626.5,38402,1.00814,1.58108;e+,42904.7,27630.8,1.00821,1.58121;m+,35629.4,33660.5,-0.340373,0.806269;
67780;ttbar;0.00167779;64052.8;0.495444;j,235996,153175,-0.983907,-2.46078;j,151700,41409.4,1.9721,-1.8054;j,31247.8,29733.1,-0.276353,2.09926;e-,314203,122506,-1.59465,0.831591;m+,107784,58322.3,-1.22442,2.30411;m+,25048.5,14721.8,1.12428,-1.39214;
70192;ttbar;0.00167779;93411.3;0.158197;j,116662,87299.9,0.783997,-1.77273;b,77981.2,77049,0.136415,1.8776;b,134056,57072.5,1.49573,-1.28139;j,317002,50461.8,2.52354,3.01091;j,1.47896e+06,33930.2,-4.46779,2.60052;j,42890.1,32466.4,0.771963,3.05843;e+,21876.9,21835.2,0.0617657,0.903815;e-,12616.6,12592.5,0.0619242,0.903799;m-,98115.5,98077.9,0.0276933,0.878747;
73828;ttbar;0.00167779;121499;0.0675302;b,115169,56618.6,-1.33407,1.93416;j,70479.2,39771.7,-1.16972,2.51458;e+,309807,109410,-1.70124,-2.22204;m-,136631,54031.5,-1.57925,0.760442;m+,88884.3,21594.6,-2.09294,0.451151;
73969;ttbar;0.00167779;142169;-1.69251;b,179517,152200,0.577013,1.28067;b,25049,24665.6,0.0401522,2.49693;e-,23836.1,19975.5,0.612118,-2.15884;m+,138719,126389,-0.438195,-1.17001;m+,24597.8,24053.3,-0.212327,-0.374661;
146475;ttbar;0.00167779;173661;1.40702;j,1.4981e+06,239346,2.51979,-1.54293;j,117079,69673.3,1.10399,-3.01359;j,663664,61006,3.07742,0.498944;j,107593,23167,2.21508,1.26492;e-,108816,43375,1.5706,1.93557;e+,27833.2,18265.8,-0.983405,-2.01577;m+,14595.1,10800.8,-0.815388,-0.259105;
166003;ttbar;0.00167779;80819.2;0.72832;b,351314,117455,1.75891,-1.08087;j,40001.2,38111.5,0.163327,1.96818;j,322984,29796.1,3.07424,-0.747933;j,35860,25335.9,0.873491,-1.27148;e+,76899.4,47357.5,1.0658,2.27053;e+,49776.1,37534.7,0.787153,2.88377;e-,38117.5,28829.7,0.782573,2.88096;
176184;ttbar;0.00167779;60951.7;0.078775;b,130368,51427.2,-1.57885,2.72455;e+,19837.6,17364.1,-0.527622,-1.72302;m-,31676.6,28016,0.505777,-0.701489;m-,20586.1,10821,1.25868,-3.03699;
200102;ttbar;0.00167779;87394.8;1.42838;j,66668.3,58450.1,-0.462084,-1.64588;j,316567,49250.4,-2.54704,2.5308;j,49780,35451.2,0.845276,0.0868316;j,1.4924e+06,30025.1,-4.59915,0.495611;e-,380287,93904.8,-2.07619,-2.06622;e+,29714.8,28795.1,-0.252062,0.503807;m+,29616.2,16110.6,1.21811,-0.483664;
225099;ttbar;0.00167779;172064;0.823519;j,168242,146170,-0.514463,-2.06628;j,377330,135327,-1.68284,-3.0092;j,651633,30488.5,-3.75466,-0.411204;e-,101336,84989.6,-0.610682,0.429489;m+,49546.5,47998.7,0.253272,0.914982;m+,54713.8,45744.1,-0.616421,0.451488;
248984;ttbar;0.00167779;243303;3.05737;b,214215,151037,0.879649,0.250515;j,181219,115385,1.01703,-0.404829;j,90053.8,78966.3,0.518904,-1.06552;j,75230.6,61286.3,0.647301,1.11957;e+,103124,40714.4,1.58104,-3.13531;m+,58965.9,55727.4,0.339286,2.33257;m-,96150.6,39369.6,1.54124,3.09185;
259903;ttbar;0.00167779;71637.6;1.93439;j,619634,121226,-2.31353,-0.976606;b,58520.3,56473.1,0.238626,2.21391;e+,31435.9,27003.3,-0.565409,-2.74128;m-,46803.7,15497.9,-1.76979,-2.4272;m-,12789.4,12665.4,-0.13959,-0.301374;
277177;ttbar;0.00167779;36230;-1.47404;j,104934,70827.6,-0.9392,-2.13905;b,49441,47811.6,0.176226,-0.498208;j,80270.2,27105.5,-1.74186,0.116818;b,34043.8,23846.6,0.881718,-1.59672;e+,90352.8,68415.7,0.780818,1.84615;e+,48138,36429.5,0.781695,1.84566;e-,17871.4,13521,0.782093,1.8461;
279256;ttbar;0.00167779;113924;-2.65023;j,322701,28931.5,3.10249,2.92087;e+,127641,118115,0.398981,0.400355;e-,18354,16203,0.509744,-2.70369;m-,63758.8,62353.4,0.21191,-2.17108;
283691;ttbar;0.00167779;38312.1;1.48924;j,184980,95687,1.27005,-1.05173;j,241824,68623.5,1.93067,-1.56401;j,617167,26072.6,3.85693,-2.57155;e+,129359,121328,0.361856,1.77492;e+,14360.3,12678.5,-0.509534,-1.99029;m-,11296,10129.5,-0.475341,-2.05931;
284603;ttbar;0.00167779;116802;-0.762681;j,204619,120554,-1.11759,2.01842;j,46049.4,37200.6,0.664027,-2.85176;j,100511,31540.7,-1.82498,1.84144;e-,33655.6,26060.8,0.746025,-1.00021;e+,13470.1,10429.1,0.746225,-1.00038;m-,61162.3,47173,0.752266,-0.99847;
295636;ttbar;0.00167779;123985;-2.14971;j,101523,86875.3,-0.55766,0.90401;j,783635,70682.8,-3.09677,0.328691;b,52882.2,42114,0.672498,3.12525;m-,53685.9,39492.9,-0.824262,3.12833;m+,80051.3,26574.7,-1.76709,-3.09684;m+,25900.4,14972.3,1.14468,-0.916032;
299694;ttbar;0.00167779;197826;0.716809;j,1.26852e+06,222646,2.42523,-2.14526;b,52241.4,42725,0.646431,2.07516;b,80442.7,33884.3,1.50604,3.00548;j,538251,24554.2,-3.78,0.357004;e+,22479.4,18222.1,0.670914,0.675721;m-,112122,39390.4,1.70682,0.462991;m+,36384.3,31747.9,0.534061,0.616372;
318531;ttbar;0.00167779;81385.3;-0.751097;j,994934,349185,-1.7072,1.67054;j,391744,262167,0.954092,-1.49142;j,294095,31417.3,2.92618,1.44961;j,76402.1,27466.6,-1.6772,-1.93127;e+,56561.1,53640,0.328541,-2.32475;m-,174187,157037,0.463209,1.53226;m+,51644.7,47978.3,0.38849,0.112019;
327649;ttbar;0.00167779;55214.7;2.75172;j,45374.6,33749.7,-0.79517,-0.369772;e-,341439,72352.5,-2.23335,-0.682187;e+,60024.9,59955.1,-0.0482666,2.1878;m-,15846.1,15566,-0.189325,-0.437845;
327704;ttbar;0.00167779;25446.8;-2.32821;b,205390,75084.7,-1.66046,0.413818;b,59239.5,54921.3,-0.353466,2.84084;j,121903,36133.2,1.88406,-2.52774;e+,17322.9,15384.9,0.496799,-0.43172;m-,58149.4,25197.8,1.47876,0.383915;m+,18447.3,12258.1,-0.966784,2.29093;
347793;ttbar;0.00167779;29505.8;-2.49469;b,303943,87931.1,-1.9105,-3.00923;j,317016,74172,-2.12984,0.212214;j,149526,31230.8,-2.2472,-0.617505;e+,12133.3,10759.7,-0.500064,1.83194;m-,54226.2,47485.7,-0.526704,1.85237;m+,70961.5,36362.4,-1.2885,-1.72637;
371295;ttbar;0.00167779;43850.2;-2.07355;b,88216.1,69433.4,0.711635,0.865326;b,51859.6,39983.7,-0.740673,-2.14048;j,205676,24645.1,-2.81058,2.2773;e-,26778.7,22107.5,-0.639136,-0.117352;m+,34944.3,31684.2,-0.449825,1.79041;m-,31477.8,27395.8,0.539329,0.040205;
378494;ttbar;0.00167779;63311.2;-1.6794;b,81517.6,65125.2,0.677357,-1.37763;b,220533,57941.5,2.00971,1.8381;e-,59626.5,38402,1.00814,1.58108;e+,42904.7,27630.8,1.00821,1.58121;m+,35629.4,33660.5,-0.340373,0.806269;
381934;ttbar;0.00167779;64052.8;0.495444;j,235996,153175,-0.983907,-2.46078;j,151700,41409.4,1.9721,-1.8054;j,31247.8,29733.1,-0.276353,2.09926;e-,314203,122506,-1.59465,0.831591;m+,107784,58322.3,-1.22442,2.30411;m+,25048.5,14721.8,1.12428,-1.39214;
384346;ttbar;0.00167779;93411.3;0.158197;j,116662,87299.9,0.783997,-1.77273;b,77981.2,77049,0.136415,1.8776;b,134056,57072.5,1.49573,-1.28139;j,317002,50461.8,2.52354,3.01091;j,1.47896e+06,33930.2,-4.46779,2.60052;j,42890.1,32466.4,0.771963,3.05843;e+,21876.9,21835.2,0.0617657,0.903815;e-,12616.6,12592.5,0.0619242,0.903799;m-,98115.5,98077.9,0.0276933,0.878747;
387982;ttbar;0.00167779;121499;0.0675302;b,115169,56618.6,-1.33407,1.93416;j,70479.2,39771.7,-1.16972,2.51458;e+,309807,109410,-1.70124,-2.22204;m-,136631,54031.5,-1.57925,0.760442;m+,88884.3,21594.6,-2.09294,0.451151;
388123;ttbar;0.00167779;142169;-1.69251;b,179517,152200,0.577013,1.28067;b,25049,24665.6,0.0401522,2.49693;e-,23836.1,19975.5,0.612118,-2.15884;m+,138719,126389,-0.438195,-1.17001;m+,24597.8,24053.3,-0.212327,-0.374661;
460629;ttbar;0.00167779;173661;1.40702;j,1.4981e+06,239346,2.51979,-1.54293;j,117079,69673.3,1.10399,-3.01359;j,663664,61006,3.07742,0.498944;j,107593,23167,2.21508,1.26492;e-,108816,43375,1.5706,1.93557;e+,27833.2,18265.8,-0.983405,-2.01577;m+,14595.1,10800.8,-0.815388,-0.259105;
480157;ttbar;0.00167779;80819.2;0.72832;b,351314,117455,1.75891,-1.08087;j,40001.2,38111.5,0.163327,1.96818;j,322984,29796.1,3.07424,-0.747933;j,35860,25335.9,0.873491,-1.27148;e+,76899.4,47357.5,1.0658,2.27053;e+,49776.1,37534.7,0.787153,2.88377;e-,38117.5,28829.7,0.782573,2.88096;
490338;ttbar;0.00167779;60951.7;0.078775;b,130368,51427.2,-1.57885,2.72455;e+,19837.6,17364.1,-0.527622,-1.72302;m-,31676.6,28016,0.505777,-0.701489;m-,20586.1,10821,1.25868,-3.03699;
514256;ttbar;0.00167779;87394.8;1.42838;j,66668.3,58450.1,-0.462084,-1.64588;j,316567,49250.4,-2.54704,2.5308;j,49780,35451.2,0.845276,0.0868316;j,1.4924e+06,30025.1,-4.59915,0.495611;e-,380287,93904.8,-2.07619,-2.06622;e+,29714.8,28795.1,-0.252062,0.503807;m+,29616.2,16110.6,1.21811,-0.483664;
539253;ttbar;0.00167779;172064;0.823519;j,168242,146170,-0.514463,-2.06628;j,377330,135327,-1.68284,-3.0092;j,651633,30488.5,-3.75466,-0.411204;e-,101336,84989.6,-0.610682,0.429489;m+,49546.5,47998.7,0.253272,0.914982;m+,54713.8,45744.1,-0.616421,0.451488;
563138;ttbar;0.00167779;243303;3.05737;b,214215,151037,0.879649,0.250515;j,181219,115385,1.01703,-0.404829;j,90053.8,78966.3,0.518904,-1.06552;j,75230.6,61286.3,0.647301,1.11957;e+,103124,40714.4,1.58104,-3.13531;m+,58965.9,55727.4,0.339286,2.33257;m-,96150.6,39369.6,1.54124,3.09185;
574057;ttbar;0.00167779;71637.6;1.93439;j,619634,121226,-2.31353,-0.976606;b,58520.3,56473.1,0.238626,2.21391;e+,31435.9,27003.3,-0.565409,-2.74128;m-,46803.7,15497.9,-1.76979,-2.4272;m-,12789.4,12665.4,-0.13959,-0.301374;
591331;ttbar;0.00167779;36230;-1.47404;j,104934,70827.6,-0.9392,-2.13905;b,49441,47811.6,0.176226,-0.498208;j,80270.2,27105.5,-1.74186,0.116818;b,34043.8,23846.6,0.881718,-1.59672;e+,90352.8,68415.7,0.780818,1.84615;e+,48138,36429.5,0.781695,1.84566;e-,17871.4,13521,0.782093,1.8461;
593410;ttbar;0.00167779;113924;-2.65023;j,322701,28931.5,3.10249,2.92087;e+,127641,118115,0.398981,0.400355;e-,18354,16203,0.509744,-2.70369;m-,63758.8,62353.4,0.21191,-2.17108;
597845;ttbar;0.00167779;38312.1;1.48924;j,184980,95687,1.27005,-1.05173;j,241824,68623.5,1.93067,-1.56401;j,617167,26072.6,3.85693,-2.57155;e+,129359,121328,0.361856,1.77492;e+,14360.3,12678.5,-0.509534,-1.99029;m-,11296,10129.5,-0.475341,-2.05931;
598757;ttbar;0.00167779;116802;-0.762681;j,204619,120554,-1.11759,2.01842;j,46049.4,37200.6,0.664027,-2.85176;j,100511,31540.7,-1.82498,1.84144;e-,33655.6,26060.8,0.746025,-1.00021;e+,13470.1,10429.1,0.746225,-1.00038;m-,61162.3,47173,0.752266,-0.99847;
609790;ttbar;0.00167779;123985;-2.14971;j,101523,86875.3,-0.55766,0.90401;j,783635,70682.8,-3.09677,0.328691;b,52882.2,42114,0.672498,3.12525;m-,53685.9,39492.9,-0.824262,3.12833;m+,80051.3,26574.7,-1.76709,-3.09684;m+,25900.4,14972.3,1.14468,-0.916032;
613848;ttbar;0.00167779;197826;0.716809;j,1.26852e+06,222646,2.42523,-2.14526;b,52241.4,42725,0.646431,2.07516;b,80442.7,33884.3,1.50604,3.00548;j,538251,24554.2,-3.78,0.357004;e+,22479.4,18222.1,0.670914,0.675721;m-,112122,39390.4,1.70682,0.462991;m+,36384.3,31747.9,0.534061,0.616372;
636455;ttbar;0.00167696;39482.2;1.2959;j,425176,383944,0.446272,-2.87906;j,541330,299478,1.186,0.119915;j,59562.8,58534.8,-0.0942936,2.87858;j,1.11216e+06,48398.9,-3.82718,0.492518;j,36340.7,32702.2,-0.455102,1.09452;e-,53786.5,40637.6,0.784195,-0.935327;e-,32616,24552,0.789801,-0.951852;e+,20482.4,15444.9,0.787174,-0.933108;
637355;ttbar;0.00167696;69645.7;-0.922952;j,273665,63968.5,-2.13207,1.22546;j,258955,51988.3,-2.28805,-0.619717;j,88681.5,36632.1,1.52613,2.25461;j,91125.1,31068.1,1.73519,-3.07454;j,30048.3,27045.5,-0.450455,2.09757;j,53673.4,25823.4,-1.34674,-0.785772;e-,52710.1,50698.7,-0.28076,-2.91008;m+,79946.3,68818.4,0.561283,-1.53942;m+,29856.1,14506.4,1.34988,1.15798;
649843;ttbar;0.00167696;34521.1;-2.55526;b,92075.7,57238,1.04786,1.20712;j,94877.5,33888.4,1.68728,-1.57848;m-,91105.8,52859.4,1.14018,-0.334949;m+,142300,33343.2,2.13021,1.04883;m+,130001,25987.7,2.29292,-1.05901;
693092;ttbar;0.00167696;84071.5;-2.61604;b,62477,40529.5,0.993411,0.588522;j,41211,39967.1,-0.122404,-0.244316;m+,112185,59373.4,1.25066,-2.36744;m-,57467.4,55402.2,0.272194,2.12432;m+,26770.1,10358.8,-1.60285,0.747886;
704961;ttbar;0.00167696;126800;2.74464;j,548743,186354,1.74168,-1.99667;j,208185,163638,-0.704812,0.667768;b,62716.8,56502,-0.380547,1.46672;e-,126571,51426.7,1.5497,-0.309316;e-,18869.9,11007.7,1.13353,-1.08044;m+,66551.9,54613.9,0.649704,2.53047;
705468;ttbar;0.00167696;116677;0.542619;b,180489,150771,-0.609254,0.578507;b,117041,106116,0.40361,-1.94334;j,48966,27249.8,-1.18181,3.05624;j,85041.4,26747.5,1.82085,2.48401;e-,139694,138395,0.136898,-2.71766;e+,78007.4,77999.2,0.0144761,0.696294;e-,75800.8,74665.1,0.174196,-2.71086;
709612;ttbar;0.00167696;43879;-2.21623;j,24379,24125.2,-0.0493707,-0.430932;e+,101012,70234.4,0.904981,1.54957;e+,19870,19769.3,0.100896,-1.58851;m-,117368,83436.8,0.873786,-1.70702;
721812;ttbar;0.00167696;52908.8;-1.95203;j,95818.9,65858.1,0.9147,2.45183;b,162851,65377,1.56092,1.00274;j,297389,42511.8,2.63283,0.887759;e-,50603.5,30403.8,1.0969,-0.268997;e-,39865.5,23465.7,1.12242,-0.266649;e+,30837.2,18200.1,1.11911,-0.269145;g,145232,58591.6,1.55746,-2.25362;
732008;ttbar;0.00167696;53767.7;0.983707;b,171277,129175,0.783413,-2.04444;e-,285926,133976,1.39117,1.00433;e+,79932.6,76668.6,-0.29077,-2.27353;m+,154544,27276.2,2.41973,0.326077;
743043;ttbar;0.00167696;80335.5;-2.4425;b,424167,95326.7,-2.17269,1.15418;j,1.22608e+06,29094.3,-4.43403,-0.3391;e+,187167,62370.1,-1.76307,-0.315838;e-,110363,56839.6,1.2826,3.01854;m+,20743.8,19246.8,0.391863,1.64433;
766322;ttbar;0.00167696;77187;-2.69214;b,237613,120384,1.2983,-0.604987;j,83179.2,78985.8,0.280397,1.76366;e+,72537.7,71866,0.136617,2.84179;e-,44912.1,33717.4,0.79387,0.0932081;m-,20278.6,18264.4,0.465394,0.138634;
773436;ttbar;0.00167696;100743;-2.82072;j,211225,69378.7,1.77788,0.505641;j,55703.2,54511,0.0603533,-0.00962807;e+,17648.1,10642.2,1.09232,2.47328;m-,56647.7,29726.7,-1.26066,1.03244;m+,35581.5,12949.6,-1.66901,-2.4568;
792303;ttbar;0.00167696;97838.5;0.932213;j,364180,60521,-2.47977,2.67445;j,221582,36492.6,-2.48944,-0.437354;j,50303.7,32502.7,0.990968,-2.10019;e+,154925,45018.6,1.9072,-1.62494;m-,322477,111733,1.7216,1.31243;m+,97077.1,17831,2.37917,-1.34479;
811564;ttbar;0.00167696;46430;-0.142779;j,164005,161253,0.166124,2.47356;j,155127,105438,-0.930048,-1.25036;j,30751,30559.9,-0.0116038,-3.02722;e+,39548.8,33682.2,-0.581967,0.122549;m-,21437.1,17658.5,-0.643037,0.170411;m-,26360,16231.1,1.06598,-1.59062;
826842;ttbar;0.00167696;21803.9;-0.984198;j,183850,67393.4,1.65724,-1.51563;j,57575,56842.4,0.147538,3.05898;j,165993,27645.2,2.47823,-2.29985;e+,114583,97159.1,0.590276,1.37656;e-,14668,10784.8,-0.825009,-0.806385;m+,15145.4,11823.8,-0.732996,-0.811535;
853531;ttbar;0.00167696;73199.2;-2.85837;j,511265,68696,-2.6954,1.45112;e-,49926.8,31328.9,-1.04185,-0.836425;e+,21588.1,19081.4,-0.507133,0.607198;m-,23938.8,19153.2,0.692947,2.31196;
872833;ttbar;0.00167696;94319.4;2.59756;b,185116,41744.9,2.16798,-1.46792;e+,212173,83097.2,1.58977,-0.734766;e-,144734,54944.6,1.62357,0.587804;m-,136381,30922.5,2.16401,-2.81076;
881243;ttbar;0.00167696;72372.6;0.0407345;j,583845,215491,-1.65283,2.93089;b,191175,54596.6,-1.92134,-0.355458;j,43588.6,25704.5,-1.11435,-0.0922845;e+,102058,72152.4,0.881637,-0.689535;m-,91790.8,83683.1,-0.436715,0.397409;m-,50293,39518.6,0.722605,0.42611;
881687;ttbar;0.00167696;29020.7;1.03558;j,128916,120225,0.357683,-2.27254;j,529780,69321.2,-2.72246,-0.686115;j,245775,60612.4,-2.07664,-1.09357;j,209396,50555.4,-2.09768,2.27605;j,43866.9,42247.3,0.231251,-0.278939;j,68121.5,31243.9,-1.41323,-1.49311;j,28070.3,24732.4,0.495895,-1.36942;e+,88486.8,87374.3,0.15941,1.72509;e-,83250.3,82205.2,0.159288,1.72501;e-,18717.3,18464.2,0.165408,1.76291;
888014;ttbar;0.00167696;45161.1;-0.676824;b,73104.9,70533.8,-0.253643,-3.11996;j,157911,41960.5,1.99842,-0.0682252;m+,146033,56718,1.59884,-0.432159;m-,37781.9,34044.9,-0.464355,-1.61896;m-,48486.1,24511.9,1.3042,-2.84272;
888235;ttbar;0.00167696;107274;-0.959197;j,99370,98309.7,-0.0634005,1.72723;b,46684.4,34739.9,0.788468,-2.14807;j,1.37748e+06,30945.6,4.48878,-2.55946;e-,22334.1,19850.7,0.495134,1.05937;m+,68468.4,44859.9,0.98556,2.025;m+,42397.7,36413.3,0.565736,-0.880073;
896864;ttbar;0.00167696;67987.4;2.0159;b,211138,55233.7,-2.01535,0.257335;e-,97290.6,63107.4,-0.998796,-2.09128;e+,40876.7,30679.5,-0.79428,-0.172313;m-,37611.5,14801.6,1.58454,0.688461;
954058;ttbar;0.00167696;39482.2;1.2959;j,425176,383944,0.446272,-2.87906;j,541330,299478,1.186,0.119915;j,59562.8,58534.8,-0.0942936,2.87858;j,1.11216e+06,48398.9,-3.82718,0.492518;j,36340.7,32702.2,-0.455102,1.09452;e-,53786.5,40637.6,0.784195,-0.935327;e-,32616,24552,0.789801,-0.951852;e+,20482.4,15444.9,0.787174,-0.933108;
954958;ttbar;0.00167696;69645.7;-0.922952;j,273665,63968.5,-2.13207,1.22546;j,258955,51988.3,-2.28805,-0.619717;j,88681.5,36632.1,1.52613,2.25461;j,91125.1,31068.1,1.73519,-3.07454;j,30048.3,27045.5,-0.450455,2.09757;j,53673.4,25823.4,-1.34674,-0.785772;e-,52710.1,50698.7,-0.28076,-2.91008;m+,79946.3,68818.4,0.561283,-1.53942;m+,29856.1,14506.4,1.34988,1.15798;
967446;ttbar;0.00167696;34521.1;-2.55526;b,92075.7,57238,1.04786,1.20712;j,94877.5,33888.4,1.68728,-1.57848;m-,91105.8,52859.4,1.14018,-0.334949;m+,142300,33343.2,2.13021,1.04883;m+,130001,25987.7,2.29292,-1.05901;
1010695;ttbar;0.00167696;84071.5;-2.61604;b,62477,40529.5,0.993411,0.588522;j,41211,39967.1,-0.122404,-0.244316;m+,112185,59373.4,1.25066,-2.36744;m-,57467.4,55402.2,0.272194,2.12432;m+,26770.1,10358.8,-1.60285,0.747886;
1022564;ttbar;0.00167696;126800;2.74464;j,548743,186354,1.74168,-1.99667;j,208185,163638,-0.704812,0.667768;b,62716.8,56502,-0.380547,1.46672;e-,126571,51426.7,1.5497,-0.309316;e-,18869.9,11007.7,1.13353,-1.08044;m+,66551.9,54613.9,0.649704,2.53047;
1023071;ttbar;0.00167696;116677;0.542619;b,180489,150771,-0.609254,0.578507;b,117041,106116,0.40361,-1.94334;j,48966,27249.8,-1.18181,3.05624;j,85041.4,26747.5,1.82085,2.48401;e-,139694,138395,0.136898,-2.71766;e+,78007.4,77999.2,0.0144761,0.696294;e-,75800.8,74665.1,0.174196,-2.71086;
1027215;ttbar;0.00167696;43879;-2.21623;j,24379,24125.2,-0.0493707,-0.430932;e+,101012,70234.4,0.904981,1.54957;e+,19870,19769.3,0.100896,-1.58851;m-,117368,83436.8,0.873786,-1.70702;
1039415;ttbar;0.00167696;52908.8;-1.95203;j,95818.9,65858.1,0.9147,2.45183;b,162851,65377,1.56092,1.00274;j,297389,42511.8,2.63283,0.887759;e-,50603.5,30403.8,1.0969,-0.268997;e-,39865.5,23465.7,1.12242,-0.266649;e+,30837.2,18200.1,1.11911,-0.269145;g,145232,58591.6,1.55746,-2.25362;
1049611;ttbar;0.00167696;53767.7;0.983707;b,171277,129175,0.783413,-2.04444;e-,285926,133976,1.39117,1.00433;e+,79932.6,76668.6,-0.29077,-2.27353;m+,154544,27276.2,2.41973,0.326077;
1060646;ttbar;0.00167696;80335.5;-2.4425;b,424167,95326.7,-2.17269,1.15418;j,1.22608e+06,29094.3,-4.43403,-0.3391;e+,187167,62370.1,-1.76307,-0.315838;e-,110363,56839.6,1.2826,3.01854;m+,20743.8,19246.8,0.391863,1.64433;
1083925;ttbar;0.00167696;77187;-2.69214;b,237613,120384,1.2983,-0.604987;j,83179.2,78985.8,0.280397,1.76366;e+,72537.7,71866,0.136617,2.84179;e-,44912.1,33717.4,0.79387,0.0932081;m-,20278.6,18264.4,0.465394,0.138634;
1091039;ttbar;0.00167696;100743;-2.82072;j,211225,69378.7,1.77788,0.505641;j,55703.2,54511,0.0603533,-0.00962807;e+,17648.1,10642.2,1.09232,2.47328;m-,56647.7,29726.7,-1.26066,1.03244;m+,35581.5,12949.6,-1.66901,-2.4568;
1109906;ttbar;0.00167696;97838.5;0.932213;j,364180,60521,-2.47977,2.67445;j,221582,36492.6,-2.48944,-0.437354;j,50303.7,32502.7,0.990968,-2.10019;e+,154925,45018.6,1.9072,-1.62494;m-,322477,111733,1.7216,1.31243;m+,97077.1,17831,2.37917,-1.34479;
1129167;ttbar;0.00167696;46430;-0.142779;j,164005,161253,0.166124,2.47356;j,155127,105438,-0.930048,-1.25036;j,30751,30559.9,-0.0116038,-3.02722;e+,39548.8,33682.2,-0.581967,0.122549;m-,21437.1,17658.5,-0.643037,0.170411;m-,26360,16231.1,1.06598,-1.59062;
1144445;ttbar;0.00167696;21803.9;-0.984198;j,183850,67393.4,1.65724,-1.51563;j,57575,56842.4,0.147538,3.05898;j,165993,27645.2,2.47823,-2.29985;e+,114583,97159.1,0.590276,1.37656;e-,14668,10784.8,-0.825009,-0.806385;m+,15145.4,11823.8,-0.732996,-0.811535;
1171134;ttbar;0.00167696;73199.2;-2.85837;j,511265,68696,-2.6954,1.45112;e-,49926.8,31328.9,-1.04185,-0.836425;e+,21588.1,19081.4,-0.507133,0.607198;m-,23938.8,19153.2,0.692947,2.31196;
1190436;ttbar;0.00167696;94319.4;2.59756;b,185116,41744.9,2.16798,-1.46792;e+,212173,83097.2,1.58977,-0.734766;e-,144734,54944.6,1.62357,0.587804;m-,136381,30922.5,2.16401,-2.81076;
1198846;ttbar;0.00167696;72372.6;0.0407345;j,583845,215491,-1.65283,2.93089;b,191175,54596.6,-1.92134,-0.355458;j,43588.6,25704.5,-1.11435,-0.0922845;e+,102058,72152.4,0.881637,-0.689535;m-,91790.8,83683.1,-0.436715,0.397409;m-,50293,39518.6,0.722605,0.42611;
1199290;ttbar;0.00167696;29020.7;1.03558;j,128916,120225,0.357683,-2.27254;j,529780,69321.2,-2.72246,-0.686115;j,245775,60612.4,-2.07664,-1.09357;j,209396,50555.4,-2.09768,2.27605;j,43866.9,42247.3,0.231251,-0.278939;j,68121.5,31243.9,-1.41323,-1.49311;j,28070.3,24732.4,0.495895,-1.36942;e+,88486.8,87374.3,0.15941,1.72509;e-,83250.3,82205.2,0.159288,1.72501;e-,18717.3,18464.2,0.165408,1.76291;
1205617;ttbar;0.00167696;45161.1;-0.676824;b,73104.9,70533.8,-0.253643,-3.11996;j,157911,41960.5,1.99842,-0.0682252;m+,146033,56718,1.59884,-0.432159;m-,37781.9,34044.9,-0.464355,-1.61896;m-,48486.1,24511.9,1.3042,-2.84272;
1205838;ttbar;0.00167696;107274;-0.959197;j,99370,98309.7,-0.0634005,1.72723;b,46684.4,34739.9,0.788468,-2.14807;j,1.37748e+06,30945.6,4.48878,-2.55946;e-,22334.1,19850.7,0.495134,1.05937;m+,68468.4,44859.9,0.98556,2.025;m+,42397.7,36413.3,0.565736,-0.880073;
1214467;ttbar;0.00167696;67987.4;2.0159;b,211138,55233.7,-2.01535,0.257335;e-,97290.6,63107.4,-0.998796,-2.09128;e+,40876.7,30679.5,-0.79428,-0.172313;m-,37611.5,14801.6,1.58454,0.688461;
1290617;ttbar;0.00167779;228971;1.50685;j,450239,135645,-1.86756,-2.11173;j,646745,112086,-2.43785,-0.911206;j,111798,25842.6,-2.14207,-3.03502;e+,74286.9,38497.3,-1.27536,-0.946437;m-,237745,95746.3,-1.55938,1.98743;m-,52543.7,26726.3,-1.2971,0.386666;
1302243;ttbar;0.00167779;93223.1;-2.59105;j,219867,113073,1.28258,1.23774;b,152469,35775,2.12753,-0.469699;j,247636,30238.6,2.79206,1.18097;e-,27889.8,27659.5,-0.128946,-1.72216;e+,13102.8,12994.5,-0.129044,-1.722;m-,65500.4,63853.7,0.226614,-3.13064;
1304043;ttbar;0.00167779;60612.5;1.65598;b,104515,77585.1,-0.779013,-1.23034;j,49462.4,45421.5,0.404579,1.22317;j,41814.5,40065.6,-0.237989,-2.23083;m-,31105.8,31090.7,0.0310698,2.33463;m+,15728.3,14042.1,0.48525,2.27593;m-,11260.9,11260.4,-0.00140114,2.36978;
1334464;ttbar;0.00167779;32711.1;0.079831;j,56293.7,33118.5,1.11546,-1.70816;e-,127021,73086.9,1.15037,1.70238;e+,38062.1,35384.9,-0.386586,-2.06516;e+,35601.1,14483.9,1.54827,-0.226222;
1344305;ttbar;0.00167779;99542.7;-1.53417;b,73470.3,47889.8,-0.988004,1.71251;e-,30906,14163.4,-1.41624,0.531758;e+,28827.9,13210.7,-1.41627,0.53193;m-,64858.7,61803.3,-0.313159,-0.848633;
1383457;ttbar;0.00167779;124024;-2.83778;j,806694,124344,-2.55682,0.997362;b,95961.2,93525.3,0.135113,-1.39837;e+,58253.5,53840.1,0.402187,0.633952;m-,103244,102845,-0.0880354,-2.54503;m+,88605.5,27912.9,1.82246,1.6489;
1418702;ttbar;0.00167779;48883.9;-0.139062;b,60177.8,53814.2,0.454472,-2.5392;j,67377.3,41315.8,-1.05745,2.03317;e-,30019.1,19507.4,-0.996397,-1.30161;e-,24332.6,18686.7,0.758997,1.20524;m+,16719.6,12179.9,-0.838568,-1.2454;
1419142;ttbar;0.00167779;89138.2;1.9952;j,58067.9,28161.9,-1.34875,0.816617;e-,163570,70974.4,-1.47728,-1.36612;e-,98149.9,24860.8,-2.04991,-1.58311;m+,32932.7,32923.1,-0.0238898,2.60895;
1440522;ttbar;0.00167779;65307.2;-1.22583;e-,32045.2,30862.3,0.275982,1.42138;m-,223527,222783,-0.0817356,-1.60351;m+,65033.1,40649.2,-1.04685,1.11152;
1449873;ttbar;0.00167779;58625.9;2.99798;j,279216,158593,-1.15751,-1.44064;b,53773.6,31959,1.10124,-2.0948;j,188548,24121.1,-2.7447,0.169183;e-,343240,124380,1.67366,1.54087;e+,36400,34474.7,-0.332667,1.14664;e-,45158,21844.5,1.35494,1.33059;
1605328;ttbar;0.00167779;228971;1.50685;j,450239,135645,-1.86756,-2.11173;j,646745,112086,-2.43785,-0.911206;j,111798,25842.6,-2.14207,-3.03502;e+,74286.9,38497.3,-1.27536,-0.946437;m-,237745,95746.3,-1.55938,1.98743;m-,52543.7,26726.3,-1.2971,0.386666;
1616954;ttbar;0.00167779;93223.1;-2.59105;j,219867,113073,1.28258,1.23774;b,152469,35775,2.12753,-0.469699;j,247636,30238.6,2.79206,1.18097;e-,27889.8,27659.5,-0.128946,-1.72216;e+,13102.8,12994.5,-0.129044,-1.722;m-,65500.4,63853.7,0.226614,-3.13064;
1618754;ttbar;0.00167779;60612.5;1.65598;b,104515,77585.1,-0.779013,-1.23034;j,49462.4,45421.5,0.404579,1.22317;j,41814.5,40065.6,-0.237989,-2.23083;m-,31105.8,31090.7,0.0310698,2.33463;m+,15728.3,14042.1,0.48525,2.27593;m-,11260.9,11260.4,-0.00140114,2.36978;
1649175;ttbar;0.00167779;32711.1;0.079831;j,56293.7,33118.5,1.11546,-1.70816;e-,127021,73086.9,1.15037,1.70238;e+,38062.1,35384.9,-0.386586,-2.06516;e+,35601.1,14483.9,1.54827,-0.226222;
1659016;ttbar;0.00167779;99542.7;-1.53417;b,73470.3,47889.8,-0.988004,1.71251;e-,30906,14163.4,-1.41624,0.531758;e+,28827.9,13210.7,-1.41627,0.53193;m-,64858.7,61803.3,-0.313159,-0.848633;
1698168;ttbar;0.00167779;124024;-2.83778;j,806694,124344,-2.55682,0.997362;b,95961.2,93525.3,0.135113,-1.39837;e+,58253.5,53840.1,0.402187,0.633952;m-,103244,102845,-0.0880354,-2.54503;m+,88605.5,27912.9,1.82246,1.6489;
1733413;ttbar;0.00167779;48883.9;-0.139062;b,60177.8,53814.2,0.454472,-2.5392;j,67377.3,41315.8,-1.05745,2.03317;e-,30019.1,19507.4,-0.996397,-1.30161;e-,24332.6,18686.7,0.758997,1.20524;m+,16719.6,12179.9,-0.838568,-1.2454;
1733853;ttbar;0.00167779;89138.2;1.9952;j,58067.9,28161.9,-1.34875,0.816617;e-,163570,70974.4,-1.47728,-1.36612;e-,98149.9,24860.8,-2.04991,-1.58311;m+,32932.7,32923.1,-0.0238898,2.60895;
1755233;ttbar;0.00167779;65307.2;-1.22583;e-,32045.2,30862.3,0.275982,1.42138;m-,223527,222783,-0.0817356,-1.60351;m+,65033.1,40649.2,-1.04685,1.11152;
1764584;ttbar;0.00167779;58625.9;2.99798;j,279216,158593,-1.15751,-1.44064;b,53773.6,31959,1.10124,-2.0948;j,188548,24121.1,-2.7447,0.169183;e-,343240,124380,1.67366,1.54087;e+,36400,34474.7,-0.332667,1.14664;e-,45158,21844.5,1.35494,1.33059;
1894851;ttbar;0.00167668;350808;0.543907;b,222795,73831.4,-1.76731,-1.90599;j,416291,51590.2,-2.7768,-1.08772;j,745287,27859.7,-3.97934,-2.87596;j,61674.3,26458.8,1.48343,1.30199;b,31879.4,23764.1,0.795761,2.26762;e-,415072,253991,-1.07388,-2.67965;e-,17024.1,11307.2,0.967415,2.80565;m+,266833,204097,0.765265,0.645315;
1907798;ttbar;0.00167668;154718;2.84874;b,125540,63560.8,-1.29848,2.77341;e-,317874,195584,-1.06693,-0.380661;e+,17245.3,17213.7,0.0605674,-1.39192;m+,190640,188557,-0.148485,2.75029;
1941111;ttbar;0.00167668;84019.7;1.11087;j,2.19789e+06,78880.8,4.02012,2.16572;e-,133104,126434,-0.323413,-1.60907;m-,72613.6,72472.1,-0.0624676,1.37182;m+,16466.6,14196.2,0.558238,-3.13005;
1980038;ttbar;0.00167668;56302.5;-3.11046;j,598392,71119.8,2.81923,-1.24216;j,114103,58346.9,-1.2815,2.07198;j,394436,33858.2,-3.14634,1.51872;j,306068,32044.6,2.94684,2.33116;e+,92751.1,83934,-0.454443,-0.309199;m-,89644.2,64578.3,0.854809,-2.16781;m-,15302.9,15075.6,-0.173287,-3.12083;
2017794;ttbar;0.00167668;88726.6;1.91167;j,88663.1,28132.2,1.81098,0.594049;j,40159.1,28105.9,-0.882404,-0.778862;b,34393.8,25500.1,-0.797226,1.79818;e-,65289.9,65279.3,-0.0180093,-1.85833;e+,22578.8,22575,-0.0182885,-1.85924;e-,11696.2,11694.1,-0.0186545,-1.85838;
2025133;ttbar;0.00167668;65587.7;1.73894;j,1.38606e+06,238741,-2.44441,-0.842837;b,199797,154237,-0.745136,3.05503;j,698736,92811.8,-2.70704,0.966125;j,973750,71071.5,-3.30899,2.65188;e+,14650.2,13455.4,0.418364,-2.12715;m-,63055.2,41466.9,-0.980635,2.02381;m+,70373.9,23786.6,-1.74798,2.08145;
2027164;ttbar;0.00167668;55374.1;1.64574;b,181671,178190,-0.146697,0.748282;j,1.27958e+06,85845.4,-3.39369,-2.98922;b,61047.7,59553.4,-0.0261968,2.21867;e+,377668,172082,-1.4227,-1.61407;e-,16564.9,15604.4,0.349075,-1.52306;e+,16348.9,15438.5,0.341766,-1.52311;
2030426;ttbar;0.00167668;113520;-2.42288;j,645365,255577,-1.57698,0.295581;b,85742.9,83106.6,0.20584,-3.0812;j,134481,82051.7,1.07131,1.80241;j,101877,27859.3,1.96717,3.00932;e+,81946.8,81946.2,-0.00391689,-2.27475;e-,26555.5,25159.5,0.3316,0.392384;m+,13258.2,10323.9,0.73709,-1.21372;
2042856;ttbar;0.00167668;79424.3;-2.82585;j,118650,112209,0.206831,0.660249;j,60041.3,53358.6,-0.488335,-1.84523;m+,52851.1,42163.3,-0.697773,0.844925;m+,45534.6,34063.5,0.799233,-1.44659;m-,13311.8,13222.1,0.116184,2.48211;
2072052;ttbar;0.00167668;45399.6;-0.785134;b,31235.8,28454.4,-0.338385,-2.34948;j,33275.4,25182.3,0.749715,2.59027;e-,54999.2,54321.1,0.157848,1.13178;m+,17274.7,14618.7,-0.593996,-0.354786;m+,65708.5,10939.7,2.47897,-1.12398;
2085046;ttbar;0.00167668;58558.6;-2.56642;j,297553,200149,-0.945641,1.38147;j,424718,170335,1.56318,-0.260184;j,99996.2,57182.7,-1.14467,-0.731442;j,230511,51893.2,-2.16896,3.1211;j,624480,42267,-3.38482,-2.06736;j,367109,31127.1,3.15856,-1.58898;j,56803.3,28600.2,-1.2897,-1.80844;e-,221071,119244,1.22819,3.03389;m+,152689,32570,2.22659,-2.79067;m+,25432.3,10029.8,1.58223,0.655749;
2154534;ttbar;0.00167668;47799.2;0.358169;j,193507,36521.8,2.35082,-0.0557903;e+,73413.8,59119.4,-0.682099,-2.75434;m-,104959,80232.9,0.766199,1.20228;m+,13245.2,11579.9,-0.530015,-2.50958;
2185087;ttbar;0.00167668;39268;0.46498;b,197596,51518.4,2.01925,-0.0945312;j,64522,37045.3,-1.1435,2.25558;e+,592134,108726,2.37951,-2.24177;e-,24878.4,24830.3,0.0622046,1.11973;m-,130773,32395.1,2.0729,2.00214;
2200760;ttbar;0.00167668;53788.7;0.956724;b,75664.2,70906.5,0.024826,-3.00162;j,66735.1,38351,-1.1465,-2.05592;j,44801.4,29429.1,0.968744,-1.63194;e-,36332.6,32934.5,-0.450448,0.435753;m+,25709.6,23114.9,-0.469473,0.38536;m-,12145.8,10914.1,-0.470637,0.382083;
2205500;ttbar;0.00167668;124830;2.39404;j,193263,139090,-0.854562,-1.16724;j,112187,31463.1,1.94329,0.849925;e+,59722.6,16132.5,-1.98326,0.806984;m-,243681,57494.8,-2.1231,2.59557;m-,39542.6,39084.9,-0.152863,-0.726014;
2207382;ttbar;0.00167668;64258.4;1.72864;b,185529,82802.1,-1.44348,-1.59967;e-,46061.7,30705,-0.962547,1.18511;m-,20839.5,20286.8,-0.232858,0.768698;m+,22191.1,12271.7,-1.19843,2.17729;
2208879;ttbar;0.00167668;74270.5;1.2188;j,100490,59134.7,-1.11913,-2.15888;b,28127.8,25045.8,0.418757,-2.00586;m-,234723,163843,-0.899535,-2.71932;m+,349224,138221,1.57832,0.315771;m+,17404.1,17316.6,-0.100314,1.06739;
2212681;ttbar;0.00167668;350808;0.543907;b,222795,73831.4,-1.76731,-1.90599;j,416291,51590.2,-2.7768,-1.08772;j,745287,27859.7,-3.97934,-2.87596;j,61674.3,26458.8,1.48343,1.30199;b,31879.4,23764.1,0.795761,2.26762;e-,415072,253991,-1.07388,-2.67965;e-,17024.1,11307.2,0.967415,2.80565;m+,266833,204097,0.765265,0.645315;
2225628;ttbar;0.00167668;154718;2.84874;b,125540,63560.8,-1.29848,2.77341;e-,317874,195584,-1.06693,-0.380661;e+,17245.3,17213.7,0.0605674,-1.39192;m+,190640,188557,-0.148485,2.75029;
2258941;ttbar;0.00167668;84019.7;1.11087;j,2.19789e+06,78880.8,4.02012,2.16572;e-,133104,126434,-0.323413,-1.60907;m-,72613.6,72472.1,-0.0624676,1.37182;m+,16466.6,14196.2,0.558238,-3.13005;
2297868;ttbar;0.00167668;56302.5;-3.11046;j,598392,71119.8,2.81923,-1.24216;j,114103,58346.9,-1.2815,2.07198;j,394436,33858.2,-3.14634,1.51872;j,306068,32044.6,2.94684,2.33116;e+,92751.1,83934,-0.454443,-0.309199;m-,89644.2,64578.3,0.854809,-2.16781;m-,15302.9,15075.6,-0.173287,-3.12083;
2335624;ttbar;0.00167668;88726.6;1.91167;j,88663.1,28132.2,1.81098,0.594049;j,40159.1,28105.9,-0.882404,-0.778862;b,34393.8,25500.1,-0.797226,1.79818;e-,65289.9,65279.3,-0.0180093,-1.85833;e+,22578.8,22575,-0.0182885,-1.85924;e-,11696.2,11694.1,-0.0186545,-1.85838;
2342963;ttbar;0.00167668;65587.7;1.73894;j,1.38606e+06,238741,-2.44441,-0.842837;b,199797,154237,-0.745136,3.05503;j,698736,92811.8,-2.70704,0.966125;j,973750,71071.5,-3.30899,2.65188;e+,14650.2,13455.4,0.418364,-2.12715;m-,63055.2,41466.9,-0.980635,2.02381;m+,70373.9,23786.6,-1.74798,2.08145;
2344994;ttbar;0.00167668;55374.1;1.64574;b,181671,178190,-0.146697,0.748282;j,1.27958e+06,85845.4,-3.39369,-2.98922;b,61047.7,59553.4,-0.0261968,2.21867;e+,377668,172082,-1.4227,-1.61407;e-,16564.9,15604.4,0.349075,-1.52306;e+,16348.9,15438.5,0.341766,-1.52311;
2348256;ttbar;0.00167668;113520;-2.42288;j,645365,255577,-1.57698,0.295581;b,85742.9,83106.6,0.20584,-3.0812;j,134481,82051.7,1.07131,1.80241;j,101877,27859.3,1.96717,3.00932;e+,81946.8,81946.2,-0.00391689,-2.27475;e-,26555.5,25159.5,0.3316,0.392384;m+,13258.2,10323.9,0.73709,-1.21372;
2360686;ttbar;0.00167668;79424.3;-2.82585;j,118650,112209,0.206831,0.660249;j,60041.3,53358.6,-0.488335,-1.84523;m+,52851.1,42163.3,-0.697773,0.844925;m+,45534.6,34063.5,0.799233,-1.44659;m-,13311.8,13222.1,0.116184,2.48211;
2389882;ttbar;0.00167668;45399.6;-0.785134;b,31235.8,28454.4,-0.338385,-2.34948;j,33275.4,25182.3,0.749715,2.59027;e-,54999.2,54321.1,0.157848,1.13178;m+,17274.7,14618.7,-0.593996,-0.354786;m+,65708.5,10939.7,2.47897,-1.12398;
2402876;ttbar;0.00167668;58558.6;-2.56642;j,297553,200149,-0.945641,1.38147;j,424718,170335,1.56318,-0.260184;j,99996.2,57182.7,-1.14467,-0.731442;j,230511,51893.2,-2.16896,3.1211;j,624480,42267,-3.38482,-2.06736;j,367109,31127.1,3.15856,-1.58898;j,56803.3,28600.2,-1.2897,-1.80844;e-,221071,119244,1.22819,3.03389;m+,152689,32570,2.22659,-2.79067;m+,25432.3,10029.8,1.58223,0.655749;
2472364;ttbar;0.00167668;47799.2;0.358169;j,193507,36521.8,2.35082,-0.0557903;e+,73413.8,59119.4,-0.682099,-2.75434;m-,104959,80232.9,0.766199,1.20228;m+,13245.2,11579.9,-0.530015,-2.50958;
2502917;ttbar;0.00167668;39268;0.46498;b,197596,51518.4,2.01925,-0.0945312;j,64522,37045.3,-1.1435,2.25558;e+,592134,108726,2.37951,-2.24177;e-,24878.4,24830.3,0.0622046,1.11973;m-,130773,32395.1,2.0729,2.00214;
2518590;ttbar;0.00167668;53788.7;0.956724;b,75664.2,70906.5,0.024826,-3.00162;j,66735.1,38351,-1.1465,-2.05592;j,44801.4,29429.1,0.968744,-1.63194;e-,36332.6,32934.5,-0.450448,0.435753;m+,25709.6,23114.9,-0.469473,0.38536;m-,12145.8,10914.1,-0.470637,0.382083;
2523330;ttbar;0.00167668;124830;2.39404;j,193263,139090,-0.854562,-1.16724;j,112187,31463.1,1.94329,0.849925;e+,59722.6,16132.5,-1.98326,0.806984;m-,243681,57494.8,-2.1231,2.59557;m-,39542.6,39084.9,-0.152863,-0.726014;
2525212;ttbar;0.00167668;64258.4;1.72864;b,185529,82802.1,-1.44348,-1.59967;e-,46061.7,30705,-0.962547,1.18511;m-,20839.5,20286.8,-0.232858,0.768698;m+,22191.1,12271.7,-1.19843,2.17729;
2526709;ttbar;0.00167668;74270.5;1.2188;j,100490,59134.7,-1.11913,-2.15888;b,28127.8,25045.8,0.418757,-2.00586;m-,234723,163843,-0.899535,-2.71932;m+,349224,138221,1.57832,0.315771;m+,17404.1,17316.6,-0.100314,1.06739;
2564626;ttbar;0.00167686;126639;2.12231;b,125098,124751,0.0286261,-1.29254;m-,38286.8,31971.4,-0.618624,0.492965;m+,20426.5,19529.3,0.301911,1.9455;m+,80756.8,14761.1,2.38413,-2.37071;
2617778;ttbar;0.00167686;37819.6;1.1941;j,528863,74010,2.65419,-2.97154;j,62556.2,54942.6,0.505682,0.791744;j,96642.3,52478.6,1.21642,-2.66675;j,96385.7,49730.1,1.27982,-0.775274;m-,72273.2,30906.3,1.49343,2.26786;m+,43377.7,18649.3,1.4875,1.83758;m-,25436.2,10941.9,1.48686,1.84039;
2623704;ttbar;0.00167686;34032.4;-0.0222703;b,71564,58854.6,0.635118,-1.9731;j,180427,27470.4,2.56851,-0.891819;e+,49128.9,37590.4,0.764751,1.97556;e-,27294,27244.7,-0.0601757,1.2026;e+,15233.3,15232.3,0.0111707,1.24173;
2666441;ttbar;0.00167686;59897.4;1.75612;j,129560,92457.4,0.854765,-1.74035;j,187963,75298.9,-1.56261,-1.25142;j,60324.5,44249.3,0.821741,2.02402;b,30225.8,29405,0.222112,2.9311;e+,163366,60767.6,1.64555,0.866003;e-,44999.1,16819.7,1.64033,0.871871;m-,27063.5,11740.5,1.47751,0.76398;
2687299;ttbar;0.00167686;36686.7;2.49969;j,83612.6,82995.9,0.0893961,0.353762;j,61628.2,60403,-0.139917,-0.491662;j,172698,43583.8,2.05238,-1.78711;j,77919.5,24048.5,-1.84103,1.81184;j,164874,23640.1,-2.62841,2.88622;e+,24699.2,21966.5,0.493782,-2.46111;e-,12159.9,10817.2,0.493238,-2.46027;m+,40848.1,40633.9,0.102613,-3.03103;
2690076;ttbar;0.00167686;132629;2.19535;b,189724,164633,-0.526957,-0.405571;j,80357.3,71378.2,0.4728,1.87333;b,44584.8,41878.3,0.34649,-2.54169;e-,105118,93264.9,-0.49897,-1.48875;e-,18814.3,18810.5,0.0200228,2.86378;m+,27847.3,19548.4,0.891607,-2.22317;
2702766;ttbar;0.00167686;82402.1;-2.36802;b,71581.4,64235.1,-0.461688,-0.530416;j,2.30385e+06,55260.1,-4.42328,1.70302;j,51765.3,51313.6,-0.0525012,2.63281;j,49707.9,29640.9,-1.10041,1.54369;j,28632.4,28305.9,-0.0607888,0.0670456;e+,52379.2,11493.7,-2.19759,-0.457121;e-,50136.6,11024.4,-2.19547,-0.461476;m+,28193.7,27600.8,-0.20687,0.789414;
2711345;ttbar;0.00167686;76036.4;-0.832734;j,349073,72483.8,-2.25334,2.96896;j,64800.7,46273.9,0.851617,0.945196;b,54784.2,43538.1,-0.686207,1.53045;e-,100255,79265.3,-0.712572,-2.8921;e+,94814.6,59263,-1.04688,0.328943;m+,12570.6,12076.4,-0.285008,-2.17951;
2778291;ttbar;0.00167686;61109.3;1.73716;b,288465,104099,1.67645,2.87185;j,132140,91642.5,0.904537,1.87595;e+,201749,187137,0.392644,-0.894235;e-,28010.7,25997.1,0.391081,-0.89504;m-,42433.2,27702,0.990312,2.63675;
2844900;ttbar;0.00167688;53240.4;-1.81842;j,842749,53542.5,-3.44825,1.83902;b,94733.6,42238.8,1.44568,-0.0340555;m+,123165,53954.6,-1.46668,-0.0223375;m-,80849.4,53524.5,-0.971767,-2.19589;m-,26705.2,26588.8,0.0934466,0.377037;
2889107;ttbar;0.00167688;41107.4;0.378926;j,258050,62804.6,-2.09091,-1.86234;j,232749,32451.2,2.65774,2.77822;j,560990,29293.8,3.64467,0.253166;e+,28562.2,24694.7,-0.552603,1.62897;m+,146079,56719.5,1.59916,0.44065;m-,19444.4,16424.5,-0.597451,1.69841;g,26358.2,20928.9,-0.705575,-1.09317;
2937987;ttbar;0.00167688;65583.4;1.89203;j,81612,29523,1.67523,-2.42967;e-,66069.3,52644.3,0.699794,-0.526612;m+,69487.9,34138.5,-1.3372,-2.4899;m-,18404.2,17242.8,-0.364949,-0.292079;
2955200;ttbar;0.00167688;52147.3;-2.76042;j,743382,54073.9,3.31254,-0.650196;j,67011.2,53870.8,0.683234,1.65929;b,52742,41041.4,-0.732245,-0.671944;e+,49612.7,25631.2,1.27898,2.97906;e-,30139.6,15572,1.27889,2.97897;m+,63643.2,32143.3,1.30532,2.91613;
2974625;ttbar;0.00167688;43616.3;0.227375;b,43280.4,42267.8,-0.0747554,-2.67073;m+,90829.3,59613.5,-0.983271,-1.33485;m-,37189.2,22008.5,-1.11575,-1.58963;m+,37525.3,16716.6,1.44798,1.81867;
3038164;ttbar;0.00167688;47452.3;-0.118305;j,116027,81999.7,-0.880143,-2.05127;b,289189,49213.4,-2.45591,2.5618;e+,249975,53250.2,-2.22796,1.13466;e+,15335.9,15269.3,-0.0933679,-0.157933;m-,10432.5,10365.5,-0.113175,-0.0980433;
3053330;ttbar;0.00167688;53401.2;2.69357;j,1.32587e+06,201050,2.57352,0.426622;b,906130,138641,2.56409,2.87075;j,172809,124557,0.844059,-1.29083;j,83306.6,57067.2,0.92029,-0.419373;e-,111964,97156.5,0.545316,-2.63377;e-,66545.9,21539.5,1.79387,1.7354;m+,178351,54246.4,1.85939,2.03486;
3063761;ttbar;0.00167688;101128;0.999499;b,78688.1,74109.7,-0.328766,-1.52134;j,68546.7,28490,1.51761,-1.32802;e+,75231.8,72144.5,0.291518,2.89419;m-,64353.8,61078.4,0.326045,1.11113;m-,20378,15305.4,-0.793179,3.05194;
3088413;ttbar;0.00167688;32090.7;-1.63606;j,82971.5,62854.7,0.765344,-1.97391;b,66632.6,54212.7,0.65936,1.30968;e-,99543.3,98650,0.134474,1.85139;e+,92888.9,54780,-1.12008,-0.55851;m-,55156.3,31219.3,-1.17038,-2.28015;
3141398;ttbar;0.00167688;120744;-2.20492;j,561709,102039,2.38966,0.757161;j,214561,53730,-2.06031,-1.98141;j,420898,53321.8,2.7549,1.28543;j,297462,47808.5,-2.51314,1.57371;j,42647.3,29657.7,-0.895341,-0.901134;j,47203.6,28808.5,-1.07407,-1.85182;m+,99916.1,59237.5,-1.1135,0.0403596;m-,43825.4,31028.8,0.879565,2.72647;m+,18614,16569.7,0.491732,-0.233134;
3142061;ttbar;0.00167688;153034;-1.04543;j,108144,96144.4,0.486424,1.96729;j,1.09575e+06,69169.2,-3.45473,2.88557;b,86365.9,66344.9,-0.737512,2.65751;j,178221,58564.6,1.77351,-0.0854196;j,31924.1,29083.8,0.408213,-0.439612;m+,141053,131663,-0.375463,-1.06196;m+,27024.5,25807.8,-0.305846,-1.05003;m-,18916.2,18105.4,-0.29812,-1.04844;
3160808;ttbar;0.00167688;43583.8;-0.416754;b,172734,57626.5,1.76046,2.94951;e-,22812.2,21369.3,0.365453,0.705792;m+,195996,93958.7,1.36523,1.24339;m-,22951.7,20413.4,0.493641,2.17111;
3193278;ttbar;0.00167794;62113.8;-0.320685;b,347474,106156,-1.85189,2.42881;j,121256,61958.5,-1.28977,-0.601091;b,91665.8,28023.2,1.8533,-0.732187;e+,34430.6,29172.5,0.591736,2.26243;e-,30155.8,13931.1,1.40719,-2.65263;m+,41789.6,21684.6,1.27384,-2.70883;
3253412;ttbar;0.00167794;18543.3;0.83869;b,268140,57729.1,2.2157,-1.83813;e-,88345.7,81056.8,0.420968,0.298489;e+,230035,67438.4,1.89795,3.0375;m-,74037.4,59508.2,-0.685298,-0.505678;
3260965;ttbar;0.00167794;82805.8;0.763201;j,771065,79563,-2.96158,2.6867;j,83856.5,50078.5,-1.09549,-1.7452;j,36162.3,31017.6,0.539796,-1.30459;m+,73192.8,58658.3,-0.690184,0.467349;m+,13927.4,11675,-0.611531,0.443382;m-,12199.7,10210.1,-0.614502,0.670542;
3281626;ttbar;0.00167794;36696.7;-2.56563;j,54426.3,38410.2,0.869393,1.41351;m-,29461.6,18187.4,-1.06273,-2.11192;m+,17625.5,12691.6,-0.855413,-0.117792;m+,12132.9,11551.7,-0.31578,-0.811594;
3286745;ttbar;0.00167794;53636.1;-1.90083;j,138228,63864.7,-1.40075,-1.28021;b,52072.4,47212.5,-0.4196,0.563556;j,118327,29103.8,-2.07664,1.59325;j,47568.7,24791.9,1.2679,2.8009;e+,84163,81932.2,-0.232827,1.82804;m-,66373.2,30916.5,-1.39787,-0.253306;m-,65537.8,19090.9,-1.90464,-0.433291;
3287231;ttbar;0.00167794;42781;-0.0473111;j,183318,49590.5,1.97862,-2.9118;e+,92199.5,31400.1,1.73995,-0.790742;e-,30798.6,29105.4,0.33947,1.74012;m-,12315.2,11871.8,0.272301,1.79724;
3300971;ttbar;0.00167794;41961.8;2.48011;b,108872,108235,0.0117564,0.450237;b,86636.2,81039.6,0.166478,-2.45051;j,95418.6,48799.6,1.284,2.71915;j,63739.1,28480,-1.43847,-0.178125;e+,26380.8,15981.6,1.08654,-0.972075;m-,27394.3,26408.4,-0.272379,-0.132642;m+,17171.4,10894.3,1.02764,-1.04535;
3306335;ttbar;0.00167794;96924.8;2.56557;j,102655,54138.2,-1.24052,-1.70164;e+,371380,163474,-1.46133,-0.145975;e-,103366,43781.5,1.504,2.77239;m+,14791,11023.4,-0.804838,0.899366;
3319939;ttbar;0.00167794;92904.3;1.80079;j,44300.6,42581.5,0.197619,-0.0339739;e-,87920.7,67460.5,0.760384,-1.3253;e+,25935.6,25717.6,-0.130131,-2.76041;m+,27290.6,26589.4,-0.229127,1.97516;
3378332;ttbar;0.00167794;19119.7;0.574372;b,66791.6,57358.9,-0.557211,-1.87589;j,562000,43791,-3.24342,-2.61127;j,48330.5,26357.6,1.21211,-2.85959;e-,107437,69930.5,0.994244,1.09469;e-,29876.1,16969.9,-1.16611,0.171766;m+,72852.6,41414.8,-1.16512,0.172291;
3405264;ttbar;0.00167794;67824.3;-2.90737;b,108261,35179.5,1.78635,0.473632;j,209504,23247.7,2.88824,0.576987;m+,372733,88222.1,2.11984,-2.74442;m-,154760,57720.9,1.64266,-0.780054;m+,14064.8,13937.8,-0.134704,0.812557;
3407912;ttbar;0.00167794;169784;2.29997;j,145763,128331,-0.506106,-0.626777;j,136486,72523.6,-1.24128,-0.882471;j,297448,63609.6,-2.22337,-0.751791;j,120835,40460.5,-1.75506,-1.82628;j,723248,36076,-3.69058,1.70925;e-,55868.6,52974.9,-0.329042,2.41243;e+,15451.7,15051.1,-0.23019,2.34173;m-,141643,111717,0.716523,2.52952;
3492122;ttbar;0.00167739;68314.7;1.75683;b,59082.5,54896.1,-0.357938,-1.0069;j,35084,34162.6,-0.205118,1.39711;e-,184606,74946.2,-1.55059,-2.04779;m+,65474.8,60450.5,0.404937,2.95342;m-,44350.9,28342.3,-1.01828,0.583769;
3500926;ttbar;0.00167739;45241.5;0.618054;j,409254,282669,-0.892774,-2.22676;j,905322,111864,-2.78005,-0.323514;j,523658,97613.8,2.36336,-1.60815;j,111382,90908,0.647143,0.852894;b,186257,40848.6,-2.19663,-1.44906;e+,197930,153462,-0.743988,1.91536;e+,77543.1,76158.4,-0.190403,0.74804;e-,57156.3,56182.7,-0.185899,0.749536;
3529542;ttbar;0.00167739;78776;-0.909947;b,67258.8,42896,0.997082,1.17385;e-,417316,81125.6,2.32141,2.82866;m-,95967.2,25578.2,1.99716,-0.452718;m+,27066.3,23267.6,0.563902,2.4372;
3564278;ttbar;0.00167739;64119.2;-0.656704;j,93033.6,75351,0.632795,1.46627;j,49338.6,41340,0.583115,2.88142;j,170255,37591.3,-2.18891,0.20445;j,355732,30096.3,3.1608,-2.19189;e+,25251.4,22635.3,0.476276,-2.08398;e-,12261.3,10991.1,0.476249,-2.08402;m-,44692.1,44442.1,0.105982,-1.05107;
3568933;ttbar;0.00167739;66663.1;0.60935;j,131185,34727.6,2.00288,3.08279;b,64691,33678.2,-1.26125,-1.24961;e+,11180.3,11152.6,0.0705318,2.32256;m+,86205.3,81526.3,-0.337199,-1.3451;m-,64020.9,63115.6,-0.16917,2.29659;
3582037;ttbar;0.00167739;34189.5;-1.30462;j,199040,137363,0.89124,-3.10107;j,400081,105383,-2.00733,0.397875;j,174552,48668,-1.94796,-0.780369;j,47956.3,45070.8,0.331393,0.181019;j,484493,31568.6,-3.42277,-1.00399;j,50302.9,25523.6,1.29173,2.67256;e+,107385,54723.7,-1.29493,1.84859;e-,16363.2,15762,-0.275336,-1.86519;m+,33919.7,31833.6,-0.360069,-1.78647;
3588573;ttbar;0.00167739;78157.1;2.17315;j,253852,115735,-1.42035,-1.48341;j,71303.2,69232.6,0.122449,1.53001;j,248072,60457.5,-2.08886,-0.790608;j,467893,58299.6,-2.77112,1.23586;e-,22456.7,20095.2,0.480178,-2.19792;e+,13148.8,11766.2,0.480153,-2.19798;m+,16991.3,16386.2,0.27087,-1.91267;
3600107;ttbar;0.00167739;63567.1;-2.14952;j,970753,40976.7,3.85771,1.27817;b,72704.9,39143.4,1.21562,0.118555;j,53252.9,38038.3,-0.852647,-2.94835;b,37302.6,36318.5,0.176895,1.24217;e-,44311.7,36648.2,-0.635933,-0.99671;e-,17760,17677.4,0.0966412,2.78445;m+,95158.7,27017.6,-1.93141,-0.521411;
3607318;ttbar;0.00167739;185555;-0.511521;j,109001,101492,0.368384,2.7958;j,2.06547e+06,83155.3,3.90513,-2.69725;j,65785,65195.8,-0.0664667,2.06254;j,56408.2,54100.3,-0.221562,0.707236;b,48600.2,31622.9,0.984015,-1.69927;j,375931,23807.1,-3.45137,1.83854;m+,75801.2,39079.9,-1.28139,-0.60571;m-,61296.5,29037.1,-1.37878,-0.779577;m+,28901.7,14657.7,-1.3005,-0.545541;
3617235;ttbar;0.00167739;103604;1.21704;j,246018,80807.5,-1.77709,2.92197;b,108189,71667.6,0.966479,-2.14591;j,262809,26610.7,-2.98055,-1.407;j,1.11308e+06,23190.9,4.56414,1.11481;e+,105683,54206.5,1.28738,-0.791638;e+,10490.4,10147.4,0.2593,-0.629554;m-,26955.8,15195.2,1.17532,-2.83903;
3619524;ttbar;0.00167739;135639;1.35337;b,443731,81232,2.38219,-1.57281;j,584590,79727.2,-2.68054,3.10082;j,186262,35339.2,2.34573,-0.260577;e+,48516.4,37728.7,0.739261,-1.15245;e-,15942.1,12917.8,-0.67158,-0.378316;m+,120730,55106.1,-1.42074,0.789999;
3632468;ttbar;0.00167739;98037.8;-2.28898;j,209612,91383.9,-1.46594,2.67866;j,91651.1,86913,-0.168685,-0.657699;j,84168.4,83468,-0.123788,0.122136;j,65351.1,54039.5,-0.62649,1.15176;j,59459.6,49680.3,0.563043,2.67117;j,143764,26060.1,-2.39122,0.737756;m+,41344.3,38475.7,0.383782,-2.40161;m-,37648.4,35575.7,0.339708,-2.50462;m+,27018.9,25128.3,0.385491,-2.43656;
3635967;ttbar;0.00167739;70106.7;1.97974;j,74792,67892.2,0.443149,-1.34013;j,114260,65574.5,1.15005,-0.257639;e+,26756.8,26307.5,0.184557,2.28117;e-,14379.1,14140.7,0.183361,2.28095;m-,121867,73202,1.09721,2.08867;
3645090;ttbar;0.00167739;132798;0.885028;b,108612,107579,-0.116941,-2.69351;j,66755.1,66146.8,-0.0939929,-1.66598;j,39148.9,36143.2,0.393546,-0.172126;e-,28760.1,28510.3,0.132292,1.62225;m+,78801.3,38284.1,-1.35,0.0593267;m+,17048.6,17047.8,0.00800089,1.65458;
3748696;ttbar;0.00167739;282838;-1.75724;j,595098,446802,0.789843,1.27007;j,2.06811e+06,58068.2,-4.2657,-2.65338;b,54273.4,54076.8,-0.0633347,-2.48621;j,44187.5,40703.9,0.410449,-1.74517;j,47509.1,36620.7,-0.74395,0.988524;j,1.0322e+06,23342.4,4.48218,2.63707;e-,95861.3,58975.7,1.06707,-1.15764;e+,130517,33061.4,2.04984,-1.3235;e-,41733.2,10595.5,2.04749,-1.32395;
3768364;ttbar;0.00167739;103423;3.00549;j,132549,116545,0.514114,0.28376;b,47504.4,45369.7,-0.274366,-2.10143;e+,110827,47442.9,-1.49227,-0.544705;m-,95424.5,71366.6,-0.799624,2.7607;m-,30794.3,11034.5,1.68568,0.733067;
3782080;ttbar;0.00167739;119101;1.42684;j,183108,76534.1,-1.51118,-0.90133;j,403958,74025.7,-2.38026,-1.70775;b,73884.4,66071.3,-0.462443,2.52583;j,94201.3,27806.1,-1.88686,3.06649;m+,72930.8,16729.7,-2.15205,2.06566;m+,21372.5,13972.2,0.988463,-0.034028;m-,48637.2,11205.1,-2.14762,2.06582;
3801764;ttbar;0.00167717;135321;-0.311153;b,142866,113389,0.7002,2.78877;m+,169912,70733.5,1.52306,-1.05961;m-,121700,63517.9,1.26704,0.453275;m-,39111.8,30906.2,0.713462,1.61895;
3810924;ttbar;0.00167717;59768.5;1.31952;j,667015,63574.6,-3.04128,-1.78141;b,88839.1,41216.1,-1.39175,-0.364417;b,42897.8,40101.5,-0.30503,-3.01675;e-,17377.8,17193.6,0.146242,0.858871;m-,58095.3,57400,0.155486,0.922177;m+,37244.9,31970.6,-0.566784,-2.10937;
3813615;ttbar;0.00167717;81478.6;2.86711;b,356170,97041.3,1.97372,-1.87567;j,442523,59716.3,2.691,-0.54226;j,752249,52057.9,3.36255,0.966367;j,78346.8,31961.1,1.53993,1.44369;m+,31649.5,20192.5,1.0204,2.07911;m-,19622.7,18912,0.273247,2.79509;m-,25364.3,14600.4,1.14986,1.9927;g,90312.3,19713.4,2.20299,0.553598;
3827191;ttbar;0.00167717;37483;-2.75963;j,59867.9,55509,-0.381416,0.0300224;m+,73189.4,70463.6,0.277256,1.75336;m+,57975.7,49956.3,-0.5593,-1.2554;m-,71660.6,47391.8,-0.973157,2.70904;
3835229;ttbar;0.00167717;37801.5;-1.52129;b,37427.5,35113,0.205142,-2.4869;e-,131489,69020.7,-1.26033,1.1272;m+,94448.2,46985.6,1.3228,-2.40251;m-,34772.5,22648.1,0.993379,1.6317;
3836997;ttbar;0.00167717;8054.25;-1.42168;j,122056,110884,0.413732,1.23599;j,104721,89623.5,0.548854,2.62689;b,174153,52815.1,1.8614,-1.28135;b,52273.2,47826.9,0.376286,-1.4479;e-,213577,100871,1.38219,-0.162709;e+,74112.5,59401,0.690024,-2.77592;m+,23707,11598.6,1.34195,-2.06447;
3900165;ttbar;0.00167717;35892;2.1423;j,80788.8,26585.5,-1.76764,-0.927331;m-,41048.3,35973.5,-0.525105,0.0254528;m+,165692,34106.8,-2.26302,0.867494;m-,77208.1,24029.6,-1.83522,-1.60893;
3933185;ttbar;0.00167717;8826.39;0.502013;j,314020,241770,-0.751218,-2.55673;b,87790.7,70448.4,0.679757,0.138977;b,153180,33442.7,-2.20077,3.03251;e+,198237,193112,-0.229877,0.71586;e-,98104.4,51347,-1.26374,-1.41664;e+,69593.5,34627.2,-1.32259,1.62135;
3952019;ttbar;0.00167717;45761.9;-2.85536;j,108855,108558,-0.0256441,1.12749;j,97373.9,36326.7,-1.63842,-1.79002;b,53745.4,30148.5,1.1752,-0.633476;e+,27358.2,17001.3,1.05428,-2.85418;e-,14134.2,10199.1,0.852403,-2.95604;e+,10860.5,10096.1,-0.386724,-0.386448;
3976786;ttbar;0.00167717;57471.9;-2.16003;j,93683.7,83576.3,0.448324,3.03565;e+,109577,95558.8,-0.535254,0.484964;m-,72286.7,62388.6,0.556102,-2.10936;m+,19581.9,10990.7,1.18056,2.50827;
4004618;ttbar;0.00167717;106971;-1.16621;j,108017,86943.8,0.644979,1.96399;j,125962,44708.1,1.69209,2.75392;j,1.55951e+06,31874.7,4.58334,-0.537307;j,251899,22871.5,-3.09003,-2.20129;m-,75123.5,74719,0.104004,-1.48603;m+,24515.5,17012.8,0.907656,-0.739917;m-,17789.6,11630.8,0.988357,-0.877052;
4004792;ttbar;0.00167717;43076.1;-0.254623;j,503330,74949.4,2.59145,-2.94091;j,96566,56062.9,-1.12423,-0.288555;j,66560.4,28209,-1.49565,2.09371;e-,55361.6,48981.3,-0.505026,1.00327;e+,34412.7,27419.7,0.699824,-1.92752;m+,106705,85703.2,0.686514,3.1179;
4020807;ttbar;0.00167717;28061.9;2.90633;j,307699,86268.5,1.94194,-0.375165;j,338246,62720.7,2.36867,1.57354;j,568135,49474.5,3.13196,-1.86242;m-,184580,96575.4,1.26413,2.66012;m+,147907,70926.2,1.3649,-1.46875;m-,13957.2,13512.7,0.255701,-0.28977;
4038573;ttbar;0.00167717;105502;-1.31316;b,356948,130158,-1.66614,-2.82263;j,560565,95191.9,-2.45886,1.33266;j,173419,73914.9,-1.4902,0.796099;m+,222000,37987.3,-2.45117,-3.04772;m-,16801.1,16748.7,-0.0787859,-2.90301;m-,11617.2,11611.1,-0.0311929,0.592192;
4104971;ttbar;0.00167717;137486;-2.31521;j,94432.7,51628.2,-1.20319,-0.692256;j,47611.7,42724.7,0.366285,2.32231;j,101141,34936,-1.72118,1.76897;e+,324970,205672,-1.03082,0.41842;e-,168821,135595,-0.6865,3.09731;m+,17606.1,17602.1,-0.0202783,-2.3035;
4123085;ttbar;0.00167725;78945.2;1.58488;b,124196,87272.2,-0.885733,-1.26118;b,81382.2,72561.3,0.476186,1.79525;j,736872,61866.3,-3.16869,-2.84733;e-,117899,49521.1,-1.51323,-1.41144;e+,26952.4,17810.9,-0.974184,-0.141387;e-,13880,13431.5,-0.257687,-0.608187;
4127855;ttbar;0.00167725;117152;-3.06906;b,232815,127847,-1.20446,0.400867;j,571872,25301.4,-3.8106,-1.17493;e-,29702.1,28407,-0.300831,2.3938;m+,48320.9,47521.8,0.183116,2.43361;m-,19005,14790.6,-0.738012,-0.0595447;
4177772;ttbar;0.00167725;21557.8;1.47523;j,386516,112323,1.9062,-2.27387;b,46193.8,44419.4,0.148974,0.226354;j,38634.2,37919.3,-0.0875687,-0.610024;e+,64682.6,52920.9,0.654942,1.49316;m-,74385.2,32268.5,-1.47755,-2.05698;m-,14556.5,11460.1,0.719442,2.21817;
4195596;ttbar;0.00167725;94477.8;2.38219;b,125783,124995,0.078402,-0.956635;b,45329.1,44242.5,-0.196791,1.51762;e-,14295.9,11770.8,0.643837,-0.0663381;m+,48907.5,39426.5,0.680304,0.0874571;m-,20110.9,13344.2,0.968723,-0.142088;
4223057;ttbar;0.00167725;167726;-1.25918;b,214856,43125.3,2.28751,-3.12857;j,78907.6,38883.8,1.33039,-0.298143;j,35090.1,34947.1,-0.0452545,-2.43552;e-,276828,128717,1.39988,1.67431;e+,99987.3,46473.8,1.4003,1.67406;m-,153982,86112.7,1.18495,-1.37111;
4236519;ttbar;0.00167725;82208.6;0.416557;j,413127,88863.3,-2.21786,-2.39282;j,113026,61657.7,-1.2123,-2.06547;b,162355,53147,-1.7765,2.32922;b,52626.2,45131,-0.51725,1.7654;e+,37300.8,27890.7,-0.799954,-0.155016;e-,21689.6,16180.5,-0.803417,-0.155719;m+,49139.6,38007.2,-0.747828,0.0148835;
4236874;ttbar;0.00167725;107350;0.814956;j,629584,229803,-1.66457,-1.20377;j,339887,174258,-1.27436,-2.91249;b,172055,123817,-0.848408,2.04739;j,493809,62695.7,-2.75259,-0.592485;j,70997.1,51412.2,-0.816339,-0.648156;b,112510,46129.3,-1.53715,1.74844;e+,104748,96754.4,0.403735,0.78086;e-,90443.8,87931.3,-0.238492,2.89184;e-,13802.2,12347.2,0.480818,0.90545;
4307393;ttbar;0.00167725;94962.7;2.56039;j,206113,84797.8,1.532,-0.64198;j,76805.6,66590,-0.513652,-0.182794;b,121297,37469.5,-1.84087,-0.258361;e+,106596,85521,-0.688368,2.95176;m-,82859.2,19851.8,-2.10733,1.37373;m-,10759.7,10200.9,0.329343,-0.938089;
4325035;ttbar;0.00167725;35704.7;-2.67691;j,73241.2,40675.1,-1.18777,1.01783;b,63246.5,32970.1,1.25949,1.77736;j,459843,24696.2,3.61656,-1.20035;m-,141535,57074.8,1.55795,-1.49806;m-,69935,56062.9,0.68972,1.52954;m+,97006.2,16976.4,2.42835,0.964114;
4343386;ttbar;0.00167725;5224.65;0.314469;b,201841,130416,-0.974591,1.198;b,95397.9,66730.7,-0.889059,-1.26226;j,61140,59242.9,0.208407,-2.38002;j,33396.4,32856.8,-0.133421,1.03341;j,325551,29012.9,-3.10883,-0.130455;e+,105533,86996.7,-0.641726,-2.527;m-,17671.1,14531,-0.646082,-2.50939;m+,16062,13384.1,-0.622445,-2.48564;
4347433;ttbar;0.00167725;108137;3.13236;b,69528.7,64671.2,-0.323189,-0.860732;b,67421.6,45190,-0.948952,-1.27498;e-,128727,63487,-1.33275,0.597685;e+,32440.4,26014.3,-0.689166,1.18439;m-,26851.3,19343,-0.854816,-3.05223;
4348751;ttbar;0.00167725;53548;-2.09507;j,704592,38339.3,3.60342,-2.39907;e+,484922,97739.6,2.28451,1.079;e-,26328.2,16554.2,1.03926,-0.668501;m-,10951.1,10934.3,-0.0545873,-0.936456;
4352401;ttbar;0.00167725;43244.2;-0.153982;j,84945.8,52136.8,-1.06637,-2.21653;b,55287.9,42492,-0.732048,1.55135;j,857011,32807,3.95551,-1.15004;j,78241.5,31676.8,1.54703,1.28275;j,28799.1,28210.4,0.12978,2.06494;j,1.08927e+06,22843.4,-4.55761,-2.46678;m-,55777.1,33287.4,-1.1053,-0.553359;m+,19810,13552.1,-0.927397,-0.754192;m-,15246.5,10219.4,-0.955125,-0.375443;
4353415;ttbar;0.00167725;162381;1.57473;b,168546,135566,0.681859,-1.52156;e-,60747,52180.8,-0.565439,-2.20611;m+,79221.8,79215.4,0.0125669,2.16124;m-,45312.2,44137.1,-0.230237,0.623942;
4364138;ttbar;0.00167725;73186.2;-2.84397;j,250855,250280,-0.0595187,3.02505;j,280426,184187,-0.963945,-0.423314;j,176407,160539,-0.419191,0.263779;j,1.82399e+06,67281.7,3.99268,1.33822;b,59321,39029.9,-0.957951,-2.44542;m-,41927.9,40015.8,0.307916,-2.78889;m-,51035.4,39097.8,0.76281,-2.98791;m+,13667.1,13070.7,0.300848,-2.80194;
4365749;ttbar;0.00167725;61270.9;1.91346;b,81773.7,65990.1,-0.672385,-0.463466;b,44842.6,38958.8,0.516616,0.684116;j,101664,30937.3,-1.8565,0.097909;j,179218,24905.9,-2.66089,-3.13833;e-,46404.7,28236.5,-1.08099,-2.41546;e-,37027.8,22170.1,-1.10124,-2.38091;m+,72580.2,60439.2,-0.623684,0.690773;
4385342;ttbar;0.00167725;138934;-1.37947;b,140517,131732,-0.32297,1.67386;m+,551853,193202,1.71054,-1.07495;m-,131452,33079.7,2.05665,0.087049;m-,31943.6,21170.1,0.970336,1.58517;
4406714;ttbar;0.00167725;95403.2;0.884445;j,176666,126693,0.854834,-2.54533;b,55719.7,47675.9,0.550961,0.338863;j,103172,29440.3,-1.92294,-2.39478;m+,132174,69881.1,1.25187,-1.77942;m-,90484.8,48210,1.24277,-1.76414;m-,45838.6,28866,1.03728,1.21915;
4409793;ttbar;0.00167725;96321.7;-2.47018;j,139558,110592,-0.689998,0.851446;j,99996,26539.5,-1.99961,-1.52734;e+,15515.4,15436.4,-0.101119,2.82273;m+,83335.3,53803,-1.00493,-0.444216;m-,46078.5,28776.3,-1.04798,-2.49559;
4414690;ttbar;0.00167725;128173;0.842006;j,138011,121705,0.501016,-2.25309;j,45369.1,41608.4,-0.354985,-2.31547;b,26208.7,25089.3,-0.244711,1.81178;j,683095,24526.9,4.01966,-0.952489;m-,62041.2,45075,0.842499,0.126432;m+,228399,37639.3,2.48933,1.39632;m-,99510.9,17604.3,2.41735,1.41788;
4481419;ttbar;0.00167635;43533.2;-0.423804;j,164467,154939,0.315087,-2.90795;j,763935,49558.4,-3.42732,1.70455;b,111427,47470.8,-1.49677,1.16884;e-,276804,158723,-1.15458,-0.455038;e+,25539,24601.8,-0.275156,2.61987;e+,28549.8,24599.8,-0.559376,2.90885;
4553207;ttbar;0.00167635;74708;-1.08451;b,135345,124039,0.417963,-3.11031;j,123551,114490,0.364909,0.616053;j,108843,23899.4,2.19618,2.66595;m-,75784.4,39476.3,1.26933,-2.44715;m+,20164.5,17583.7,-0.53535,-0.404689;m-,17525.4,15688.4,-0.479283,-0.40507;
4570202;ttbar;0.00167635;32348.4;-2.58506;j,495586,74124.9,2.58721,0.629082;e-,108861,56805.3,1.26728,-2.42824;m+,36799.7,20149.9,-1.21029,0.0665506;m+,10646.6,10455.7,0.190569,2.77675;
4574517;ttbar;0.00167635;36189;1.32542;j,311109,101833,-1.78092,0.87325;b,278963,39538.7,-2.64145,-3.03668;j,61796.6,26087.7,1.50434,-0.967915;e-,76780.2,76688.3,-0.0489558,-2.78072;e-,30712.1,30579.7,-0.093037,-0.929732;e+,20141.6,19568.2,0.241494,-0.953189;
4603529;ttbar;0.00167635;53259.1;-0.973346;b,130207,95181.2,-0.823046,2.2576;j,214275,72683.7,1.74043,-1.11868;j,41145.1,39401,-0.246638,0.367823;b,139835,31683.1,2.1632,0.760416;e+,37366.3,31519.6,0.600045,-2.79124;e-,36247.7,29646.3,0.655536,-2.7568;m-,34516.6,31226,0.455137,3.09663;
4611606;ttbar;0.00167635;42149.9;3.03001;b,43292.5,32285.7,0.781308,1.43539;j,36942.4,29016,0.692846,-2.99808;j,62556.8,28379,-1.42062,2.84467;j,67777.1,26098.5,1.60374,1.07261;j,286326,25168.7,-3.12224,-2.76095;e-,107346,104604,-0.228473,-0.49681;m+,128619,43863.8,1.73848,2.73775;m+,24280.8,13610.5,1.18212,1.72856;
4648044;ttbar;0.00167635;69949.6;-1.83615;j,103827,79431.7,0.744772,1.28065;e+,22772,21217,-0.380558,-1.95378;m-,86731.1,42427.5,1.34212,-2.83448;m+,35812.1,13006.9,1.67121,0.808557;
4679766;ttbar;0.00167635;97895.8;0.0130576;j,170092,113787,-0.955902,2.9708;b,196811,53034.8,-1.98373,-1.34524;b,52392,48225.3,0.365422,0.743253;j,30248.1,25908.4,0.506915,3.04317;m+,258113,116779,-1.43064,1.60352;m-,85027.6,38457.7,-1.43098,1.59766;m-,29844.5,23862.5,0.69405,-1.31749;
4684467;ttbar;0.00167635;91242.1;-1.99277;b,215058,179828,-0.610267,1.5445;j,285988,124950,-1.46895,-1.86697;b,171086,73900,1.4772,-0.526103;e+,97638.3,95695.8,0.201147,1.56538;e-,34456.2,33836.2,-0.191141,-0.997768;m+,21975,21465.7,0.217342,1.5456;
4686664;ttbar;0.00167635;26440.1;-0.341084;b,83842.9,82918.8,-0.0106569,0.121319;j,981680,82031.7,-3.1732,-2.96864;j,1.46458e+06,46948.9,-4.13314,2.30147;m-,56556.8,53727.5,-0.323117,-1.36442;m+,78086.8,31571.7,1.55508,0.403706;m-,29732.4,19339.9,-0.995105,-2.39931;
4694725;ttbar;0.00167635;51789.5;0.304236;j,349517,47818.3,2.67744,3.01617;j,80447,31350.2,-1.59176,-2.25204;e+,45318.9,28156.6,-1.05456,-0.119504;m+,19958.8,12594.7,1.0346,2.7303;m-,17504.5,11090.4,1.02941,2.73163;g,183067,60643.7,1.76935,2.81347;
4702013;ttbar;0.00167635;266822;-2.61348;b,340548,169594,-1.31855,0.409492;j,596908,84142.3,-2.64718,1.78304;j,239918,82734.4,-1.72588,1.09159;j,480794,49870.5,-2.95636,-1.32085;j,318382,47968.7,-2.57959,-0.787082;j,115439,36837.6,1.80636,0.939416;j,128977,30188.3,-2.13065,-0.0465545;b,40021.6,26525.2,0.961871,0.955762;e+,77334.4,54281.8,0.891768,-2.13637;m-,48040.3,39349.2,0.652972,-2.51012;m+,18175.4,14903.6,0.651028,-2.46065;
4796249;ttbar;0.00167635;43533.2;-0.423804;j,164467,154939,0.315087,-2.90795;j,763935,49558.4,-3.42732,1.70455;b,111427,47470.8,-1.49677,1.16884;e-,276804,158723,-1.15458,-0.455038;e+,25539,24601.8,-0.275156,2.61987;e+,28549.8,24599.8,-0.559376,2.90885;
4868037;ttbar;0.00167635;74708;-1.08451;b,135345,124039,0.417963,-3.11031;j,123551,114490,0.364909,0.616053;j,108843,23899.4,2.19618,2.66595;m-,75784.4,39476.3,1.26933,-2.44715;m+,20164.5,17583.7,-0.53535,-0.404689;m-,17525.4,15688.4,-0.479283,-0.40507;
4885032;ttbar;0.00167635;32348.4;-2.58506;j,495586,74124.9,2.58721,0.629082;e-,108861,56805.3,1.26728,-2.42824;m+,36799.7,20149.9,-1.21029,0.0665506;m+,10646.6,10455.7,0.190569,2.77675;
4889347;ttbar;0.00167635;36189;1.32542;j,311109,101833,-1.78092,0.87325;b,278963,39538.7,-2.64145,-3.03668;j,61796.6,26087.7,1.50434,-0.967915;e-,76780.2,76688.3,-0.0489558,-2.78072;e-,30712.1,30579.7,-0.093037,-0.929732;e+,20141.6,19568.2,0.241494,-0.953189;
4918359;ttbar;0.00167635;53259.1;-0.973346;b,130207,95181.2,-0.823046,2.2576;j,214275,72683.7,1.74043,-1.11868;j,41145.1,39401,-0.246638,0.367823;b,139835,31683.1,2.1632,0.760416;e+,37366.3,31519.6,0.600045,-2.79124;e-,36247.7,29646.3,0.655536,-2.7568;m-,34516.6,31226,0.455137,3.09663;
4926436;ttbar;0.00167635;42149.9;3.03001;b,43292.5,32285.7,0.781308,1.43539;j,36942.4,29016,0.692846,-2.99808;j,62556.8,28379,-1.42062,2.84467;j,67777.1,26098.5,1.60374,1.07261;j,286326,25168.7,-3.12224,-2.76095;e-,107346,104604,-0.228473,-0.49681;m+,128619,43863.8,1.73848,2.73775;m+,24280.8,13610.5,1.18212,1.72856;
4962874;ttbar;0.00167635;69949.6;-1.83615;j,103827,79431.7,0.744772,1.28065;e+,22772,21217,-0.380558,-1.95378;m-,86731.1,42427.5,1.34212,-2.83448;m+,35812.1,13006.9,1.67121,0.808557;
4994596;ttbar;0.00167635;97895.8;0.0130576;j,170092,113787,-0.955902,2.9708;b,196811,53034.8,-1.98373,-1.34524;b,52392,48225.3,0.365422,0.743253;j,30248.1,25908.4,0.506915,3.04317;m+,258113,116779,-1.43064,1.60352;m-,85027.6,38457.7,-1.43098,1.59766;m-,29844.5,23862.5,0.69405,-1.31749;
4999297;ttbar;0.00167635;91242.1;-1.99277;b,215058,179828,-0.610267,1.5445;j,285988,124950,-1.46895,-1.86697;b,171086,73900,1.4772,-0.526103;e+,97638.3,95695.8,0.201147,1.56538;e-,34456.2,33836.2,-0.191141,-0.997768;m+,21975,21465.7,0.217342,1.5456;
5001494;ttbar;0.00167635;26440.1;-0.341084;b,83842.9,82918.8,-0.0106569,0.121319;j,981680,82031.7,-3.1732,-2.96864;j,1.46458e+06,46948.9,-4.13314,2.30147;m-,56556.8,53727.5,-0.323117,-1.36442;m+,78086.8,31571.7,1.55508,0.403706;m-,29732.4,19339.9,-0.995105,-2.39931;
5009555;ttbar;0.00167635;51789.5;0.304236;j,349517,47818.3,2.67744,3.01617;j,80447,31350.2,-1.59176,-2.25204;e+,45318.9,28156.6,-1.05456,-0.119504;m+,19958.8,12594.7,1.0346,2.7303;m-,17504.5,11090.4,1.02941,2.73163;g,183067,60643.7,1.76935,2.81347;
5016843;ttbar;0.00167635;266822;-2.61348;b,340548,169594,-1.31855,0.409492;j,596908,84142.3,-2.64718,1.78304;j,239918,82734.4,-1.72588,1.09159;j,480794,49870.5,-2.95636,-1.32085;j,318382,47968.7,-2.57959,-0.787082;j,115439,36837.6,1.80636,0.939416;j,128977,30188.3,-2.13065,-0.0465545;b,40021.6,26525.2,0.961871,0.955762;e+,77334.4,54281.8,0.891768,-2.13637;m-,48040.3,39349.2,0.652972,-2.51012;m+,18175.4,14903.6,0.651028,-2.46065;
5097312;ttbar;0.0334339;215850;-0.591326;j,241777,177046,0.820248,2.84267;b,88683,70770.1,-0.675533,1.49306;m-,113338,103621,-0.42975,-0.862473;m+,84700.7,65119,-0.75728,0.00217657;m+,47717.5,17780.8,1.64365,-2.42855;
5113202;ttbar;0.0334339;215850;-0.591326;j,241777,177046,0.820248,2.84267;b,88683,70770.1,-0.675533,1.49306;m-,113338,103621,-0.42975,-0.862473;m+,84700.7,65119,-0.75728,0.00217657;m+,47717.5,17780.8,1.64365,-2.42855;
5124507;ttbar;0.0334195;73379.9;2.51958;j,279305,85420.9,1.8521,-0.837099;j,255584,48968.7,2.33552,0.607248;e+,41054.3,28711.2,0.896894,2.81023;m-,207435,66698.5,1.80087,-2.50098;m-,21700.8,21596.9,-0.0979382,2.69717;
5140578;ttbar;0.0334195;73379.9;2.51958;j,279305,85420.9,1.8521,-0.837099;j,255584,48968.7,2.33552,0.607248;e+,41054.3,28711.2,0.896894,2.81023;m-,207435,66698.5,1.80087,-2.50098;m-,21700.8,21596.9,-0.0979382,2.69717;
5245451;ttbar;0.0334561;98195.5;3.13162;b,92729.5,59056.7,1.01567,-0.52128;e-,51501.4,48131.7,0.372045,0.645978;m+,22492.5,18584.1,0.637671,-2.78811;m-,12717.2,11001.1,-0.551477,-2.22343;
5254830;ttbar;0.0334561;46558;2.60872;j,59576,53643,0.413704,-0.884132;j,66573.4,30217,-1.41637,1.09037;e-,12354.1,11114.3,0.468051,-2.13839;m+,140011,73862.3,1.25444,2.022;m-,34953.7,14656.4,1.51512,-1.82998;
5261496;ttbar;0.0334561;98195.5;3.13162;b,92729.5,59056.7,1.01567,-0.52128;e-,51501.4,48131.7,0.372045,0.645978;m+,22492.5,18584.1,0.637671,-2.78811;m-,12717.2,11001.1,-0.551477,-2.22343;
5270875;ttbar;0.0334561;46558;2.60872;j,59576,53643,0.413704,-0.884132;j,66573.4,30217,-1.41637,1.09037;e-,12354.1,11114.3,0.468051,-2.13839;m+,140011,73862.3,1.25444,2.022;m-,34953.7,14656.4,1.51512,-1.82998;
