563723;w_jets;1;67728.4;-2.89152;j,220760,172264,-0.72846,0.430305;e-,89229.3,88254.2,-0.148513,-2.64434;e+,23965,23705.6,-0.147807,-2.64483;m+,68709.6,38050.2,1.19675,-2.38664;
2022368;w_jets;1;62672.5;-2.12371;j,77292.4,69893.4,0.44741,1.90789;j,105710,44059.5,1.51884,0.0364484;m+,34643.6,27746.9,0.691214,-2.58309;m+,18511,16849.6,0.440473,-2.09473;m-,18172.3,16672.4,0.421023,-2.10622;
2364726;w_jets;1;88446.3;-1.57343;j,142896,114245,-0.681766,1.04325;e-,59259.6,32158.2,1.221,-2.81158;e-,34869.7,18250.3,1.26376,-3.04009;e+,34025.7,17805.6,1.26395,-3.04026;
2567402;w_jets;1;283824;-1.03493;j,617396,568972,0.365459,1.95427;j,480983,106548,2.18769,-1.48319;j,88328.9,51011.4,1.13991,1.66346;e+,145479,135064,0.390227,-1.31893;e+,69843.1,65243.2,0.373338,-1.34049;e-,32674,30522.4,0.373307,-1.34052;
2567402;w_jets;0.0336252;283824;-1.03493;j,617396,568972,0.365459,1.95427;j,480983,106548,2.18769,-1.48319;j,88328.9,51011.4,1.13991,1.66346;e+,145479,135064,0.390227,-1.31893;e+,69843.1,65243.2,0.373338,-1.34049;e-,32674,30522.4,0.373307,-1.34052;
2893067;w_jets;0.0336147;68283.8;1.52576;j,877019,169367,2.32688,-2.22555;e+,444094,90371.6,2.27474,0.577802;e-,80343.5,16241.9,2.28149,0.579132;e+,56883.9,11506.4,2.28086,0.5812;
4055161;w_jets;0.0336353;23642.9;-0.967691;j,279979,228986,0.646639,-1.98552;j,218667,217679,0.0678367,1.37518;e-,102436,32354.3,1.81971,0.263893;e+,45092.1,14195.3,1.82319,0.285437;m+,11376,11373.2,-0.0198415,-1.75346;
4356765;w_jets;0.0336294;45619.3;-2.45471;j,97600,96039.1,0.0837037,0.54961;j,100855,74215.5,-0.822002,-2.00787;e-,37201.8,20059.5,-1.2286,1.81586;e-,26586.8,14304.3,-1.23121,1.81761;e+,20729.1,11177.5,-1.22858,1.81594;
4867377;w_jets;0.0336348;21806.3;3.14114;j,217534,118883,1.20812,2.12749;j,345075,58448.6,-2.46142,-0.811103;e-,111648,49860.5,1.4452,-0.967774;e-,34323.6,13867,1.55591,-0.926943;e+,32476.2,13121.2,1.55586,-0.926963;
4934631;w_jets;0.0336348;46811.1;2.33634;j,300328,92460.7,1.84577,-2.4731;j,110954,61594.1,-1.18577,-0.458155;e-,40023,30035,0.794474,0.997273;e+,25930.7,19044.3,0.826669,1.00885;e-,16484.9,12180.6,0.817709,1.00248;
5245769;w_jets;0.0336397;402838;1.62802;j,523692,327962,-1.02125,-1.49093;j,140826,65762.5,1.39202,-1.31845;j,129552,47324.6,-1.66374,-2.88827;e-,107185,24891.5,2.13941,-0.266722;e+,80455.5,18690,2.13909,-0.266323;m+,207154,200681,-0.253315,1.43575;
5592659;w_jets;0.0336248;81513.2;2.98051;j,167497,115190,0.916929,-0.151365;e+,46372.3,23380,1.30733,2.35757;e-,29897.4,12334.1,1.533,2.52667;m+,61781.2,33465.8,1.22316,2.64965;
6195928;w_jets;0.0336155;292952;-2.06206;j,305054,297549,-0.168663,1.32077;j,461765,93932.6,-2.27471,-0.571524;j,34676.9,26410.8,0.769368,0.668782;j,35592.8,23757.1,-0.937132,2.51097;m-,222123,155630,-0.894298,-1.98246;m+,78574.2,54965,-0.896529,-1.98382;m+,83084.1,18637.4,-2.175,0.64903;
6721241;w_jets;0.0336373;20884.2;1.07657;j,121960,102391,0.6043,2.77801;e-,47376.2,47367.2,0.0195023,-0.592619;e+,35404.1,35397.5,0.0192299,-0.592909;e-,11191.4,11189.3,0.0192029,-0.592758;
7747791;w_jets;0.0336264;86526.9;2.02209;j,319901,94798.6,1.88488,2.24052;j,80355.4,76249.4,-0.321659,-1.23076;e-,150940,119767,-0.706693,-0.728416;m+,79704.7,65389.3,-0.650189,2.49033;m-,14182.9,11570.6,-0.659881,2.4279;
7762020;w_jets;0.0336264;99430.7;-0.468149;j,369299,118185,1.80538,2.32073;j,116309,99784.7,-0.558481,2.74688;j,520058,54802.6,2.94012,-0.516548;e-,89880.7,30679.9,1.73753,-0.983992;e+,33425.3,11417.8,1.73675,-0.986312;m+,117941,117551,0.0814683,-0.361318;
7932828;w_jets;0.0336179;157070;-1.21536;j,295244,166843,1.16005,1.48111;j,78155.2,76839.5,-0.0685942,-2.97149;j,219885,36705.3,2.47524,1.48582;e+,29345.3,29339.3,-0.020357,-1.12074;e-,21974.7,21970.2,-0.0202474,-1.12077;m+,65135.9,65112.8,-0.0265745,-1.12141;
7971983;w_jets;0.0336179;62212.1;-2.42873;j,190472,137929,0.840834,0.633432;j,53610.6,33304.6,-1.03044,2.90777;j,45562.6,27543.2,-1.08374,-1.90908;e-,29435,25477.1,0.550435,-2.05267;e+,12856.6,10995.5,0.573907,-2.03281;m+,22037.1,21818.3,-0.141418,-0.363231;
8006080;w_jets;0.0336179;72343.9;1.58169;j,139251,116584,0.560017,-0.780515;e-,106457,37008.8,-1.71805,2.93774;e+,73735.2,25630.8,-1.71816,2.93749;m-,121408,32297,-1.99915,1.50879;
8350469;w_jets;0.0336208;99926;-0.852727;j,574559,211801,-1.65463,2.00062;e+,72002,62058.8,-0.55878,-1.46811;e-,31337.9,26588.8,-0.589127,-1.54156;e+,24617.1,21514.5,-0.530796,-1.485;
8585384;w_jets;0.0336104;59525.3;-1.63553;j,775451,150287,-2.32436,0.628;j,418697,107684,-2.03355,-2.65049;e-,27622.9,20956,-0.777907,2.3368;e+,19404.6,14717.3,-0.778319,2.33686;m-,54661.4,34619.2,-1.02991,-0.927989;
9124461;w_jets;0.0336228;75637.4;2.65692;j,1.09058e+06,355914,-1.78046,-0.398856;j,412354,247899,1.09419,2.8457;j,70707.2,61270.5,0.506414,1.9271;j,68816.6,58417.1,0.580724,-0.912293;j,42715.3,40595.2,0.278197,3.00182;j,64392,31206.9,1.34955,-2.74658;j,658872,25959.5,-3.92665,-0.0192341;e+,167448,38058.7,-2.16152,2.45258;m+,80950.4,13290.1,-2.49316,2.7847;m-,73136.9,12846,-2.42464,2.59066;
9301867;w_jets;0.0336228;37638.9;-1.10999;j,298833,139149,1.39218,2.11928;e-,369265,81200.1,2.19543,-1.19448;e+,121314,26611.5,2.19794,-1.19215;m+,152304,26954.7,2.41695,-1.23473;
9908067;w_jets;0.0336215;32067.9;-1.23582;j,107581,106264,-0.0231934,0.658126;j,61040.4,44480.1,-0.793689,-0.539901;e-,118924,94059.3,0.711981,-3.12624;e+,26479.5,20943.1,0.711992,-3.12619;m-,14478,11452.8,0.711679,-3.12089;
10447413;w_jets;0.033631;64073.6;-0.9686;j,187155,104055,1.19057,-2.63472;j,113015,89252,-0.679925,1.57313;j,64657.7,57713,-0.459053,0.584845;e+,16763.9,12686.1,-0.781737,-1.20898;e-,15976.3,12056.3,-0.786006,-1.23282;m-,98998.3,69015.3,-0.901315,-1.18796;
10521009;w_jets;0.033631;42920.8;0.6848;j,142772,88701.2,1.05062,1.56629;j,195984,44451.6,2.16302,-2.66889;j,59313.9,40785.7,0.917535,-0.238397;e+,102521,66102.3,1.00666,-2.02416;e-,43898.1,32611.4,0.809682,-1.98035;e+,15177.4,11143.5,0.827091,-2.03054;
10614391;w_jets;0.033631;79932.3;-1.19046;j,275377,199373,-0.844349,2.21886;e-,142769,51237.7,-1.68402,-0.700718;e+,90491.8,32269.4,-1.69086,-0.83151;e+,83058,29811.4,-1.68391,-0.700806;
10667544;w_jets;0.0336229;276827;-0.255412;j,406486,224135,-1.19072,-2.35052;j,155947,148863,-0.260886,1.89497;j,191246,96246.9,1.30706,1.85232;j,296881,64331.9,2.20945,-2.36155;j,99561.7,60082.6,-1.08064,1.5244;m+,261339,261331,-0.0081758,-0.234916;m-,78062.3,78030.5,0.0284976,-0.204664;m+,46000.7,41475.1,-0.463005,3.13898;
11255071;w_jets;0.0336358;71545.3;1.85242;j,130970,72668.5,-1.19077,-0.434151;j,100314,58917.4,-1.11524,-1.62381;j,36647.6,25634.7,-0.869086,-2.73476;e+,72004.7,31826.5,-1.45671,2.03205;e-,36198.2,15999.1,-1.45676,2.0321;m+,117457,48856.6,-1.52396,2.16182;
11345268;w_jets;0.033613;9564.92;-1.6976;j,449034,114035,2.04598,1.40533;j,42851.6,39567.3,0.372533,-1.97947;j,62092.1,38292.6,1.04468,0.875201;e-,369304,119335,1.79564,-2.32574;e+,92066.9,53005.3,1.14966,0.0333123;e+,38132.1,12305.5,1.79704,-2.32577;
11467051;w_jets;0.033613;11036.3;-2.12052;j,372026,262222,-0.881339,1.41795;j,373521,110036,1.89129,-2.48419;j,61532,54368.1,0.465437,0.0569274;j,181226,26021.9,-2.62833,-2.93614;e-,142103,99451,-0.895885,-1.35151;e-,49100.3,34468.4,-0.891586,-1.3626;e+,43207.7,30471.5,-0.885123,-1.3653;
11733637;w_jets;0.0336158;74718.4;2.83448;j,513335,264471,1.26747,-0.135703;j,164861,39026.3,2.11656,0.406855;e+,940601,176564,2.35705,-3.08999;e+,107742,20585.4,2.33905,-3.0756;e-,88483.9,16896.4,2.33962,-3.0758;
11794479;w_jets;0.0336158;14311.3;-0.325853;j,295610,99778.5,1.74723,2.14414;j,106374,78967.1,-0.794976,-2.15562;j,107677,30100.7,1.94515,0.602313;e+,28972.9,28921.3,-0.0597625,-0.662345;e-,13400.9,13377.6,-0.0590049,-0.661798;e-,12806.6,12724.2,-0.113699,-0.593374;
11796435;w_jets;0.0336158;99391.5;-2.07529;j,131085,67472.4,-1.28206,1.76056;j,433418,59091,2.68008,0.489042;m+,423886,153249,-1.67614,-2.58588;m+,70181.6,43665.1,-1.05277,0.278145;m-,55559.2,31797.1,-1.15693,0.166474;
12543594;w_jets;0.0336062;60076.4;-2.9434;j,195200,122243,-1.03031,-0.318687;e+,113265,77373.5,-0.929382,2.46057;m-,21098.7,15141.4,-0.86027,2.39683;m+,17772.7,12429.4,-0.896855,2.46952;
12764388;w_jets;0.0336062;109513;-0.18069;j,173507,105710,1.05977,2.97585;j,78558.9,40832.4,1.26413,1.53258;m+,78710,71176.6,0.45612,-0.439158;m-,126547,49876.8,1.58289,0.183715;m-,36028.7,32112.1,0.489004,-0.3616;
12768687;w_jets;0.0336062;9139.38;2.0547;j,64031,58673.7,0.396117,-0.443379;j,49617,44387.6,0.446923,2.92411;j,175490,27035.8,2.55692,0.546516;e+,20666.4,20492.1,-0.130358,-2.90735;e-,11475.8,11399.2,-0.115865,-2.88777;m+,51702.6,50390.1,-0.227745,-2.94008;
12969810;w_jets;0.0336157;38576.7;1.50525;j,235548,107933,-1.4119,-0.989552;j,212570,72579.8,-1.73584,2.80467;e+,29500.3,19313.6,-0.986567,0.793031;e+,27695.1,18092.8,-0.98941,0.754308;e-,22313.2,14574.4,-0.989638,0.755658;
13122390;w_jets;0.0336157;63189.8;-0.221903;j,1.65188e+06,1.64675e+06,0.0697727,1.13574;j,1.61927e+06,1.59965e+06,-0.0986086,-1.93675;j,314267,156564,-1.32058,-2.00056;j,308429,126249,-1.53632,2.09778;j,74769.9,67291.6,-0.398867,2.47534;j,167401,35209.3,2.23965,1.11222;e+,65642.7,59725.7,0.441533,-2.92253;e+,17610.6,12811.8,-0.840557,-0.0485008;e-,14378.8,10461.3,-0.840461,-0.0483877;
13711750;w_jets;0.0336393;55029;0.90503;j,710218,61789.6,-3.13304,-2.00833;j,62985.3,37697.6,-1.09442,0.989091;j,114721,33193.9,-1.90951,-2.50459;m-,485909,109003,2.17497,0.923537;m+,33550.4,33506.9,0.050852,2.84516;m+,52858.9,12334.8,2.13445,0.93177;
14043346;w_jets;0.0336238;30883;-1.25166;j,338333,253455,-0.771806,1.97563;j,361519,169571,-1.38794,-2.1681;j,30843.9,30047.2,-0.195765,2.48078;e+,118577,118319,0.0660668,-0.381493;e-,50461,50350.3,0.0662887,-0.372523;e+,44647.7,44549.8,0.066293,-0.372545;
14190618;w_jets;0.0336079;162287;2.43146;j,364853,296606,0.650339,-0.79368;e+,147622,144785,-0.197661,2.35566;m+,80817.3,79055.6,-0.210715,2.40124;m-,26409.2,25836.1,-0.210195,2.39933;
15210921;w_jets;0.0336107;164347;-2.20166;j,282943,140130,-1.32725,1.0887;m-,119528,88335,-0.817428,-2.10195;m-,62259.4,40550.9,-0.99338,-0.246762;m+,24385.9,15882.7,-0.993398,-0.240228;
15714286;w_jets;0.0336252;122829;2.48157;j,179433,175942,-0.0831631,-0.540647;e+,44368,43180.3,0.234003,2.92317;e-,20011.7,19480.4,0.233039,2.92354;m+,90830.7,88178.6,0.244648,2.59652;
16617470;w_jets;0.033623;25678.8;-2.07857;j,418872,215517,-1.28302,1.79433;j,91995.4,61392.5,0.955514,-0.746612;e+,166009,95036.6,1.15657,-1.53456;e-,30860.6,17659.9,1.15706,-1.53343;e+,30328.5,17360.9,1.15668,-1.53383;
16834389;w_jets;0.033623;111375;2.96847;j,222842,102543,1.41089,0.335276;j,63087.7,60871.1,0.246286,-1.17215;m-,206093,89056.7,1.48186,2.80259;m-,53519.9,24359.4,1.42393,2.78547;m+,32585.3,14797.5,1.42648,2.80092;
16868245;w_jets;0.033623;163062;-0.685814;j,320831,225662,0.885797,2.54541;j,406538,23646.9,-3.53662,1.19832;e-,56371.7,55520.6,-0.17487,-0.730141;e+,17626,17359.6,-0.174989,-0.730092;m+,154065,149963,-0.233372,-0.777611;
16933798;w_jets;0.0336135;32852.5;0.78949;j,144417,141182,-0.17264,2.68196;j,384327,29058.5,-3.2738,-2.4854;e+,116386,60667.9,1.26852,-0.574246;e-,103365,57016.4,1.20148,-0.754382;e+,26630.2,14681.6,1.20211,-0.754997;
17047367;w_jets;0.0336135;135082;-1.48908;j,447884,150406,1.75294,1.07314;j,138876,48720.2,-1.7054,2.09535;e-,290949,67502.6,2.14039,-2.12584;m-,32233.4,24119.2,-0.798845,-1.71994;m+,26646.4,19934.1,-0.799194,-1.72894;
17111718;w_jets;0.0336135;63179.9;0.72269;j,89015.3,77208.6,0.53447,-2.19574;j,38843.2,38197.4,-0.0122585,3.08319;e+,64525.1,38710.6,1.09876,-0.235909;e+,45726.9,24994,1.2124,3.00441;e-,25467.7,15279.7,1.09869,-0.236016;
17309850;w_jets;0.0336233;14717;-0.623946;j,115744,105668,-0.408468,0.206438;j,101578,59119.3,1.13149,-1.64054;j,122252,50990.2,-1.51502,2.56037;j,29807.9,28885.1,0.0335906,-1.95516;e+,74657.7,43274.7,1.14136,2.75311;e-,35414.2,20319.7,1.15382,2.73048;e+,18170.9,10427.5,1.15364,2.73055;
17702964;w_jets;0.0336277;87392.4;-1.02816;j,1.27381e+06,303901,2.11065,2.17608;j,190216,45087.9,-2.11594,-2.49448;e+,215574,128921,1.1027,-0.818103;e+,101389,59409.8,1.12802,-0.819298;e-,40901.2,24470.2,1.10221,-0.815383;
17805255;w_jets;0.0336277;118837;-0.901767;j,499586,119661,-2.10699,2.25169;m-,59853.7,13966,-2.13453,0.250737;m-,32289.4,11778.4,-1.66655,-0.172086;m+,44276.9,11577.1,-2.01703,0.253906;
18025124;w_jets;0.0336283;35000.2;-0.542218;j,173044,153253,-0.354934,-1.96911;j,1.35664e+06,24065.3,4.72506,0.181077;e-,62579.8,60593.2,-0.255375,1.57102;e-,45581.1,44144.7,-0.254423,1.571;e+,21988.6,21294.9,-0.254562,1.57141;
18237438;w_jets;0.0336249;124455;0.908608;j,264671,148705,1.17603,-2.53714;j,294332,44047.1,2.58635,-0.61177;m+,77304.5,61894.7,-0.691768,0.662926;m+,35991.2,29012.5,-0.680394,0.705107;m-,16924,13466.5,-0.702049,0.677975;
18633635;w_jets;0.0336291;33392.8;1.41982;j,303038,109984,-1.66878,0.603744;j,101124,70787.8,-0.892135,0.00907121;j,51542.7,50053.2,-0.210264,-0.00283855;j,243773,26594.5,-2.90567,-2.0839;e+,543698,137889,-2.04861,-2.66686;e+,139521,35379.4,-2.04875,-2.66333;e-,118554,30135.8,-2.04624,-2.6564;
19122294;w_jets;0.0336279;79414.3;2.9733;j,715733,252315,-1.69928,-0.843234;j,222637,206694,-0.376265,2.43769;e+,78654.8,66278.4,-0.601989,0.755185;m-,19071.2,17473.9,0.424346,2.90635;m+,12646.7,10258.9,0.669644,2.9049;
19359660;w_jets;0.0336279;5083.6;-2.20359;j,157886,118696,-0.788162,1.97671;j,71095.2,55422.2,0.731134,-1.41241;j,67942.9,37537.6,1.19455,-0.770949;j,116008,30244.1,2.01805,-1.3945;j,84229.2,26094.6,1.83734,1.83582;e-,112704,20247.6,-2.40171,-0.7822;e+,64709.9,11737.7,-2.39193,-0.790858;m-,47553.3,10749.2,-2.16713,-0.283126;
19391708;w_jets;0.0336279;43806.6;2.19231;j,244513,69322.6,1.93224,-0.484166;j,104564,43552.5,1.51463,1.21282;j,45521.6,42548.3,-0.215546,-1.22939;e-,125102,26142.3,2.24762,-2.4177;e+,109851,23114.1,2.24057,-2.41748;m+,69185.8,23001.9,1.76551,-3.09867;
19752557;w_jets;0.0336338;51991.3;2.36012;j,306337,127097,1.52486,0.0637592;j,194427,34449.3,-2.4146,-2.9836;e-,34929.9,30040.2,-0.563096,-2.66702;e+,25196.5,21658.3,-0.564091,-2.66724;e-,30559.6,11310.3,-1.65096,-2.43929;
20265878;w_jets;0.0336148;27674.6;-2.69412;j,126285,65731.6,1.26396,0.196155;j,36776.2,36292.7,0.0296613,-2.03703;j,29357.2,24077.6,0.623273,1.0462;e-,70683.8,23939.8,1.74582,2.93981;e+,66468.3,22509.5,1.74595,2.93976;m-,37364.1,12822.6,1.73181,2.95126;
20366333;w_jets;0.0336066;39877.2;2.17065;j,283034,146959,1.27226,-1.90745;j,247424,103922,-1.51061,1.7993;j,71796,34936.6,1.34535,0.274058;j,213649,25871.2,-2.80026,0.538728;j,44488.8,25414.5,1.15159,0.977277;e+,52280.3,34841.4,0.96289,-0.729635;e-,41043.9,27210.4,0.969894,-0.788514;m+,223398,38125.5,-2.45386,1.92794;
20431209;w_jets;0.0336066;60377.1;0.607821;j,84771.9,82537.6,0.163815,-2.39006;j,73462.9,66134,-0.424289,-1.2067;j,35404.2,26257.6,-0.788702,2.83203;j,112042,24828.7,-2.18699,0.0902736;e+,47492,29211.1,-1.06737,1.51906;e-,29104.9,22824.5,0.725798,2.61107;e+,18531.8,14533,0.725792,2.61106;
20868837;w_jets;0.0336366;141188;-2.76757;j,260240,253276,-0.228613,0.367575;e+,207855,60804.3,-1.90021,-2.83244;e-,147073,43030.3,-1.90005,-2.8323;m+,255357,74858.7,-1.898,-2.83209;
22872091;w_jets;0.0336212;24658.7;2.25926;j,176744,176152,-0.0260041,2.02914;j,171272,28396.1,-2.48266,-2.33607;e+,115013,114881,0.0480377,-0.881272;e+,54854.5,49210.6,0.47447,-1.29515;e-,16263.5,14558.8,0.479321,-1.29012;
22984271;w_jets;0.0336085;109449;0.504488;j,109070,96724.6,0.435492,-2.17199;j,73957.2,71323.8,-0.265236,2.85022;j,192349,24466.5,-2.75095,1.47423;m-,113937,89426.8,0.724435,0.685791;m-,61638.5,48053.2,0.735272,0.671524;m+,21592.2,16839.6,0.73465,0.682304;
23355332;w_jets;0.0336202;10209.4;-2.66769;j,340152,86528.8,2.04467,-2.16018;j,64607.6,54075.3,-0.605882,0.413057;j,114682,32080.2,-1.94381,2.15879;e+,37470.6,15672.5,-1.51787,-0.0267849;e-,37169.5,15614.8,-1.51306,-0.0222112;m+,43898.2,30332,-0.913668,-2.99983;
23607735;w_jets;0.0336317;45332.5;2.26498;j,158723,142500,0.46901,-0.246503;e+,76059.4,73548.6,-0.260555,-3.05837;e-,24993.2,24168.5,-0.260512,-3.05832;e+,11046.5,10681.9,-0.26052,-3.05833;
23720285;w_jets;0.0336317;146591;0.243149;j,168123,137364,0.596494,-2.88485;j,76379.9,28245.8,-1.64955,2.79234;e+,38646.5,24640.7,-1.02125,-0.104006;m+,72478.2,49404,-0.932348,0.288879;m-,41831,30917,-0.817307,0.176257;
23794766;w_jets;0.0336317;60881;-0.965089;j,245996,147868,1.09367,2.03951;j,58550.4,47689.5,-0.650784,-0.708767;e-,78978.9,26297,1.76393,-1.59937;e+,73077.4,14948.7,2.26941,-2.22889;e+,36445.2,12135.3,1.7639,-1.59935;
24192632;w_jets;0.0336281;28924.4;-2.36078;j,110922,74680.4,0.944157,-0.404048;j,158211,40650.2,-2.03222,-2.86341;j,146889,28995.8,2.30547,2.25271;e+,21492.6,21451.3,0.0620428,1.87887;e-,16975.2,16944,0.0606824,1.87997;m-,15110.1,12883.5,0.57972,2.37202;
25129425;w_jets;0.033617;3643.59;-0.914646;j,206737,96696.4,1.38913,2.38722;j,49558.6,40686.8,0.629496,-0.895534;j,66579,34417.2,-1.27081,-0.580642;m+,49963.5,48211.6,0.268767,2.91671;m+,66308.8,36318.7,-1.20994,0.453596;m-,27678.5,15475.2,-1.18523,0.42079;
25434644;w_jets;0.0336203;60418;-0.266781;j,190201,85140.7,-1.44229,2.47984;j,138289,43348.2,-1.82333,-0.648192;j,378116,28783.2,-3.26675,-0.45984;e-,32661.5,25570,-0.728544,3.10137;e+,14552.9,11392.3,-0.728666,3.10121;m+,60442.4,58992.6,0.221244,-0.0596726;
25517325;w_jets;0.0336203;89529;1.41084;j,614050,327151,1.24175,-1.52191;j,34877.6,28005.1,0.65661,-2.93516;e+,261366,238319,0.436316,1.52189;m+,48609.9,48110.7,0.143918,1.50847;m-,17073.5,16915.3,0.136519,1.51836;
26041663;w_jets;0.0336166;140138;-0.601863;j,161902,130538,-0.670623,2.14182;j,306149,74351,-2.09267,-2.3079;j,60283.2,23757.2,-1.57761,2.43665;m+,144361,32516.1,-2.17079,-0.504601;m-,31581.4,16114.8,-1.29341,-0.234765;m-,82434.4,15882,-2.33055,-0.43581;
26452207;w_jets;0.0336259;120437;0.573633;j,228083,147814,-0.989626,-2.55575;e+,29447,16635,-1.17274,0.450486;e-,22123.8,12508.3,-1.17175,0.450645;m-,81918.5,47622.1,-1.13778,0.480437;
26462606;w_jets;0.0336259;13944.9;-1.1505;j,61568.1,43057.4,0.875505,2.99627;j,40785.1,38689.8,-0.257552,-1.47719;j,58549.2,31985.2,1.20054,0.402699;e-,73782.9,72284.8,-0.203243,-3.04143;e+,50444.5,48941.2,0.247224,0.808865;e-,37711.2,36590.8,0.246837,0.808978;
26946417;w_jets;0.0336154;30441.3;-2.65506;j,154840,83098.5,1.22627,0.486063;j,87416.8,47938.9,-1.20459,-0.0872731;e-,32328.9,30749.9,0.319115,-2.81757;e+,31208.1,29770.6,0.309524,-2.84311;e-,17709.1,16892.8,0.309625,-2.843;
27443513;w_jets;0.0336252;25873;-2.60412;j,1.01619e+06,187367,-2.37509,2.87341;e+,233713,150278,-1.01024,-0.19021;e-,52447.1,34154,-0.993615,-0.14607;e+,17248.3,10965.9,-1.02496,-0.152861;
27514358;w_jets;0.0336252;25108.7;1.04504;j,79928.3,71810.9,0.434927,-1.5679;j,31099.2,28444.7,0.301028,0.762723;j,63121.9,25651.9,1.54132,0.19172;e+,51296.8,47025.7,0.423045,-2.70202;e-,54090.5,38424.3,-0.874846,1.77539;e+,13747.3,11260.5,-0.652938,1.75646;
28956551;w_jets;0.0336248;25510.3;2.23282;j,99821.1,94475.3,-0.263486,-0.573933;j,118720,47743.1,1.55977,-0.305069;j,185835,26447.2,-2.63691,-3.07891;e-,65886.8,64381.4,0.215838,2.66228;e+,20784,20315.7,0.214311,2.66428;m-,50923.5,49767.1,0.215146,2.66459;
29705788;w_jets;0.0336369;33341.5;2.81883;j,128083,124677,-0.172155,-2.37292;j,291959,66789.7,-2.15204,-0.312782;j,57632.7,56254.3,-0.176511,0.672576;e-,96251.9,25229.7,-2.01446,1.60488;e+,71769.5,18770.5,-2.01676,1.61515;e+,46145.9,11756.7,-2.0439,1.59002;
29708405;w_jets;0.0336369;29123.2;-0.0057119;j,281007,101388,1.67563,1.49698;j,525344,72877.5,2.66324,-2.7838;j,141081,31760.3,2.16953,-1.86299;e-,74088,29452.3,1.57355,-0.806607;e+,60172.4,22854,1.62305,-0.714635;m-,98185.9,29524.3,1.87138,-0.632084;
30101986;w_jets;0.0336161;50734.8;1.49544;j,250942,227772,-0.44323,-0.653021;j,322379,201037,1.04289,2.57339;j,128613,30308.2,-2.12303,1.70068;e-,45923.8,45865.5,-0.0504387,-1.59791;m-,34689.2,24807.7,0.865299,0.972726;m+,20650.9,16195.4,0.725712,0.976483;
30431524;w_jets;0.0336269;72104;-1.1906;j,188104,128988,0.915273,2.25629;j,35065.4,33707.5,0.116576,-0.996782;j,53708,26858.3,-1.31219,1.24922;e-,24488.1,17071.2,0.901343,-1.52594;e+,23279.3,16259.1,0.898718,-1.52963;m+,124546,87785.6,0.885895,-1.54306;
30557469;w_jets;0.0336269;9934.61;0.82137;j,145151,79897.4,1.20202,2.68037;j,1.31153e+06,51932.5,-3.9217,-2.51089;j,52149.6,43179,0.614431,1.51745;j,1.69647e+06,30472.2,-4.71255,-2.22607;e+,430401,89581.5,2.2517,-0.22308;e-,31121.2,15756.6,1.30248,0.194443;e+,27443.6,13833.5,1.30759,0.192254;
31415289;w_jets;0.0336062;92137.3;-3.00378;j,244063,228593,0.163807,0.299088;j,117926,111337,-0.250877,-1.83207;j,78499.7,62925.6,0.640609,2.29739;e+,170926,82935.7,-1.35145,3.04193;m+,79561,40103.1,-1.30762,3.01776;m-,53112.6,26781.9,-1.30717,3.02122;
31576128;w_jets;0.0336062;90269.2;1.69205;j,172419,103752,-1.09271,-2.20419;e-,55824,53174.1,-0.314403,-0.0982273;e+,25679.9,24446.3,-0.316355,-0.0969579;m-,53769.8,33389.8,-1.05522,0.672292;
32017376;w_jets;0.0336168;71460.6;-2.3431;j,614279,96989.4,2.53236,0.646857;j,71971.9,34524.8,1.34791,1.61202;j,39170.1,32600.5,0.569123,0.421795;e-,39430.8,29189.9,0.81492,-1.87578;e+,23570,18114.6,0.757823,-1.95008;e-,32399.5,17021.9,1.2593,-2.12963;
32676269;w_jets;0.0336228;43098.6;-1.69157;j,139773,82091,1.113,1.90789;j,37140.2,33508.7,0.38821,-3.10369;e-,47822.1,46851.7,0.203181,-0.636068;e+,29469,28832.3,0.209764,-0.640943;e+,14796.6,14070.9,0.31982,-0.11712;
32680800;w_jets;0.0336228;54975.2;2.44347;j,202029,198343,0.186903,-2.18909;j,62289.4,60167.2,-0.0337126,0.278488;j,67192,44711.3,0.938231,0.725174;j,47477.7,35961.2,-0.767689,-1.12757;e+,454019,90755.6,-2.29297,1.13257;e+,17820.4,15491.7,0.541664,1.56851;e-,16965.6,15139.3,0.486381,1.56512;
32867769;w_jets;0.0336228;113477;-1.44032;j,955541,261834,-1.96776,1.28513;j,539590,136393,2.05149,-2.04412;e-,29230.4,24056.5,0.644635,-1.63323;e+,92288.3,22394.2,2.09421,2.56014;e+,12867.5,10487.6,0.661548,-1.66143;
32911147;w_jets;0.0336241;240538;1.45464;j,179553,164474,0.37162,-1.08946;j,284689,121446,1.49013,-2.32593;m+,153117,123589,-0.678188,1.13063;m+,17861.3,14348,-0.68623,1.18085;m-,13382.9,10816.1,-0.675931,1.16498;
32992669;w_jets;0.0336241;25081.1;0.655025;j,314411,61444.5,-2.31506,-1.82199;j,150720,43865.8,-1.90399,-1.31751;e-,67902.1,38865.2,-1.1568,1.65097;e+,54587.8,31242.2,-1.15689,1.65093;e+,46458.2,27233.5,-1.12753,1.65034;
33457047;w_jets;0.0336266;343262;-2.87759;j,329847,323054,0.147686,0.279231;m-,198950,198701,-0.0500841,-2.66297;m+,51625.2,51485.1,-0.0737212,-2.65366;m-,76072.1,45501,-1.10251,1.90476;
33586335;w_jets;0.0336333;149720;1.92808;j,610352,210166,-1.72547,-1.08714;e+,39164.1,33805.2,-0.555887,2.36737;e-,29290.8,25453.3,-0.542444,2.36385;m+,83797.2,72678,-0.546337,2.36688;
33909041;w_jets;0.0336269;38013.2;1.16387;j,784618,239143,-1.85663,-1.15465;j,247327,104446,-1.50452,1.80561;j,649095,61741.7,-3.04328,2.62785;b,60577.9,60301.4,-0.0687173,2.83214;j,672733,22384.8,-4.0958,0.0192203;e-,57292.7,45651.2,-0.699789,1.78975;m-,40398.8,12032.8,-1.88135,3.03449;m+,35264.2,10498.6,-1.88184,2.96266;
34554040;w_jets;0.0336106;44327.5;0.922345;b,521260,143199,1.96551,-2.74973;j,160537,60465.6,1.63037,1.39357;j,1.36173e+06,39047.6,4.24465,2.36004;j,117180,31832.9,-1.9767,1.66217;b,102356,29111.8,1.92606,-0.667667;e+,76355.2,73133.2,-0.295759,-0.820058;e-,47400.5,42138.5,-0.494688,-0.678076;e+,18408.8,16369.4,-0.494131,-0.677983;
35020062;w_jets;0.0336163;17594.8;-2.85195;j,106529,105883,0.0860369,-2.1981;e-,83945.2,75968.1,0.454352,0.743665;e+,40051.7,32164.5,0.686732,0.762751;e-,14218.7,11426.5,0.685579,0.763674;
36506134;w_jets;0.0336256;129245;-1.33648;j,290983,213096,0.8279,2.00196;j,179062,38173,2.22508,-1.49301;e+,110858,49523.3,1.44486,-0.472226;e-,29943.1,13377.2,1.44478,-0.472231;m+,82370.6,55756.5,0.941862,-0.721671;
37575193;w_jets;0.0336278;4600.64;2.10255;j,178077,82358.2,1.40352,-1.33815;j,57910.8,33893.5,-1.12442,-2.41891;e-,78667.1,78151,0.114853,1.59581;e-,28478.6,28334.5,-0.100788,1.6541;e+,10450.1,10422.4,-0.0729866,1.54757;
37734045;w_jets;0.0336196;101503;-3.13758;j,836051,136284,-2.50008,0.409564;j,106356,102810,0.237564,-0.977982;j,178581,57113.2,-1.80388,2.11524;e+,62418.4,35893.3,-1.15112,-2.44252;m-,65943.2,36182.7,-1.20781,-2.43233;m+,30978.8,17661.8,-1.16159,-2.44683;
38178630;w_jets;0.0336361;193625;-1.30354;j,247880,208541,-0.552618,1.68319;j,187533,66322.9,-1.69192,1.97028;e-,223383,68224.4,-1.85505,-1.68174;e+,101272,30160.8,-1.88146,-1.67347;m-,459140,170827,-1.6453,-1.28135;
39109007;w_jets;0.0336398;89964.2;2.8164;j,570115,128099,-2.17296,0.0639396;j,192180,46846.2,-2.08751,2.76816;e-,70863.6,55397.2,-0.730873,-1.57334;m-,31605.2,27365.7,-0.549677,1.2379;m+,28210.5,24664.2,-0.530006,1.45827;
39317922;w_jets;0.0336193;87555.5;1.73047;b,178322,153679,0.551037,-1.70281;j,71121.9,28589.9,1.55501,-2.05881;e+,45595.7,45456.5,0.0782518,0.957076;e-,32745.7,32725.6,0.0349936,0.979673;e+,13485,13476.6,0.0353742,0.979842;
40230358;w_jets;0.0336346;66303;2.73367;j,120069,106663,0.490539,-0.572799;e-,28034.5,27985,0.0594631,2.33418;m+,30995.7,30972.3,0.0387211,2.51177;m-,23757.5,23706.1,0.0656981,2.51251;
41710965;w_jets;0.0336264;129142;2.98016;j,884905,183026,-2.25759,-0.647906;j,99548.9,76022.6,-0.765753,0.505566;e+,136669,112856,-0.638707,2.5287;m+,23964.4,19291.6,-0.682663,2.53849;m-,22030.2,18343.5,-0.623816,2.55959;
41946910;w_jets;0.0336264;73017.2;-1.83787;j,193335,184087,-0.306549,1.10326;e+,77627.9,72334,0.380292,-2.09217;e-,43628,40655.1,0.380134,-2.09231;m-,53237.6,49609.7,0.380134,-2.09287;
43112387;w_jets;0.0336251;10663.1;-1.05194;b,234991,78900.2,-1.75073,2.10169;j,79111.1,76708.2,-0.097653,-0.661609;e-,24184.6,16011.1,-0.971748,-2.51173;e+,19226.7,12728.3,-0.971799,-2.51147;m-,29425.1,19796.1,-0.950161,-2.61605;
43727414;w_jets;0.0336209;14569.5;-2.3069;j,70279.9,60709.4,0.550131,-1.78374;j,117877,54700.7,-1.40068,-2.65437;e+,190314,81605.6,-1.49042,0.841129;e+,60031.2,25777.9,-1.48884,0.84231;e-,49014.3,21053.9,-1.48848,0.846275;
43794105;w_jets;0.0336209;104855;-2.86301;j,826485,189760,2.15062,1.28093;e-,349449,107919,1.84338,-1.21001;e+,149791,46259.5,1.84338,-1.21003;m+,198164,89199.2,1.43637,-2.65825;
44013104;w_jets;0.0336228;32513.8;1.79935;j,113877,92164.5,0.655179,-1.30845;j,965654,25740.5,4.31769,2.31783;e+,60558.6,45735.5,-0.784818,1.80271;e-,28569.5,21924.3,-0.760148,1.78963;m+,62559,48754.1,-0.73582,1.75859;
44264725;w_jets;0.033619;128599;-2.7924;j,253776,244968,0.241856,-0.958633;j,287815,215734,0.791684,1.19899;j,68563.6,25004.4,1.66536,0.75853;j,27745.9,24591.9,0.350049,-3.01378;j,1.04338e+06,23080.8,4.50423,1.36327;e+,81372,60229.6,-0.815136,3.06439;e-,57993.7,42907.8,-0.81575,3.05449;m+,58955.8,44668.2,-0.779908,3.07214;
44524857;w_jets;0.0336073;331221;-1.47727;j,2.08327e+06,526670,-2.05177,1.61805;j,141726,85745.9,1.07498,-1.70995;j,81499.3,73891.5,0.411,-1.32805;j,211233,52874.1,2.06071,-1.6158;j,99749.6,23527.3,2.12262,1.24735;m-,401225,113072,-1.93917,-0.880835;m+,84009.8,71205.9,-0.591048,-2.04029;m+,112942,29866,-2.00534,-0.890105;
45023211;w_jets;0.0336194;25410.3;1.22776;j,104190,93849.3,0.446118,-0.507774;j,43452.4,28314.6,0.98661,0.486175;e-,89485.8,59731.9,-0.960745,2.9663;e-,38983.5,25969.8,-0.963416,2.97265;e+,33876.9,22568.5,-0.963383,2.97277;
45071748;w_jets;0.0336194;73330;-2.29383;j,326797,142715,1.46036,0.45242;j,60725.4,58667.2,-0.224957,3.03722;j,78640.6,42253.1,1.22532,-1.91612;m+,75829.2,75675.9,-0.0636149,-2.44124;m-,59722,59641.7,-0.0518675,-2.38616;m-,330720,57027.1,2.44338,1.07162;
45097670;w_jets;0.0336194;54022;-2.47972;j,89852.1,87965.9,-0.117941,0.551412;j,74484.1,28088.6,-1.62316,-1.60985;e-,29721.6,29414.4,0.144384,-3.07379;m+,29342.1,28963.7,0.161429,3.133;m-,12915.6,12701.5,0.183148,-3.13;
45235498;w_jets;0.0336328;69956.4;-0.0844453;j,327886,177427,1.21621,2.23414;j,596646,65560.7,-2.89774,-1.78319;j,308179,48397.2,-2.53749,-2.92654;e-,181591,147221,0.670673,-0.569424;m-,22692.6,16449,0.845834,-0.676292;m+,13573.4,10323.6,0.773949,-0.493259;
45245563;w_jets;0.0336328;14088.6;-0.36496;j,222398,131132,-1.11914,-1.04424;j,323505,82623.6,-2.04034,2.22128;e+,25551,25221.4,-0.161492,2.19858;e-,19653.1,19399.7,-0.161464,2.19772;m-,10818.2,10641.1,-0.181937,2.27217;
45245681;w_jets;0.0336328;66352.9;2.01186;j,1.41537e+06,564619,-1.56903,1.56107;j,589693,550875,-0.329713,-0.987146;j,388649,145584,1.63344,-1.06801;j,245572,98794.4,1.55739,-2.61065;j,221800,55012.6,-2.0709,0.614938;j,34005,26881.4,0.66999,-1.1156;j,25883.6,24542.9,0.105653,-1.8647;e-,383737,176135,-1.41445,3.07613;e+,263496,120938,-1.41452,3.07623;e+,11362.4,11268.2,-0.12924,-2.90161;
45367201;w_jets;0.0336328;79155.4;1.02281;j,466196,140126,-1.87096,-2.35074;j,116109,67660.7,-1.1299,0.92847;j,32190.2,31889.7,-0.0661209,-1.07038;j,121020,26833.6,2.18589,2.71766;j,29009.4,25491.4,0.510675,-1.87356;e-,17206.1,17163.4,-0.0705605,-0.0825992;e+,12812.3,12779.8,-0.071356,-0.0822064;m+,115396,94797.2,0.647846,1.29335;
45980227;w_jets;0.0336269;36192;3.04161;j,144617,50299.5,1.71414,-0.942928;j,196453,37043.2,2.35172,-1.83674;j,50757.1,31277.7,-1.05604,-0.44005;j,68604.3,23876.5,1.71024,1.66818;e-,33301,33294.7,-0.0195032,1.89935;e+,14062.5,14056.4,-0.0294186,1.90335;m-,40560,40449.5,-0.0738685,1.81107;
45995252;w_jets;0.0336269;173544;-2.44094;j,293284,200653,0.924185,0.85948;j,125195,63458.8,1.292,-0.0585009;j,30534.3,23783.7,-0.710318,0.186662;e-,172999,85035,1.33662,-2.65815;e+,25348.1,12524,1.33068,-2.72815;m-,162136,125131,0.751271,-2.62931;
46264983;w_jets;0.0336203;25096.4;-3.02839;j,93611.3,81860.8,-0.454573,-2.25988;j,80135.8,72978.8,0.435304,-0.165396;e+,31616.7,30828.6,0.225635,1.562;e-,23141,22832.3,-0.164259,1.61139;e-,15494.5,15119.2,0.222335,1.56653;
46721758;w_jets;0.0336253;101104;1.51137;j,374491,238939,1.01275,-0.394889;j,345767,178351,-1.27981,-2.61878;b,243095,116179,1.3655,2.13926;e+,92514.6,32664,-1.70151,-0.225264;e+,155343,30305.9,-2.31779,-2.83533;e-,110875,22171.4,-2.29259,-2.95393;
46834446;w_jets;0.0336253;26143.6;-0.432202;j,152560,127705,-0.602946,-0.459002;j,467581,124720,-1.99492,2.77248;j,94114.5,46716.9,-1.32218,2.18326;j,263037,37349.1,2.63935,-2.29844;e+,119322,21581.1,2.39488,0.729662;e-,62853.4,11457.5,2.3869,0.734152;m+,111935,20688.4,2.37284,0.730752;
47242157;w_jets;0.0336322;7883.77;2.96703;j,97553.5,54852,-1.16513,0.239972;j,295433,51996.7,-2.42228,2.47996;e-,123918,22362.7,-2.39713,-1.45015;e+,83367.7,15045.3,-2.3971,-1.45042;m+,127762,23069.1,-2.39657,-1.43808;
47507792;w_jets;0.0336265;32404;0.171643;j,354095,116448,1.77672,2.35173;e+,112868,53081.8,1.38699,-1.02934;e-,51588.3,30583.8,1.11356,-1.14421;e+,29399.3,17441.4,1.11269,-1.14453;
47697811;w_jets;0.0336342;225756;-1.5159;j,221226,218824,-0.127134,1.12332;j,607790,212899,1.70783,2.92164;j,145905,38203.7,-2.01434,0.434433;j,605985,36358.6,3.50557,-0.733404;j,88195.9,27361.2,1.83422,0.272071;j,36539.2,27250.4,0.779284,-0.322878;m-,230472,88385.2,-1.61259,-1.75608;m+,132024,50695.9,-1.6112,-1.75284;m+,138706,50523.7,-1.66811,-1.71711;
48476959;w_jets;0.0336284;41329.5;-2.28055;j,74442.6,71824.2,0.225373,2.72789;j,196322,64919.2,1.76972,0.990949;e+,100263,100167,-0.0438242,-1.35507;e-,133752,38194.2,-1.92541,0.726123;e+,60321.5,19391.8,-1.80109,0.630764;
48906883;w_jets;0.0336348;101891;-2.28716;j,174103,144074,0.621551,-0.470356;j,563119,118714,2.23761,1.12463;j,58391.8,56029.3,-0.24748,0.966636;e-,91412.4,90508.3,0.141223,-3.07593;e+,18725.2,18682.8,0.0674174,-2.99388;e-,12497.2,12465.1,0.0717955,-2.98635;
50249283;w_jets;0.0336181;416209;-0.478616;j,457408,454302,0.0727617,2.32455;j,856076,159249,-2.36596,-1.38447;j,422744,59498.4,-2.64861,2.35396;j,56899.3,53815.8,0.257098,-2.1331;m+,837877,285839,-1.73814,-0.473552;m+,60900.6,31602.9,-1.27378,-3.1297;m-,19269.2,10112.3,-1.26059,-3.13091;
50498118;w_jets;0.0336351;92531.3;-1.43151;j,125615,80976.2,-1.00642,2.78081;j,62759,59358.1,0.274148,1.34516;j,120725,48782.1,-1.55321,0.426514;j,29615.4,28505,-0.239691,-1.21551;j,647238,23678.3,4.00091,-3.033;m-,39113.4,23404.6,-1.10199,-1.43675;m+,29468.6,17676.4,-1.09894,-1.43024;m-,45709,15829.6,-1.72213,-1.05758;
50971394;w_jets;0.0336204;195177;-1.21066;j,226220,89489,1.5725,2.79225;j,77007.7,74958.6,0.201898,-1.07372;j,406394,36465.9,-3.10192,2.65316;j,125709,25949.8,2.25901,-0.292597;e-,101333,96573.8,-0.312667,1.54835;e-,56765.6,54217.7,-0.305387,1.54762;e+,41836.1,39956.9,-0.305507,1.54751;
51535651;w_jets;0.033613;163311;-2.55172;j,319723,207117,-0.994481,0.368886;j,195950,33077.2,2.46471,2.76774;j,154742,31543.4,-2.27215,2.57166;m-,85816.6,70327.9,0.652065,-2.18324;m-,55918,54975.5,0.184895,-2.41784;m+,12352.1,10278.3,0.624943,-2.19764;
51747182;w_jets;0.033634;433185;3.0605;j,590414,242875,1.5324,-3.04843;j,224429,121227,1.2248,-1.30323;j,112773,33795.9,1.87007,2.18197;e+,704333,434827,1.06266,0.266403;e-,143802,88777.7,1.06266,0.266431;m+,91368,79097.6,0.550048,2.56453;
51772609;w_jets;0.033634;92363.4;-1.41347;j,210379,101115,1.35116,1.8274;j,52180.3,49043.6,0.297255,2.63496;j,180243,30754.4,2.45337,-0.506828;e-,15365,15223,-0.13647,0.202579;e+,13791.4,13539.5,-0.192589,0.142269;e+,15415.6,13161.1,0.577275,0.990773;
51861178;w_jets;0.033634;227656;-1.38821;j,504121,276458,-1.20713,1.70029;e-,24345,24249.2,-0.0888871,-1.16049;e+,12428.9,12363.8,0.102589,-1.11546;m+,20005.2,19986,0.0435406,-1.20818;
51870004;w_jets;0.033634;31830.3;-2.45078;j,117323,90970.6,0.742431,-0.395938;b,68728.9,23289.4,-1.74254,2.28675;e-,36846.2,36510.7,-0.135453,2.86118;m-,39164.4,39054.8,0.0748526,-1.30526;m+,18928.1,18693.5,-0.158186,2.95665;
52210675;w_jets;0.0336305;219781;0.201147;j,236638,232089,-0.145219,-2.94721;j,228895,23797.3,-2.95347,2.05727;e-,53003.9,21270.9,1.56323,-0.836129;e+,36017.7,12972.7,1.68018,-0.937036;m+,93956.1,41051.2,1.4696,0.920428;
52388675;w_jets;0.0336119;33463.6;2.98955;j,334180,71390.2,-2.22457,1.59565;j,40359.8,30335.9,-0.792063,-1.4428;e+,64348.9,35263.1,-1.20933,-1.00353;e-,21724.2,11907.4,-1.20908,-1.00325;m-,43697.6,23577.7,-1.22781,-0.987466;
52830336;w_jets;0.0336082;23453.5;-1.74891;j,454263,112465,2.07061,-0.443252;j,115118,89616.5,-0.732983,0.951754;e-,252120,119883,-1.37451,2.96507;e-,41754.7,19900.7,-1.37186,2.98527;e+,29854.7,14204.1,-1.37385,2.97955;
53157759;w_jets;0.0336316;192111;-3.01734;j,367016,67347.2,2.37928,0.499863;j,74248.7,64706.1,0.534567,-0.0348936;e+,76326.1,43259.3,-1.16877,0.0659833;e-,50969.8,29182.6,-1.15643,0.0585618;m-,97107.7,29712.8,1.85312,2.94977;
53218248;w_jets;0.0336316;82418;2.11535;j,1.43864e+06,384406,-1.99363,-1.28823;j,76894.5,62301.6,-0.666878,-2.70024;j,42948.2,35486.4,0.580878,0.654509;e+,260177,176725,-0.937143,1.74135;e+,99404,67454.9,-0.938461,1.74387;e-,93169.3,63285.6,-0.937137,1.74136;
53339299;w_jets;0.0336115;174056;-0.922604;j,263301,216980,0.631607,2.14638;j,118818,39067.4,-1.77578,2.86203;e+,95133.4,44287.3,1.39853,-1.03587;m+,219397,103804,1.38018,-1.03508;m-,63966,30327.5,1.37781,-1.03078;
53466642;w_jets;0.0336115;46979.1;2.58326;j,224475,74290.2,-1.76804,0.429561;j,49241.5,48625.7,-0.0774117,-1.06835;j,111919,44159.5,-1.57339,-1.75923;e+,65456.1,27469.5,-1.51419,3.00679;e-,30976.5,12702.7,-1.53959,2.9552;m+,135378,53833.1,-1.57322,2.94662;
55320015;w_jets;0.0336291;42419.2;-1.14006;j,796074,214243,1.98681,1.06787;j,237513,186001,-0.720386,-1.91836;e-,126391,98543.9,0.735109,2.69877;e-,316907,82251.9,2.02469,-0.555228;e+,63705.3,49598.3,0.7374,2.69769;
55477582;w_jets;0.0336272;84071.3;1.79462;j,182946,88837.1,-1.3461,-1.63771;j,2.86422e+06,67853,-4.43571,2.35843;j,77054.6,38577.4,1.31211,0.918676;j,31000.6,28148.2,0.446473,-1.02213;e+,632359,125213,2.30264,-0.691362;e+,217876,81391.2,1.64094,2.63761;e-,97405.6,19287.1,2.30264,-0.691348;
55522588;w_jets;0.0336272;102877;0.168588;j,231461,81674.9,-1.69958,-2.19315;j,44715.4,42274.5,0.305236,2.45092;j,864979,38013.4,3.81737,2.44113;m-,669582,244992,-1.66329,1.13708;m-,991405,190105,-2.33537,-1.54731;m+,78252,16220.5,-2.25589,-1.43321;
55582412;w_jets;0.0336272;65086.3;1.24143;j,307129,177124,1.14551,-2.26127;j,149799,87136.1,1.12923,0.706395;j,72837.4,43237.9,-1.10483,0.370789;m-,35377.7,24661.2,0.901417,1.58869;m+,21752.4,15754.9,0.846991,1.55193;m-,16686.6,11630.9,0.901514,1.58452;
55921133;w_jets;0.0336307;102924;2.43588;j,246463,208974,-0.579001,-1.2479;j,60406.3,51538.9,-0.540944,1.36192;e+,84773.8,32240.2,-1.62162,1.75018;e-,84066.7,31971.9,-1.6216,1.75016;m+,33096.4,13623.3,-1.53545,1.62909;
56288091;w_jets;0.0336245;25259.7;-0.854735;j,704233,175219,-2.06817,-1.66669;j,140502,139754,-0.0676008,0.926636;e+,253696,82120.2,-1.79381,2.14838;e-,71819.4,23294.7,-1.79167,2.13531;e+,51664.2,16750.6,-1.7921,2.13578;
56911014;w_jets;0.0336229;110328;2.87069;j,78709.7,76357.2,0.106718,-1.01635;j,321263,51689.8,-2.51292,1.01463;j,71387.8,45834.4,0.995619,-0.403075;m+,168047,38919.8,-2.1422,2.70365;m-,66076.7,19771.4,-1.87655,-2.66197;m+,60440.7,18021,-1.88027,-2.68124;
57266427;w_jets;0.0336237;152964;-2.65607;j,388887,132779,1.73521,0.501003;m-,247201,122602,1.32631,-2.62381;m-,29849.7,15002.4,1.31096,-2.64168;m+,28186.7,13048.1,1.40487,-2.52881;
57954877;w_jets;0.0336107;79933.4;0.65223;j,251481,112668,1.43826,2.88921;j,65244.7,61064.4,-0.213537,0.15998;j,48211.9,47594.1,0.0747181,-0.757394;j,170916,33812.3,-2.30282,-1.22152;m+,32971.7,26415.2,-0.690745,-1.62799;m-,28930.1,20490.6,-0.879016,-1.45092;m+,14773,14681.3,-0.111487,2.66026;
58016372;w_jets;0.03362;16118.6;1.24306;j,341508,113893,-1.76085,1.35442;e+,273264,65672.6,-2.10414,-1.81553;e+,150051,35945.9,-2.10744,-1.8234;e-,73804.8,17676,-2.1077,-1.82414;
58182324;w_jets;0.03362;95187.9;-2.73757;j,264481,119471,1.43047,-0.0121988;j,64712.2,26123.2,1.55029,2.53981;m+,52464.7,44729.5,0.57994,-2.36088;m+,36080.2,29341.9,0.665363,-2.3564;m-,24946.3,20205.6,0.672271,-2.36329;
58499669;w_jets;0.0336295;49505.5;2.18666;j,93914.3,76390.5,-0.639206,0.117318;j,59139.9,46747.1,-0.69683,-1.2538;e+,113117,56799,1.31206,2.87005;m-,58503.2,24356.8,1.52296,2.90354;m+,30506.8,12649.8,1.5274,2.90192;
58587287;w_jets;0.0336295;28442.3;1.17454;j,69428.4,66844.4,-0.16501,-1.89754;j,44127.2,39123.1,0.483785,1.1543;m-,94350.6,34180.7,1.67395,1.51373;m-,53087.6,19005,1.68669,1.55453;m+,31670.4,11013.2,1.71773,1.549;
58673232;w_jets;0.0336155;127577;-1.49689;j,285201,79763.7,1.94624,1.23798;j,41926,38786.3,0.37866,1.90507;m+,263947,102674,1.59715,-1.08298;m+,52329.8,23897.8,1.42016,-1.3165;m-,25628.2,12667.8,1.33018,-1.3626;
59090476;w_jets;0.0336092;41368.9;-1.07554;j,139870,125225,0.466263,0.22858;j,525549,122491,2.13479,-2.58939;e+,26837.5,16599,1.06032,1.80741;e-,25533,15879.1,1.05332,1.79787;e-,18234.5,11547.4,1.03006,1.7679;
59319782;w_jets;0.0336211;26991.6;1.2727;j,347761,100015,-1.91477,1.51933;j,74186.3,40759.3,1.19344,-0.744453;e-,170340,64974.2,-1.61842,-1.84249;e-,65467.2,24967.4,-1.6186,-1.84378;e+,33720,12854,-1.61909,-1.84412;
59475478;w_jets;0.0336211;61692.1;-2.71011;j,98610.6,97245.4,-0.156083,-0.191005;j,102567,58629,-1.14999,1.00184;j,60315.1,31373.6,1.27009,1.458;e+,93012.2,73211.5,0.71983,-2.5042;e+,20104.6,16709.1,0.627181,-2.82357;e-,19249,15607.6,0.670464,-2.8726;
59583346;w_jets;0.0336253;49346.8;0.655792;j,174693,107693,-1.0571,-2.64665;j,51038.6,24711.9,-1.3501,1.0373;j,37824.6,24422.3,-0.998965,2.86917;e+,111062,56833.7,-1.29008,0.168202;e-,46146.8,23336.5,-1.30384,0.176246;m+,52919.6,26871.5,-1.29908,-0.037416;
59878940;w_jets;0.0336269;68622;1.7808;b,359245,294963,-0.645952,-1.95342;j,250322,246464,0.142972,0.58221;j,205036,36488.4,2.41039,-3.11462;e-,86537.9,61515.5,0.873886,2.24507;e+,17989.4,12788.4,0.873815,2.24496;m-,43267.8,26499.4,1.07278,2.5066;
60334227;w_jets;0.0336278;46341.7;-0.534405;j,197908,177726,0.461034,1.90616;j,45629.5,43779.7,-0.271156,-2.29216;e-,98035.7,86550.1,0.509646,-1.00388;e+,45973.9,40589.8,0.509536,-1.00401;e+,17109.2,14761.4,0.556789,-1.01887;
60383442;w_jets;0.0336278;119294;2.01912;j,186737,186324,0.0335511,-1.89399;j,164857,28596,-2.43667,-0.227726;e+,66507.8,65983.9,-0.125928,0.804038;e-,22895.3,22715.2,-0.125861,0.803993;m+,245510,126399,-1.28301,1.95554;
60704835;w_jets;0.0336306;388632;1.82027;j,1.14023e+06,534617,1.38637,-1.34045;j,32921.1,25864.8,-0.686287,1.82909;e+,225683,104066,1.40928,1.84913;m-,503518,113435,2.1706,2.20328;m+,52231.6,13509.1,2.02831,2.26953;
60911540;w_jets;0.0336246;61988.2;-1.30974;j,149177,88640.8,-1.10868,0.952503;j,499138,66708.2,2.70108,2.40115;j,59140.3,54017.3,-0.379084,2.57851;e-,130943,74360,1.16639,-1.38982;m+,35036.8,21315.6,1.08121,-1.29757;m-,21314.1,10106.9,1.37764,-1.29762;
61398951;w_jets;0.0336405;101549;2.44853;j,590622,231400,-1.58759,1.17843;j,115119,63395.7,1.19715,-0.24953;e+,271459,271036,-0.0559102,-1.80839;m+,83376,77628.7,-0.382462,2.27082;m-,24065,22964.8,-0.308289,2.38615;
61660206;w_jets;0.0336146;150092;1.10932;j,601047,107125,-2.40952,-1.84851;j,185630,105386,1.15058,-1.87718;b,78753.7,73069.7,-0.386941,0.995294;j,188490,68471.8,-1.66932,-3.1056;j,127574,34253.1,-1.98801,0.859136;e-,14773.2,11286.6,-0.767073,-0.0361725;e+,13836.1,10567.3,-0.767573,-0.0293835;m+,55868.4,42494.8,-0.773901,-0.0281583;
61886578;w_jets;0.0336313;242943;1.45699;j,156397,109158,0.896781,-1.35413;j,54053.3,28999.3,1.22725,2.98614;e-,114036,110314,0.25905,-1.46444;e+,46396.5,46052.9,0.122085,-1.47788;e-,35187.6,33298.3,0.335285,2.33535;
61902206;w_jets;0.0336313;40270.5;2.81674;j,206153,90859,1.45911,0.0701606;j,64766.7,63776.8,-0.169179,-3.03482;e+,32091.8,16160.8,1.30871,-0.859211;e-,21639.7,10877.5,1.31081,-0.852458;m+,32315.7,16468.6,1.29489,-0.907784;
62372608;w_jets;0.0336267;13576.7;-0.801692;j,49134.8,39784.6,0.632508,-3.08268;j,221102,30094.6,2.68227,0.30122;j,67499.3,29654.9,1.45593,-2.57341;j,209605,25754.7,2.78511,1.24793;m+,36926.1,36750.9,-0.0975823,0.115548;m+,19914.4,18660.6,0.364512,-0.151932;m-,18186.9,18094.9,-0.100648,0.104382;
62436878;w_jets;0.0336267;16708.5;3.1194;j,114452,98067.2,0.549074,2.37784;j,271896,53427.2,-2.31027,0.464652;e-,117680,68159.9,-1.1423,-1.21581;e+,40470.7,20819.2,-1.28396,-1.31928;e-,34884.3,17946.9,-1.28385,-1.31929;
62957782;w_jets;0.0336153;339752;-0.777717;j,1.1476e+06,232684,2.278,3.01704;j,143496,115651,-0.675919,0.756486;e-,624116,130969,-2.24333,2.23438;e+,274873,57682.4,-2.24331,2.23425;m+,659852,210374,-1.80984,-0.555804;g,158436,26512.1,-2.47382,-0.967054;
62995121;w_jets;0.0336311;162236;-2.73557;j,305227,136702,1.44124,0.218239;m-,188533,97194.7,1.28145,-2.5509;m-,113153,60698.9,1.23472,-2.78071;m+,51357.3,25023.7,1.34666,-2.71821;
63318249;w_jets;0.0336129;69474.4;0.614739;j,65982.8,45200.1,0.921968,2.92623;j,124722,38542,1.84091,-2.06515;j,73944.2,26124.9,-1.69748,2.56517;j,59631.2,24226,-1.54591,-2.24193;j,72602.7,24104.6,-1.76412,-0.539521;m+,180029,53426.5,1.88518,0.569572;m-,65842.6,20162.6,1.85227,0.580721;m+,57718.2,18179.8,1.82263,0.602531;
63438159;w_jets;0.0336129;17408.9;1.84837;j,219631,195758,-0.47882,0.292801;e-,111840,105837,-0.335238,-2.63714;e+,74511.7,70917.9,-0.317025,-2.87431;e-,13129.8,12188.4,-0.390543,-2.89664;
63574191;w_jets;0.0336129;49372.9;-2.8529;j,179979,74256.5,-1.53016,1.76712;j,851938,48357.8,3.56116,-1.81769;j,57313.9,34191.5,1.10212,1.63788;j,648324,30172.1,3.76001,-0.830464;e-,56726.2,55119.7,0.24085,0.309303;m+,80750.8,72085.7,-0.485533,-2.05347;m-,15159.2,13522.7,-0.48709,-2.06225;
63682556;w_jets;0.0336178;96931.6;2.07404;j,117314,75626.3,1.00322,-0.703789;j,188135,51285.9,1.96946,-2.2349;m+,75124.6,69324.1,-0.406275,0.403913;m-,302022,61717.6,2.27047,2.86863;m+,84726,17166.7,2.27918,2.85727;
63800989;w_jets;0.0336178;88343;2.48515;j,163414,122576,0.765446,-1.11969;j,93601.3,63060.6,0.938985,1.23192;j,37786.7,35783.2,0.212677,0.689748;j,59751.4,33305.4,-1.17493,0.567062;e-,49964.9,44960.6,0.467543,-2.23003;e+,15446.2,13899.4,0.467513,-2.23005;m-,95325.5,78697.6,-0.639126,2.26469;
64314428;w_jets;0.0336411;160591;-2.86947;j,384260,109495,-1.92556,0.156228;j,414640,85116.4,-2.26548,0.718111;e-,22729.3,21999.3,-0.256896,-2.06466;e+,15398.9,14864.9,-0.267253,-2.05041;m-,55111.6,26647,-1.35547,-2.73079;
64799776;w_jets;0.0336391;27354.7;-1.53537;j,74134.1,66280.1,0.45006,-2.52025;j,119142,43436.5,-1.66474,0.237907;j,70928.6,40621.1,-1.14907,1.71564;j,29069.7,26051.8,0.428199,0.978367;m-,71108,53169.2,-0.799949,-1.55372;m-,233618,43477.1,-2.36583,0.491427;m+,15103.6,10930.3,-0.848152,-1.71556;
64966067;w_jets;0.0336211;49114.5;2.30385;j,121437,114707,-0.336588,-0.882899;e-,49836.2,42170.4,-0.594182,2.33549;e-,47635.1,24034.8,1.30646,1.70592;e+,13518.6,11269.6,-0.621711,2.33337;
65189541;w_jets;0.0336399;27813.4;3.02781;j,318924,73962.5,-2.14046,1.78319;j,143690,71222.8,-1.31581,-1.90374;e-,167843,35554.7,-2.23369,0.179509;e+,100382,23024.4,-2.15216,0.192674;e-,76340.5,17460.7,-2.15505,0.193369;
65675188;w_jets;0.0336184;70879.4;1.5742;j,150060,72949.9,1.33916,-0.858523;b,73327.2,34406.7,1.38088,-2.59502;j,39056,27985.5,0.852332,-2.95146;m-,150392,49223.9,1.78209,-1.84188;m+,81098,27488.3,1.745,-1.94278;m-,10689.8,10561.6,-0.155311,1.31279;
65849817;w_jets;0.0336128;72757.2;1.89136;j,163626,42020.3,-2.03482,-1.79057;j,399475,31482,3.23213,1.75849;b,33220,31059.5,0.283988,-1.49921;j,31637.2,30031.6,-0.170118,-0.229391;j,40671.9,23853.5,1.12264,-1.35357;m+,142834,67302.4,1.38483,1.58981;m-,112753,28407.3,-2.05544,2.53122;m+,90393.9,22906.6,-2.04944,2.52511;
67104116;w_jets;0.0336246;36310.5;-1.82798;j,154438,67615.1,1.46564,-0.833472;j,49394.1,47657.3,-0.257992,2.02717;j,110942,47557.2,-1.4867,2.59768;e-,14803.3,12955.9,0.527875,1.00584;e+,12288.2,10754.7,0.527884,1.00594;m-,13141.1,11490.6,0.5297,1.05833;
68087079;w_jets;0.0336125;34618.5;1.78745;j,162034,113419,-0.88457,-0.417604;e-,81852.3,23863.3,1.90376,-3.04025;e+,71181.6,21099.9,1.88638,-3.02956;e+,70178.4,20587.9,1.89724,-3.02449;
68196614;w_jets;0.0336125;659836;-0.763469;j,814517,651472,0.655135,2.37487;j,71411.4,68442.6,0.257807,1.42642;j,239199,45754.2,2.33717,3.00819;j,97733.8,30884.1,1.81694,-1.68877;j,25869.4,24757.6,-0.137851,2.81198;e+,62178.7,36059.3,1.14075,-0.598033;e-,33535.4,19556.9,1.1339,-0.602274;m-,341790,200842,1.12453,-0.598157;
68748090;w_jets;0.0336309;61490.7;1.8831;j,338915,113888,1.7528,-2.23387;j,140431,99372.9,0.875257,-0.505122;e-,101589,72327.3,0.871672,1.62853;m-,26237.7,18177.8,0.909956,1.64293;m+,23047.6,15963.5,0.91031,1.67433;
68782488;w_jets;0.0336309;129917;2.28402;j,77048.5,62032.8,0.657951,-1.10936;j,50095.2,45006.7,-0.421742,-0.255997;j,249923,25122.1,-2.98796,-1.87791;m+,128680,122482,0.316813,2.18499;m-,22614.4,22343.9,0.155357,2.31445;m+,16111.2,15982,0.126892,2.30377;
68820056;w_jets;0.0336309;66511.1;-0.490092;j,444102,117206,2.0066,2.61949;j,290842,85213.5,1.89666,-1.17427;e+,112571,31451.5,1.94818,1.29253;e-,42719.7,11936,1.94814,1.29255;m-,50022.2,42799.6,0.573074,0.568928;
69005193;w_jets;0.0336226;23052.9;-0.737433;j,388089,237164,1.07074,2.24416;j,318637,187962,1.11188,-1.79827;j,278024,88708.2,-1.80825,-0.679091;j,70763.8,52666.9,0.802744,-1.15258;e+,59491.4,59490.1,0.00656907,0.926622;e-,40970.1,40946.8,-0.033745,1.1023;e+,38590.9,35560.6,-0.409953,1.00003;
69099275;w_jets;0.0336226;62603.2;-1.59627;j,156703,147729,-0.239676,1.96381;j,105892,54513.4,1.27877,-0.0990458;j,320112,28671.5,-3.10382,2.15618;e+,95085,84174.2,0.503815,-1.21302;m-,31109.2,27290.5,0.523018,-1.19578;m+,21116.6,16409.3,0.740409,-1.26193;
69729384;w_jets;0.0336259;316514;-2.77069;j,761095,288060,1.62545,0.456712;j,399319,62966.8,2.53308,-1.69676;j,51137.5,35761.6,0.884368,0.0632432;j,46275.9,29419.7,1.01281,1.01434;j,44457.8,25080.4,1.16389,1.86527;m+,133694,123047,-0.413051,-2.81187;m-,39558.9,36223,-0.425931,-2.81373;m+,37896.8,34962.5,-0.406873,-2.76097;
70045584;w_jets;0.0336155;90583.2;-0.264983;j,92546.4,91682.5,0.0514555,-2.82296;j,76726.1,44809.8,-1.1268,0.647666;e+,36126,33936.4,-0.357316,2.49035;e-,11534.1,10832.3,-0.358046,2.49009;m-,32314.9,32294,-0.035819,-0.27045;
70221721;w_jets;0.0336351;62646.8;2.39204;j,494981,110611,2.17807,-0.637502;e-,186375,32875.2,2.42032,2.53353;e+,130690,23055.5,2.42019,2.53346;m-,516909,91383.8,2.41804,2.53328;
70252008;w_jets;0.0336351;213750;-0.812261;j,335416,128412,1.61321,2.27057;j,102448,55448,-1.21993,-2.64699;j,101350,42070.6,-1.5214,2.13382;e+,31705.5,25944.8,0.654638,1.86178;e-,27606.4,22595.2,0.654271,1.86129;m-,62764,24390.1,1.59826,0.565174;
70353750;w_jets;0.0336351;72544.3;-1.83643;j,152544,90397.2,1.0992,1.22782;j,174833,27548.2,-2.5333,1.93633;e-,87872.4,49164.1,-1.1844,-1.42006;m+,83121.2,45087.8,-1.22151,-1.42962;m-,41875,22299,-1.24339,-1.41758;
71377085;w_jets;0.0336118;27671.8;1.98863;j,191389,190768,0.0452264,-1.6302;e+,358213,158580,-1.45496,1.41779;m-,26049.5,24168.4,-0.392005,2.71912;m+,11990.2,10545,-0.517654,2.66817;
71752638;w_jets;0.0336162;42839.8;2.76523;j,97851.7,95838.8,0.159758,-1.3908;j,63860.7,46368.2,-0.81763,-1.00794;e+,65648.7,60539.6,-0.408002,1.52336;e-,25718.7,23951.4,-0.381828,1.52729;e+,20235,18855.5,-0.38022,1.53455;
72030549;w_jets;0.0336291;102097;-0.106178;j,185150,72359.7,1.59096,3.01009;j,108322,33248,-1.84803,3.07749;e+,48522.2,24614.4,-1.30022,-1.22704;e-,36376.3,18481.6,-1.29843,-1.22936;e-,42269.8,17547,1.52617,2.19211;
72169627;w_jets;0.0336369;68482.5;-2.81998;j,74823.2,74031.5,-0.101717,0.565702;j,60095.7,44881.8,-0.78751,-0.156456;e-,15573.9,15405.4,-0.14779,-2.84179;e+,12399.3,12265.3,-0.147671,-2.84199;m+,73578.2,72919.4,-0.134311,-2.95953;
72548602;w_jets;0.0336235;112015;0.871882;j,104188,72377.8,0.889025,-0.458617;j,69134.2,67673,0.100098,-2.88778;j,98066.3,50053.7,-1.29192,-2.08963;e-,17987.4,12077.4,0.952837,-2.86761;e+,16112.4,10816.9,0.953024,-2.87102;m+,254195,126971,1.3181,0.632628;
73188151;w_jets;0.0336198;3944.04;-0.647594;j,141614,81016.6,-1.15411,-0.800932;j,85326.9,66088.3,0.718753,2.92905;e+,57012.5,55224.8,-0.253764,0.706983;e-,32585.1,25029.4,-0.758684,2.73059;e+,15308,11758.8,-0.758633,2.73058;
73401575;w_jets;0.0336312;126824;-2.81826;j,1.07448e+06,235899,-2.19641,0.808798;j,95370.8,79046.7,-0.581182,-3.01747;j,135182,26365.4,-2.31549,-1.09606;j,254854,25074.7,-3.00891,-1.99203;e-,83079.2,57088.2,-0.9213,-1.44087;e+,59812.3,41685.7,-0.901706,-1.49927;m+,133161,133147,0.014349,-2.49547;
73464979;w_jets;0.0336312;21249.4;2.3776;j,207252,194318,-0.349969,-2.69806;j,195362,193269,0.00676853,-0.76787;j,35221.2,34140.5,0.197899,0.13614;j,200039,23709.2,2.82193,-2.72512;e+,251549,134276,1.24056,1.33437;e-,72757.9,38839.5,1.2405,1.33446;e-,25864.4,13828.8,1.23863,1.32807;
73709516;w_jets;0.0336055;31146.1;-2.69567;j,168138,166047,-0.0100441,0.746456;j,205758,151328,0.821208,-1.44377;j,1.10718e+06,94677.2,-3.15028,-1.95846;e-,100845,92782.2,0.413944,1.9776;e+,27310.5,25140.1,0.412604,1.97858;e-,15892.1,14629,0.412617,1.97856;
73995033;w_jets;0.0336276;6333.35;-2.58076;j,143013,140924,0.1482,1.80953;j,148486,89777.1,-1.08198,-0.823574;j,141111,78958.4,-1.17239,-1.81053;m+,57782.4,49001,0.590079,2.60889;m-,29813.1,14072.7,1.38281,-2.31277;m+,24853.6,11593.4,1.39624,-2.30608;
74475081;w_jets;0.0336239;18392.7;-1.59989;j,204398,142444,0.897076,-1.00751;j,66681.5,62943.7,0.326571,1.93129;j,52939.9,34006.5,-1.00779,-1.07496;j,99567.9,32337.5,1.78811,-2.25945;e+,68389.2,56228,-0.646385,1.94467;e-,51685.2,46995.7,-0.443101,1.98002;e+,29912.4,27194.8,-0.443418,1.97949;
74564565;w_jets;0.0336239;41892.6;-1.23742;j,247564,113914,-1.40878,1.03657;j,116012,92427.3,-0.695332,0.239521;e+,155661,148243,0.315036,-1.84729;e+,124635,109038,0.528682,2.73322;e-,22213.2,19434.1,0.528618,2.73324;
75614721;w_jets;0.0336278;118680;1.33044;j,321936,283105,-0.51481,-1.5665;e+,157304,97712.2,1.05483,1.847;e-,41914.5,25834.8,1.0647,1.84387;e+,32821.7,20415,1.05313,1.85271;
75743547;w_jets;0.0336278;107950;2.70193;j,343249,247115,-0.853298,-1.31939;j,375763,239377,1.01743,0.429532;j,40965.1,27377.6,0.947151,-2.4847;e-,543099,209218,1.60771,2.56492;m+,185855,41499.1,2.17974,2.44174;m-,91127.6,20947.6,2.1499,2.44871;
76155596;w_jets;0.033612;51418.8;0.172355;j,98456.2,88517,-0.448108,0.0160373;j,210318,43279.7,2.2607,-1.66062;e+,150659,68909.3,1.41841,2.89676;e+,77120,36143.2,1.39094,2.89951;e-,61848.5,29431.7,1.37363,2.86436;
76233149;w_jets;0.033612;76077.2;-2.00713;j,83186.5,63213.2,-0.765481,0.709714;j,53528.2,50929.2,-0.288394,-0.176551;e-,225394,48880.5,2.20965,-3.02519;e+,37773.9,25808.4,0.929154,1.88908;e-,20769.3,14195.5,0.928653,1.89016;
76270688;w_jets;0.033612;54917;-1.42339;j,155454,78297.5,-1.3067,0.486203;j,48249.3,46268.9,-0.232969,2.68826;e+,69441.3,18287.2,2.00962,-3.00416;e+,61567.1,16214.9,2.00954,-3.00378;e-,44420,11699.8,2.00945,-3.00428;
76355618;w_jets;0.033612;91238.3;0.147685;j,111442,78351.3,-0.881168,-2.79654;j,160018,25174.7,-2.53602,1.05256;m+,132472,68179.4,-1.2834,0.461118;m+,66450.6,35121.4,-1.25224,0.367292;m-,25624.3,12531.6,-1.34242,0.442337;
76847139;w_jets;0.0336284;85837.5;-1.83696;j,287134,184281,1.00057,1.24665;j,162312,28519,2.42209,-3.08569;e-,79963.7,66916.4,0.614742,-1.69991;e+,14059.4,11803.9,0.608742,-1.69797;m+,84130.4,70644,0.608478,-1.69386;
77566534;w_jets;0.0336202;35413.1;1.87524;j,103732,83328,-0.666811,-1.31884;j,113463,73039.1,0.997269,1.12654;j,99385.8,30180.6,1.85876,-1.9215;j,1.19662e+06,26605.8,-4.49913,-1.13051;e+,31961.4,27621.6,0.553476,2.4799;e-,20829.2,18002.4,0.553314,2.47937;e-,16340,14955.8,0.426986,2.14006;
77642377;w_jets;0.0336202;183239;2.54543;j,544848,183436,-1.74986,-0.404267;m+,165799,84224.7,1.2986,3.01868;m+,76784.9,60671.4,-0.71358,2.12512;m-,48313.2,38139.2,-0.715086,2.12433;
78924558;w_jets;0.033632;111840;2.98456;j,211919,182630,0.552339,-0.279207;e+,249827,90931.7,1.66891,2.62931;m+,111504,40646,1.6673,2.60123;m-,61471.1,21196,1.72676,2.48523;
79049344;w_jets;0.0336294;49680.7;-2.69247;j,141915,136962,0.206003,-0.239138;j,264672,112607,-1.49725,3.07351;j,148721,31741.4,-2.22395,-2.9011;e-,115800,58958.6,1.29597,0.895754;e+,20430.9,10404.1,1.29576,0.895587;m-,26977.6,20498.7,-0.77548,1.01525;
80315701;w_jets;0.0336251;38785.1;0.683421;j,129807,81946.3,-1.02855,2.40645;j,53719.7,44687,0.584037,-0.315102;j,48308.2,33044.4,0.91699,1.87314;j,33371.2,32005.8,-0.140318,-2.46368;e-,71643.5,37242.5,-1.27174,-1.32654;e+,27069.3,13765.1,-1.29741,-1.49248;m-,86750.7,51844,-1.10357,0.093815;
80384176;w_jets;0.0336251;225050;-1.52801;j,231083,188012,0.623184,1.38548;j,98316.5,91767.9,-0.130416,-2.55915;j,75328.6,69455.8,-0.374816,0.497237;j,226166,60453.2,1.993,1.1108;j,51671.8,31936.5,-1.0595,2.37154;m+,41821,30369.5,-0.843207,-1.07843;m+,27886.8,27653.7,-0.12971,-1.29211;m-,18231.4,18082.6,-0.128056,-1.27419;
80523611;w_jets;0.0336251;61442.7;2.22622;j,273046,268115,-0.108077,0.421386;b,544811,126285,-2.14113,-2.49192;b,183978,28712.7,-2.54391,-1.34943;e-,51222.4,50965.8,0.100298,-2.86123;e-,48592.6,48534.7,-0.0488492,-2.69773;e+,16649.2,16573.8,0.0953574,-2.78088;
80897446;w_jets;0.0336159;178680;-2.40394;j,669695,284607,-1.49925,0.711245;j,108940,34852.2,-1.80537,-2.90602;b,64251.2,23519.9,1.65776,-1.62498;e-,245318,44544.8,-2.39086,-2.5083;e+,56289.8,10221.2,-2.39085,-2.50819;m-,934698,170921,-2.3837,-2.50683;
80966513;w_jets;0.0336159;33394.9;-2.2266;j,526413,161589,1.8468,-1.65632;j,300432,92531,-1.84551,-1.82838;j,96717.4,68973.2,-0.866385,1.10638;j,44959.8,40833,-0.425111,-1.70061;j,223218,33762,-2.57596,-1.97012;e-,325895,270421,0.630059,1.41911;e+,19031,16936.6,0.492333,1.26162;e-,13191.8,11740.1,0.492313,1.26165;
81037883;w_jets;0.0336159;14295.6;0.179049;j,109806,104483,0.310302,0.753473;e+,87974.2,74682.3,0.58811,-2.32033;e-,39630.8,27687.6,0.898314,-2.64062;e+,20318,14194.8,0.898325,-2.64071;
81942873;w_jets;0.0336273;49403.7;0.441719;j,598755,219437,-1.66075,-2.73293;j,162405,161880,0.0166127,-0.111585;j,88622.4,50483.7,1.1591,3.0238;e+,125418,73634.5,1.1256,1.30692;m-,41698.8,21958.9,1.25654,0.728409;m+,39032.5,20350,1.26829,0.72582;
82133523;w_jets;0.033624;25355.4;-2.20392;j,225858,74072.4,1.77598,-2.34422;j,71660.3,65115.6,0.416809,0.079078;e+,83246.1,32467.5,1.59431,1.43207;e-,73103.3,28511.5,1.59431,1.43195;e+,27921.5,10899,1.59339,1.43078;
82198453;w_jets;0.033624;41292.9;-0.787193;j,285088,158687,-1.18745,2.41761;j,130252,106087,0.609893,-0.013113;e+,188727,106811,-1.17051,-1.51109;e-,34466.6,29572.9,-0.567635,2.75116;e+,13516.4,11605.7,-0.566219,2.75442;
82283398;w_jets;0.033624;37226.3;3.1188;j,592106,125968,2.22917,-0.293141;e+,110122,55946.5,1.29848,2.7495;e+,53506,28470.6,1.24431,2.59811;e-,26994.4,14286.2,1.2507,2.5946;
82867156;w_jets;0.0336189;79226.7;-2.57604;j,123406,110955,-0.459835,0.708579;e-,23229.5,23135.2,-0.0902652,-2.47751;e+,11674.1,11627,-0.0899356,-2.47756;m+,82322.1,81754.9,-0.117717,-2.46383;
82912136;w_jets;0.0336189;45732.7;1.62776;j,357588,156092,-1.46949,-2.74485;j,93112.5,89646.7,-0.0484703,-0.208543;e+,48017,43783.3,-0.436296,0.349372;e-,38801.8,35341.3,-0.438995,0.353652;e-,148191,31262.2,-2.23792,-2.98398;
82932892;w_jets;0.0336189;39953.7;0.480284;j,455523,175255,-1.60785,-2.90916;j,341399,93415.9,1.96814,-0.822022;j,129648,75896.2,-1.12661,-1.02384;e-,128777,116737,-0.450354,1.39766;e+,26066.3,23630.2,-0.450265,1.39765;e+,19932.5,18071.6,-0.450009,1.39805;
83068990;w_jets;0.033618;56786.5;0.969751;j,159515,72228.8,1.42759,-1.96964;j,488318,33106.3,3.38316,-0.970763;e-,57726.2,28839.4,1.31791,2.15978;e-,23355.8,12888.3,1.201,2.27802;e+,19304.3,10132.3,1.26042,2.17044;
83099023;w_jets;0.033618;10135.2;0.935584;j,150269,137799,-0.415537,-1.7065;e-,114395,97731.1,-0.575967,1.21898;e+,46875.2,39972.3,-0.579547,1.21955;m-,40098.7,33472.9,-0.619252,1.20928;
83141878;w_jets;0.033618;76773.5;-2.34525;j,187596,174491,0.362347,0.929561;j,112627,87183.9,0.732207,-1.66545;j,239314,27841.9,2.84031,-2.36733;e-,34279.1,34180.3,-0.0760028,3.07015;e+,10987.9,10822.5,-0.174607,3.10637;m-,47673.9,42657.8,0.480314,2.98739;
83366485;w_jets;0.0336252;56247.9;1.24828;j,646524,230926,-1.68879,-1.83304;j,386326,44019.5,2.86127,2.29274;j,530238,33734.3,-3.44688,1.49452;e+,394373,80021.6,-2.27769,1.07966;e-,172443,34961.3,-2.27853,1.07989;m-,215615,46920.2,-2.20614,1.03169;
83650277;w_jets;0.0336252;173250;1.26306;b,477225,177638,-1.64191,-1.8812;m-,282868,55498.6,-2.31201,1.5258;m+,228816,43286.3,-2.34916,1.50736;m+,213782,38548.6,-2.39795,1.61918;
83677766;w_jets;0.0336094;32845.9;0.329349;j,649163,123620,-2.34188,2.17069;j,147982,79513.6,-1.23135,-1.35173;e+,27480.3,20081.6,-0.834029,-0.371047;e-,17965.4,17936.3,0.0569964,-2.65713;e-,19186.3,14022.6,-0.833824,-0.37118;
83923809;w_jets;0.0336094;82407.6;2.44971;j,307129,193134,-1.03405,-0.361934;e-,68291.8,61755.7,-0.456118,3.12986;e+,51141.9,46045.2,-0.466275,3.1252;e+,15305.4,13986.1,-0.430999,-3.13128;
84176688;w_jets;0.0336001;104414;-1.9353;j,1.34368e+06,248538,2.37201,2.57414;e+,242703,197192,0.666977,-0.128248;e-,68672,55800.5,0.666798,-0.127546;m+,221708,43199.8,2.31904,-1.86971;
84409979;w_jets;0.0336267;194710;1.59942;j,340191,200909,-1.1175,-1.54725;m-,372796,125078,-1.75583,0.797714;m+,267780,120847,-1.43348,2.45751;m-,65860.3,29790.6,-1.4309,2.4568;
84584534;w_jets;0.0336267;225209;1.41205;j,164261,163267,-0.0518952,-2.03737;j,117936,80925.3,-0.914137,-1.26758;m-,207089,121835,-1.12305,0.948913;m+,208050,96570.9,-1.40183,1.75733;m-,69782.3,32313,-1.40454,1.75843;g,25718.7,24411.5,-0.325818,1.80281;
84637842;w_jets;0.0336459;43872.2;-1.8019;j,119454,113518,-0.301497,-2.86773;j,35173.5,25371.6,-0.849306,-2.02671;e+,285160,66068.4,2.14181,1.05652;e+,70205.2,49550.6,-0.883994,0.34212;e-,40676.9,28256.1,-0.906299,0.308951;
84825146;w_jets;0.0336459;77674.9;1.96771;j,145023,87155.3,-1.09339,-0.742143;j,170840,27623,-2.50851,2.5195;j,85013,27495.5,1.79394,-1.17883;m+,44942.6,18086,1.5602,2.81246;m+,43048.5,16036.4,1.64396,2.72066;m-,36920.2,13601.5,1.65592,2.71493;
85308055;w_jets;0.0336277;26930;-2.23601;b,85628.5,84053.6,-0.0450964,-0.226606;j,79911.1,65272.3,-0.596806,-2.35793;e-,38410.2,34166.6,0.49339,1.74646;e+,72008.3,32616.4,1.42935,1.34998;e+,25664.8,22829,0.493414,1.7465;
85404647;w_jets;0.0336277;38885.7;-1.46499;j,151078,87738.5,-1.1373,1.95272;j,56475.2,34051.8,1.09184,1.81405;e+,135149,38816.9,-1.91938,-0.752788;e+,69594.9,28339.3,-1.54729,-1.28135;e-,55268.3,22523.5,-1.54641,-1.28351;
85471499;w_jets;0.0336277;48584.3;1.54212;j,277652,68177,2.08159,-2.05062;j,41485.1,39723.6,0.241639,-0.49189;j,31641.7,23762,-0.782241,-2.8252;e+,96312.1,50394.2,1.26408,1.17479;e-,25154.6,13151.9,1.26497,1.17731;m+,93721.8,49757.9,1.24695,1.11684;
85528581;w_jets;0.0336277;89139.6;2.57703;j,375589,124088,-1.77071,-0.741469;j,53855.9,25627.8,-1.3704,2.96706;m+,86082.1,84469.8,-0.195067,2.39451;m-,14370.4,13137.6,-0.429834,3.09706;m+,11049.2,10144.6,-0.419114,3.09425;
85934781;w_jets;0.0336114;57491.8;-1.14654;j,108100,105938,-0.169493,2.89866;j,42889.5,28786,0.937357,0.840679;e+,48670.7,28054.2,1.14821,-0.291604;e-,48180.2,27793.9,1.14723,-0.29124;e-,27340.4,15757.9,1.14832,-0.29159;
86070708;w_jets;0.0336114;127557;0.458172;j,190553,128928,0.917317,-2.59925;m+,73568.4,73279.3,-0.0887942,0.877525;m-,18664.1,18642.1,-0.0483222,0.91642;m+,12370,12342.6,-0.0660588,0.902314;
87274252;w_jets;0.0336199;54029.1;1.65866;j,738706,119784,-2.50486,-1.73621;e-,224625,51727.1,-2.14807,1.27293;e+,69355.1,15956.4,-2.14902,1.27321;m-,108291,28140.6,-2.02342,1.17408;
87565262;w_jets;0.0336259;71146.4;-1.60173;j,474066,182369,-1.60818,1.48608;e+,238489,113142,-1.37712,-1.8273;m+,41890.3,19125.6,-1.42043,-1.84589;m-,23733.7,10714.5,-1.43307,-1.83774;
87623398;w_jets;0.0336259;26806.5;-3.09385;j,275520,85304,1.83768,0.228305;j,92015.5,73213.9,0.686123,3.0102;j,47487,40789.2,0.552012,-0.398559;e+,14398.5,13496.9,-0.363509,2.67;e-,11181.4,10476.7,-0.364759,2.67013;m-,33981.4,29620.2,-0.536199,2.53032;
87702188;w_jets;0.0336259;14534.8;-2.41045;j,332770,233578,-0.890002,2.68476;j,186555,69203.7,1.64818,0.0454038;e+,387847,148238,1.61624,-0.695343;e-,32725.2,12544.4,1.61308,-0.70177;m-,47675.1,43878.7,-0.413034,-1.37533;
87776805;w_jets;0.0336101;226244;1.21721;j,887534,485336,-1.2069,-2.27128;j,973623,241288,2.07196,0.59802;j,73269.6,48200.9,0.970317,-0.339593;j,160199,33535.2,-2.24421,1.51406;m+,392747,187925,1.36738,1.50799;m+,296235,85468.3,1.91466,-0.369248;m-,226466,62453,1.96175,-0.24349;
87962956;w_jets;0.0336101;131030;2.9763;j,194568,183072,0.34399,-0.119876;e+,43381.7,37030.8,0.577606,-2.81467;e-,24075.9,20542.6,0.578418,-2.81482;m+,58820.9,49679.5,0.597704,-2.82609;
88049290;w_jets;0.0336302;190288;-0.163952;j,1.09019e+06,202290,2.36847,3.07563;m-,490922,85536.3,2.43281,-0.282127;m-,130538,25358.7,2.32212,0.00117536;m+,87983.4,18297.7,2.25253,-0.44285;
88144362;w_jets;0.0336302;85387.9;-1.72104;j,357394,81521.5,-2.15741,1.25083;j,83967.2,45324.2,-1.22249,2.07309;e-,21219.9,17033.1,-0.687524,-1.49446;e+,15700.5,12606.2,-0.687061,-1.49468;m-,33764.8,26922.5,-0.698645,-1.491;
88555778;w_jets;0.0336398;79504.2;-3.0493;j,916527,173573,-2.34779,-0.0920669;e-,370007,62375.9,-2.46631,2.84945;e+,221406,37075.1,-2.47312,2.84948;m+,395203,79592.9,-2.28532,-3.01632;
88580319;w_jets;0.0336398;100396;-2.25961;j,408829,312260,-0.765687,2.3356;j,212166,200738,0.301568,0.623051;j,122173,24069.6,2.30654,1.08569;e+,275577,223866,-0.667242,-1.19896;e+,97797.3,56606.5,-1.14311,-0.787914;e-,17772.8,14437.3,-0.667305,-1.2031;
88729843;w_jets;0.0336113;32452.6;1.55518;j,95085.1,91542.4,0.276039,-1.06048;j,663408,22467.1,4.07816,0.0314901;e-,48037.6,31095.7,-1.00149,2.75182;e+,24397.2,15790.3,-1.0017,2.75151;m+,31529.2,19592.1,-1.05436,2.5281;
90144369;w_jets;0.0336002;67003;3.04538;j,206843,82224.7,1.56827,0.364549;j,48055,42458,0.480554,-0.53713;j,216891,39789.1,-2.37935,0.943661;j,42961.8,38094.5,-0.453837,2.47002;j,69256,31342.7,1.42662,-2.38508;m-,65205.1,39117.4,1.09879,2.90082;m-,43591.2,28896.2,0.970025,-2.91777;m+,31049,19153.8,1.06362,-2.96589;
90724640;w_jets;0.0336294;24071.9;-0.412337;j,840831,142996,-2.45715,-1.54654;j,94248.4,73528.2,-0.722724,-2.55802;j,782958,39782.4,-3.67204,-2.82666;j,262169,39610.1,-2.57654,0.974948;j,154037,34102.4,-2.18739,1.57203;e-,72857.7,72689.7,-0.0679842,1.58569;e-,123133,56271.3,-1.41937,0.905316;e+,37674.5,17196.8,-1.4207,0.913579;
90928093;w_jets;0.0336245;25731.4;-0.0834074;j,109067,88623.7,-0.647321,0.651334;j,82801.5,71292.3,-0.518513,-2.39415;e+,27321.5,26795.6,0.1978,2.48769;m+,12479.8,12046.9,0.26716,2.485;m-,11313.5,10964.5,0.251442,2.50192;
90928207;w_jets;0.0336245;26639.8;-2.18769;j,58439.9,51715.9,-0.447731,0.0305276;j,93342.9,48629.9,1.25712,0.882906;j,49419.2,39604.5,-0.687902,1.24887;e-,93653.2,76694.2,-0.653337,-2.43577;m-,83268.2,37333.9,-1.44078,-1.37125;m+,22438.2,10069.2,-1.43979,-1.3801;
91426095;w_jets;0.0336087;26209.3;0.0550813;j,208856,162004,0.740018,-1.18029;j,259577,53028.7,2.27035,3.08416;j,121724,28840.9,-2.11705,1.80393;e+,49114,48538.6,0.153831,1.84937;e-,39712.5,39256.9,0.152207,1.84984;e-,33481.6,31624.6,-0.341039,2.29534;
91494235;w_jets;0.0336188;30143.9;0.963454;j,139424,137347,0.142731,-2.94557;j,194437,42921.7,2.19119,0.783135;j,105348,34142.5,-1.79042,2.55678;j,76790.3,28889.8,-1.62806,-2.79147;e+,247041,76852.4,-1.83569,-0.222528;e+,84920.3,32755.1,-1.60634,-0.456773;e-,56587.3,21826.1,-1.60637,-0.456797;
91730858;w_jets;0.0336188;87297.2;2.68373;j,124810,116573,0.310304,-0.570869;e+,56523.4,54130.4,-0.296263,2.20122;m+,35151,33347.6,-0.327393,2.14154;m-,15337.2,14429.4,-0.352812,2.08685;
91815636;w_jets;0.0336324;101797;0.537626;j,114624,114252,0.0505525,-2.72198;m+,291287,71708.6,2.07934,0.663979;m-,62577.6,15313,2.08554,0.693568;m+,55617.3,13572.8,2.08833,0.713158;
92023708;w_jets;0.0336324;53408.6;1.97925;j,123144,87803.7,0.866308,2.7368;j,163731,75925.7,1.40231,0.21129;j,181178,73139.1,-1.55476,-2.7308;j,52919.6,52331.6,-0.0388256,1.82211;j,113178,51054.3,-1.42432,-1.32021;j,70656.9,44552.7,-1.021,-2.25729;e+,315043,141538,1.43852,-0.623934;e-,45407.9,29484.1,0.997443,1.42416;e+,29187.9,18947.1,0.997797,1.42424;
92054275;w_jets;0.0336324;48113.4;-1.20609;j,382911,97767.5,-2.04139,1.46863;j,270112,76604.5,-1.9321,-2.9091;j,1.48683e+06,40958.6,-4.28479,-0.726939;j,42960.9,40501.4,-0.318303,-1.14904;m+,62433.5,39380.6,1.03518,-0.319839;m+,29926.7,18158.5,-1.08455,-1.19638;m-,25627.8,16803.4,-0.98458,-1.28543;
92766351;w_jets;0.0336309;222909;-0.110201;j,1.16653e+06,126351,-2.91271,2.45819;j,1.40511e+06,99445.9,-3.3401,-2.56301;j,69682.9,60235.7,0.543258,-0.0530519;j,401189,38568.3,3.03271,-2.31044;e+,42332.9,36119.1,-0.578477,2.76502;e-,38931.4,33216.3,-0.578515,2.76499;m-,44910.7,21085.6,-1.38892,0.930001;
92853836;w_jets;0.0336309;52839.7;2.14811;j,257583,53164.5,2.2587,-0.376108;j,49660.1,37733.7,0.760349,-2.76147;j,61459.4,27090.8,1.45466,-2.07083;e-,86848.4,31621.1,-1.66857,-0.341837;e-,15239.1,13554,0.493622,1.59173;e+,11167.2,10076.2,0.461259,1.62353;
93299582;w_jets;0.0336143;123635;-1.95242;j,45358,44083.3,0.197579,1.7187;j,46697.8,41343,-0.501161,1.16276;b,56893.7,40244.1,0.864054,0.8843;m+,73712.8,59312.3,-0.683454,-2.42454;m-,58108.1,35875.3,-1.0626,-1.93908;m+,27615.4,18262.3,-0.973206,-2.10262;
93314128;w_jets;0.0336143;306634;0.529028;j,300698,272332,0.444509,-2.62805;j,52566.9,28952.3,-1.19395,-2.90031;m-,127486,125448,-0.179981,0.387303;m+,101214,100451,-0.123128,0.412682;m-,26048,25937.7,-0.0920992,0.471331;
93585750;w_jets;0.0336233;206668;0.405712;j,223418,207457,0.386373,3.0731;j,74959.1,69092.5,0.308876,-1.14813;j,228325,23437.8,-2.96684,-1.9505;e+,18190.3,13736.9,-0.784911,-1.33794;m+,12739.8,11087.6,-0.539296,1.39285;m-,14196.5,10378.7,-0.833361,1.96858;
93951802;w_jets;0.0336345;33924.3;1.85265;j,80521.5,78799,-0.16998,1.15724;j,59494.8,52910.6,0.452053,-2.35763;j,622117,24483.4,-3.92777,-1.23187;e-,47487.7,43372.6,-0.432235,-1.62762;e+,30429,27948.7,-0.418238,-1.65438;e-,38842,17439.6,1.4392,-0.479654;
94205969;w_jets;0.0336189;85769.9;-1.617;j,172498,120149,0.893004,2.18121;j,164060,72383.6,1.45224,-0.225245;j,51022.6,48687.2,0.275472,2.81724;j,119209,39252.8,-1.77211,0.141892;j,57400.4,37744.3,0.970294,-3.01378;j,126017,26416.7,2.2427,0.47494;j,699029,26235.9,3.97531,0.495828;j,179613,23205.9,-2.73452,-2.8362;e+,34268.7,33682.3,-0.186331,-1.33433;m-,127325,93196.3,-0.831636,-1.4511;m+,40931.7,29949.3,-0.83216,-1.44773;
94669799;w_jets;0.0336378;119061;2.24567;j,1.39483e+06,248605,2.40958,-0.557493;j,24778.8,24261.4,-0.138989,2.67477;e+,123266,61159,1.32586,2.78645;e-,59116.7,40800.3,0.91527,3.11956;e-,43508.1,21571.1,1.3267,2.78676;
94703336;w_jets;0.0336378;41349.3;2.34624;b,150553,58383,1.59824,-0.254748;j,212378,30405.6,-2.63111,-2.72729;j,111450,30104.1,1.98158,3.12215;e-,53317.1,20620.1,-1.60345,-0.387741;e+,34807.9,13513.7,-1.59928,-0.391433;m+,83714.6,40877.5,-1.3442,-2.87272;
95447707;w_jets;0.0336197;22136.1;-2.95602;j,158062,154612,0.145554,0.210352;j,132549,124523,0.294655,-2.99553;j,295139,67871.8,2.14822,2.66839;j,68713.1,62369.6,0.401463,-0.673962;e+,27355.3,15876.7,-1.13978,-2.33577;e-,20858,11852.6,-1.1656,-2.49729;m+,75664.6,38642.4,-1.2924,-2.30772;
95469465;w_jets;0.0336197;77017.4;0.863863;j,130123,111799,0.539487,-2.56387;j,204062,76612.6,-1.63415,-0.669338;e+,50357.3,14638.6,-1.9068,1.92483;e-,48178.2,13606.9,-1.93691,1.95492;m-,24085.9,14839,1.06528,3.10813;
96591097;w_jets;0.0336159;61510.8;1.22052;j,248243,155679,-1.04124,-2.17744;e+,143102,69495.9,-1.35045,0.623786;m-,27740.8,13595,-1.34003,0.615074;m+,24379.8,11422.4,-1.39128,0.669358;
96618802;w_jets;0.0336159;49410.6;1.34058;j,164409,78845.8,-1.35642,-1.16171;j,57696.4,48042.6,0.604523,2.31327;j,39644.5,38240.9,0.263476,0.724845;e+,197548,44653.5,-2.16717,-2.50714;e+,31753.4,19797.1,-1.05012,0.275202;e-,28913,18025.8,-1.05015,0.275286;
96695609;w_jets;0.0336159;113799;-0.672846;j,131432,125036,0.297283,2.65554;j,24679.7,24436.4,-0.111784,1.16333;m+,27481.3,25366.5,0.405541,-0.383677;m-,47655.1,12489.2,2.01463,-0.543779;m-,13365.5,12388.6,0.394463,-0.261921;
97118198;w_jets;0.033633;60546.3;0.980185;j,195897,103544,-1.24867,-2.19805;j,187714,54785.6,-1.90084,3.127;j,260582,32562,2.76868,-0.550885;e+,64469,33957,-1.2563,0.723031;e-,48394.4,25488.1,-1.25639,0.72306;m+,122783,65146.9,-1.24768,0.723438;
98833216;w_jets;0.0336285;41092.3;2.71017;j,117793,115437,0.195886,-2.00951;j,103841,56928.6,-1.20417,-0.248767;e-,53072.2,47608.9,0.4746,1.4755;e+,44188.8,39588.8,0.477514,1.47264;e+,35496.6,31842.5,0.474604,1.47549;
98866105;w_jets;0.0336285;53253.1;0.563416;j,117156,44067.6,-1.63211,2.25116;j,1.19571e+06,43200.2,-4.01343,-1.30638;j,39293.1,37386.3,-0.299567,-2.41284;m-,36257.8,30950.9,0.577528,0.584903;m+,32526.4,27652.4,0.585331,0.584596;m+,13023.4,11189.1,0.564984,0.548674;
99287515;w_jets;0.033611;73398.2;-0.264663;j,280360,71648.5,-2.03981,1.7407;j,65150.3,62160.6,-0.241522,-2.92918;j,61329.7,56897.1,-0.360189,2.74164;j,239891,39241.7,2.4952,-1.43089;j,37028.8,31085.4,0.50706,0.168137;e+,64790.3,15480.1,-2.11016,-0.914392;e-,58250.6,13922,-2.10983,-0.914296;m+,39060.1,32358.1,0.632989,-1.35676;
99765880;w_jets;0.0336171;34732.5;-1.83676;j,437160,186104,-1.48882,2.14109;j,50933.5,31384.3,1.04323,2.78133;e+,77512.1,77397.4,-0.0544241,-0.856593;e-,64786.4,64655.5,-0.0636409,-0.848139;e-,28324.5,28259.9,-0.0675888,-0.859432;
99814336;w_jets;0.0336171;117064;-2.09536;j,759172,372825,-1.33712,1.13784;j,465854,117118,2.05638,-1.7588;j,218587,71104.8,1.78546,-2.6687;j,145692,68372.8,1.38585,-2.12925;e-,96799.9,53215,-1.20553,-1.51885;m-,138795,28607.3,-2.26169,-0.401996;m+,121150,23814.9,-2.31007,-0.395175;
100039529;w_jets;0.0336119;83026.1;2.60984;j,112678,79754.4,-0.86847,1.38711;j,70940.8,70344.9,-0.115753,-1.86754;j,1.13631e+06,38999.7,-4.06483,-1.22196;e+,65856.8,62495.6,0.326517,-0.511393;m+,199644,34222.9,2.44936,2.79605;m-,113019,20004,2.41685,2.77227;
100051829;w_jets;0.0336119;125818;-1.24798;j,353206,125250,1.69623,1.82884;m+,54395.4,53355.8,-0.19707,0.34965;m-,44110.5,43340.6,-0.18819,0.346163;m+,41136.7,34975,0.585197,-2.84074;
100209348;w_jets;0.0336119;14132.9;-1.25075;j,284121,64858.3,2.15607,-0.971714;j,78247.1,55754.6,-0.840663,1.05945;j,289919,43800,2.57647,-0.242171;e+,51160.6,40910.4,0.693883,-3.13393;e-,36392.2,28828.7,0.709405,-3.12618;e-,29735.3,24487.2,0.643546,3.01204;
100347661;w_jets;0.0336214;84856;1.96315;j,335037,132112,-1.58151,-0.602786;e-,114879,31448.3,-1.9694,2.99835;e-,93619.7,25626.1,-1.9695,2.99793;e+,52150.6,14275.5,-1.96945,2.99796;
100395633;w_jets;0.0336214;23220.8;1.83071;j,525125,132095,2.05614,-1.60762;j,50098.1,37962.4,0.746529,-2.27585;j,142172,36051,2.04648,2.27335;e-,168382,118892,0.883411,1.00692;m+,21471.9,14785.5,0.918398,0.993912;m-,14339.7,10263.3,0.8641,1.0002;
100559344;w_jets;0.0336214;120963;-1.84657;j,240349,97007.2,-1.54756,0.748506;j,40621.3,39532.3,0.172833,2.69652;j,59035.5,38129.7,-0.978089,1.57097;m-,78297,52570.3,-0.952861,-1.53539;m-,63503.8,39304.3,-1.05943,-1.32725;m+,40465,27026.2,-0.95996,-1.53206;
100621837;w_jets;0.0336139;57435.7;1.96669;j,353544,118758,1.75379,-1.27071;j,102436,96363.3,-0.325124,2.03434;j,95649.2,85664,0.447227,-1.46075;e-,81799.2,56990.3,-0.902171,1.58651;e+,14723.7,10255,-0.902604,1.58625;m-,152457,105070,-0.917247,1.57408;
100823153;w_jets;0.0336139;37006.1;-1.83656;j,152900,69168.6,1.42534,1.33768;j,75837.3,58234.4,0.743616,-0.0843228;e-,50452.1,40839.3,-0.673331,-3.04401;e+,15512.8,12520.9,-0.678231,-3.0749;e-,15231.6,12295.4,-0.67803,-3.07569;
101241097;w_jets;0.0336161;46357.7;-2.48478;j,310281,57397.5,2.37106,0.190114;j,107367,32208.4,1.8701,-2.34138;j,107507,29406.6,-1.96475,1.32611;e+,21552.9,21522.5,-0.0531405,1.64787;e-,11254.9,11237.9,-0.0548951,1.64238;m+,14930.9,14881.7,-0.0809734,1.59999;
101613806;w_jets;0.0336201;22880.9;2.60407;j,174023,164949,0.301309,-1.30678;e+,106333,84205.7,0.709944,1.67455;e-,45018.9,35645.6,0.710184,1.67869;e+,34175,27053.3,0.710554,1.67876;
101771801;w_jets;0.0336201;93536.6;1.06251;b,648651,153162,-2.12142,-1.93143;e+,179118,30739.6,-2.4482,1.50131;e-,158819,27252.1,-2.44834,1.50125;m+,77662.2,21565.7,-1.95455,1.11863;
102060749;w_jets;0.0336155;25908.4;-0.674184;j,40499,37621.9,0.388638,-1.79145;j,44658.5,35064.8,0.715874,3.03042;j,35459.2,34748.3,0.100656,2.91273;e+,41714.8,32983.8,0.712443,0.287388;e+,14217.3,11797.7,0.62999,0.287683;e-,13270.1,10918.9,0.645003,0.320789;
102260055;w_jets;0.033623;57389.6;2.61311;j,331904,60400.4,2.38748,0.67775;j,52140,48874.8,0.287052,-0.965865;j,116380,33774.8,1.90632,-2.80358;j,84198.9,32616.8,1.59945,-2.24659;m+,82486.4,81199.8,0.177775,1.28919;m-,173171,61961.8,-1.68725,-2.78778;m+,80464.3,28739.8,-1.68914,-2.78861;
102477694;w_jets;0.0336368;226942;2.65615;j,527219,223729,1.4992,-0.436182;j,248703,23236.9,-3.06099,-1.56923;m+,118016,109553,0.390584,2.82646;m-,19368.1,18166.6,0.361675,2.66706;m+,15349.4,14487.7,0.343133,2.77154;
103465319;w_jets;0.033631;54869;-0.860546;j,371375,86899.5,2.1313,-2.85876;j,113578,60855.4,1.23251,1.21339;e-,23356.7,23307.8,0.0647854,0.630537;e+,11176.1,11119.3,0.100973,0.661057;m-,16996,16976.7,0.0473005,0.601994;
103472543;w_jets;0.033631;36297.9;-0.623739;j,355848,125826,1.69751,-3.001;j,295430,99248.2,1.75343,0.094766;e+,37796.3,36075.9,-0.307614,1.46059;e+,14433.5,14430.2,-0.0212242,1.45388;e-,14717.8,14047.7,-0.307652,1.45982;
103692828;w_jets;0.033631;158688;-0.394795;j,153221,134291,0.445925,2.66848;e+,20964.9,19512.5,0.383479,-2.59493;m-,95772.5,68000.9,0.875536,-0.842227;m+,27883.9,19717.3,0.881337,-0.838888;
103723910;w_jets;0.0336172;54848.6;1.36325;j,178596,65980.9,1.64999,-2.8008;j,294292,45655.4,2.54985,0.091715;j,41719.5,36446.2,-0.499504,-1.71654;m-,75324.5,55244.2,0.828704,1.70268;m-,13507.2,10227.4,0.780821,1.76168;m+,13762.1,10010.8,0.84068,1.76281;
104324182;w_jets;0.0336206;44887.2;2.70248;j,317937,103371,1.78883,-0.67869;j,334251,44456.2,2.70566,1.89097;e+,92023.3,25740.5,1.94696,-3.03768;e+,56696.6,15913,1.94342,-3.03125;e-,42365.1,11890.3,1.94345,-3.03094;
104338900;w_jets;0.0336206;85013.1;-1.78995;j,388631,123271,-1.81507,1.84378;j,77954.9,64110,0.615006,-0.164487;j,60343.6,34606.1,1.15089,-0.594244;e-,45934.5,37578.4,-0.655103,-2.8008;e+,34640.7,28427.5,-0.649669,-2.80203;m-,93484.7,57549.3,-1.06629,-3.12025;
104426533;w_jets;0.0336255;48839.1;2.35797;j,668604,137216,2.26486,-0.909185;j,32469,29287.1,-0.352097,-2.93732;j,1.00176e+06,28321.9,-4.25878,1.4645;j,133450,27447.5,2.2625,-2.28124;j,89292.6,26908.8,1.86743,1.40624;j,213795,23225.2,2.90929,0.00353472;e-,82068.2,61332.4,0.800737,2.25252;m-,42280.8,24566.3,1.13842,2.58176;m+,19243.3,10708.9,1.19085,2.57375;
104642671;w_jets;0.0336255;43776.8;-2.39583;j,295703,128354,-1.47195,1.46792;j,46770.1,29810.3,1.00066,2.68703;j,29416,29102.9,-0.0730026,-2.95407;e-,181284,60363.2,-1.76388,-0.840289;e+,141409,51049.5,-1.67771,-0.974136;e+,49816.5,16766.9,-1.75248,-0.838417;
105234703;w_jets;0.033631;77212.7;-2.54915;j,138126,96260.7,0.883466,0.290606;j,219845,92465.6,-1.50707,2.77133;j,85219.7,82017.8,0.202972,-0.44745;m-,141334,33217,2.12711,-2.32093;m+,28098,14761,1.25937,-2.71015;m-,21385.3,12597.7,1.12143,-2.4078;
