3453;Wgam;5.00186e-05;206858;-0.721749;j,1.21231e+06,498534,-1.53386,3.04037;j,44647.7,38708.3,-0.516447,1.80225;j,38740.3,32131.9,-0.58191,0.667448;e+,786256,324685,-1.53192,0.118854;m-,262012,61431.8,-2.12957,-1.10775;m+,153774,35963.5,-2.13216,-1.12395;
3744;Wgam;5.00186e-05;78820.7;0.990829;j,35697.8,30164.9,-0.592279,1.11309;j,62076.9,27509.4,1.44857,0.596866;j,31761.3,24962,0.702321,1.89321;e+,165041,75422.7,1.41938,-2.14307;e-,152170,69540.4,1.41939,-2.14306;m+,45638.1,31306.5,-0.923661,0.19071;
4636;Wgam;5.00186e-05;41349.3;1.74873;j,115917,71087.9,1.03299,-0.233151;j,93857.5,26907.3,1.91897,-0.493958;j,61748,23939,-1.59152,2.79428;e+,97503.1,80882.8,-0.630571,-1.97478;e-,74868,41372.2,-1.19931,1.79619;e+,35904.5,19818.7,-1.20066,1.79665;
6607;Wgam;5.00186e-05;34112.1;0.0764399;e+,137834,35273.3,-2.03928,2.9916;m-,35811.9,33847.6,-0.339052,-0.0443247;m+,21393.6,19981.7,-0.373712,-0.0505126;
6923;Wgam;5.00186e-05;42925.5;2.49367;e-,75452.9,42341.9,-1.18079,0.194403;e-,28564.4,25645.5,-0.472702,-1.80826;e+,18084.2,16184.4,-0.479911,-1.81175;
7465;Wgam;5.00186e-05;63044.7;1.54855;e-,82088.7,55197.8,-0.950861,-1.67607;m-,29784.9,29636.6,-0.0999305,1.84177;m+,16300.7,16275.5,-0.0552661,1.85445;
7778;Wgam;5.00186e-05;75081.7;1.81305;j,306394,76865.4,2.0595,-1.31001;m-,326529,130308,1.56934,1.80649;m-,42797.9,42635.1,-0.0873071,-1.25912;m+,12616.6,12611.9,-0.026221,-1.25779;
10583;Wgam;5.00186e-05;58519.8;1.95547;j,58216.1,32012.7,-1.19834,-0.489568;e-,37699.1,23007.1,-1.07727,-1.6192;e+,19391.8,11829.1,-1.07784,-1.61567;m-,111577,72381.5,0.998665,1.76768;
12702;Wgam;5.00186e-05;26233.3;2.39515;e-,23330.1,19991.5,0.570177,-0.709377;e+,12094.1,10370.6,0.568827,-0.708776;m-,116439,53496.2,-1.41339,2.62312;
13020;Wgam;5.00186e-05;172494;-2.8932;j,1.3256e+06,167151,-2.75953,0.219886;m+,528197,164132,-1.83688,3.01291;m-,155612,40250.5,-2.02823,-2.42796;m+,111991,25001.2,-2.17995,-2.32931;
14771;Wgam;5.00186e-05;9308.42;1.04234;m-,76593.8,44743.2,1.13181,-2.78491;m+,35638,35296.3,0.139004,0.483949;m+,18454.7,11083.2,1.09741,-2.78482;
18227;Wgam;5.00186e-05;33008.5;0.36772;e-,117905,35179,-1.87954,-1.70028;e-,28344.7,21525,0.776376,2.35436;e+,12197.2,10598.4,0.542606,2.30598;
19597;Wgam;5.00186e-05;41471;-0.369678;b,40229.8,29947.1,0.806095,-1.19147;j,49129.1,29890.2,-1.0685,-1.45166;j,44144.2,23526.3,-1.23172,-0.153298;e+,317520,64396,-2.27819,2.03257;e-,290578,59991.2,-2.25999,2.04402;e-,132323,42269,-1.80779,-2.3754;
20744;Wgam;5.00186e-05;36324.7;-0.151061;j,40202.4,38666.5,0.276048,2.96183;m+,194720,118273,1.08323,-0.583644;m+,82101,60197.9,0.829102,2.75016;m-,14646.6,10767.2,0.825225,2.74065;
23628;Wgam;5.00186e-05;47013.5;2.93398;j,218622,39955.9,-2.38341,3.08431;j,99085,23849.9,2.1013,-1.54024;e-,81808.9,70487.3,-0.559452,0.24757;e+,50835.7,43801.3,-0.559417,0.247662;e+,22898.4,20798.8,-0.445622,-0.980334;
24583;Wgam;5.00186e-05;188613;-1.31819;j,191581,187763,0.116633,1.94944;j,108183,40454.8,1.63753,-3.13381;j,1.12258e+06,34033.8,4.18892,0.516115;m-,109309,68089.7,-1.05126,-1.7833;m+,48397.2,30417.5,-1.03981,-1.76493;m+,26143.8,25233.3,-0.267802,-1.63385;
26066;Wgam;5.00186e-05;95190.1;-1.71623;j,95327.5,29146.4,-1.85073,0.747065;j,117040,27294.4,2.13353,0.907553;e-,43277.5,38929,-0.468371,1.76439;e+,15680.4,14144,-0.461982,1.76598;m-,93710.2,92306.3,-0.174183,-1.73033;
27618;Wgam;5.00186e-05;19477.8;1.06734;e+,94618.3,91156.9,0.274716,-1.53846;e-,79385.4,60230.1,-0.777787,1.69187;e+,29182.4,22297.8,-0.76689,1.68777;
30019;Wgam;5.00186e-05;30831.8;-2.72458;e-,43749.6,17833.6,1.54615,1.17027;e+,42817.8,17463.2,1.54556,1.16974;m+,30263.7,29016.1,-0.292186,-1.27124;
31639;Wgam;5.00186e-05;46653.2;1.8183;j,308378,33999.3,-2.89477,-2.19538;j,779332,28581.2,-3.99842,-1.08029;j,316539,27101.8,-3.14884,0.0757781;m-,86582.4,24409.4,-1.93878,-1.8261;m-,23669.7,22544.6,-0.314598,1.50129;m+,64438.2,18765,-1.90495,-1.83391;
31695;Wgam;5.00186e-05;34822.6;-2.12663;j,34758.8,24972.7,-0.842348,-0.162928;j,154067,23889,2.5501,1.17719;m-,36210.4,28782.8,0.703786,2.32031;m-,20920.1,20837.3,0.088952,-1.97113;m+,18542.3,18327.4,0.152883,-2.00276;
37175;Wgam;5.00186e-05;15919;0.987151;e+,34171.2,29040.4,-0.586021,-2.25824;e-,18146.1,15350.8,-0.594682,-2.26592;m-,50964.8,39818.6,-0.73179,0.30708;
37450;Wgam;5.00186e-05;5826.98;-2.97672;m-,95519.4,52430.5,1.20737,-2.2006;m+,27031.7,23135.2,0.572519,-0.077951;m-,19163.9,16266,0.58836,-0.0134822;
37489;Wgam;5.00186e-05;25886.5;-2.20648;e-,103172,28790.3,-1.94944,0.826361;m+,23039.2,14737,-1.01705,2.49708;m-,16527.1,10405.7,-1.0375,1.78616;
40466;Wgam;5.00186e-05;5151.83;-2.14097;m-,181834,46123.4,2.04843,-0.562708;m+,47526.6,19004.8,1.56713,-2.65933;m-,28311.3,11358.7,1.56351,-2.92098;
45270;Wgam;5.00186e-05;132679;-1.77743;e-,108614,108372,-0.0668162,1.38041;e+,17948.2,17896.7,-0.075884,1.35022;m+,91325.5,35695.6,1.59196,-0.990069;
50613;Wgam;5.00186e-05;27581.8;2.27193;j,86133,29656.2,1.72713,3.13688;e+,46895.6,42556.3,0.447833,-0.606474;e-,91403.3,36219.5,-1.57704,1.18547;e-,25960,23655.9,0.437858,-0.512402;
50918;Wgam;5.00186e-05;9702.95;-3.12314;m+,71093,58634.6,-0.640859,-1.68722;m-,53007.8,31223.6,-1.12154,2.16852;m+,28419.2,16566.7,-1.13437,2.17552;
53376;Wgam;5.00186e-05;59185.9;-3.0203;j,42981,42684.5,-0.0424138,1.29061;e+,42521.8,42467.6,0.0504955,-0.511542;m-,17427.6,16744.3,0.284671,-2.86007;m+,14032.7,12974.7,0.401079,3.11578;
54650;Wgam;5.00186e-05;30975.3;1.31564;j,97305.7,31273.6,-1.80106,-0.212564;e-,90349.6,41953.3,-1.40141,-2.60584;m+,109451,107129,-0.207844,1.79109;m-,11585.3,11574.6,-0.0419883,1.66386;
56621;Wgam;5.00186e-05;11758.1;2.07693;m+,293205,49331.4,2.46831,2.38588;m-,28569,24371.3,-0.578801,-1.20906;m+,16934.7,10696.8,-1.03334,-1.01597;
56776;Wgam;5.00186e-05;31199.6;-1.83259;j,581823,124817,2.22039,-0.959536;e+,201641,102529,1.2975,1.83655;e-,35649.3,18109.4,1.29861,1.84074;m+,45199.5,31410.2,0.905741,-2.79345;
59795;Wgam;5.00186e-05;30348.3;-2.70659;e-,37313.2,23237,1.05157,0.705723;e+,22767.2,14178.1,1.0516,0.705691;m-,165826,29938.9,-2.39668,2.83822;
60396;Wgam;5.00186e-05;70830;-0.304332;j,374640,145956,-1.59318,-0.938748;e-,488894,122457,2.06146,2.19892;e+,320339,80306.6,2.06058,2.19884;e-,37124.5,29853.8,0.684477,-1.99848;
60491;Wgam;5.00186e-05;22308.8;0.953393;j,148899,117962,0.699233,2.21061;j,156689,112453,0.847679,-0.932607;j,43238.6,40746.8,0.340492,-1.6147;m+,74664.4,49218.5,0.977475,-1.77596;m-,135383,45822.2,1.74654,0.736704;m+,117927,41620.7,1.70191,0.895575;
60660;Wgam;5.00186e-05;11415;2.45083;j,64386.8,53289.8,0.631461,1.11057;j,99788.3,43159.3,-1.47635,-0.960594;j,533824,37240.3,3.35449,-2.68244;m-,29216.1,26482.8,0.450507,-1.36481;m+,33281.4,21906.5,0.979439,-0.155116;m-,21256.1,14285.6,0.951545,-0.168965;
61476;Wgam;5.00186e-05;109782;1.54507;j,278775,147973,-1.24464,-1.04389;j,152028,66243.3,-1.4703,0.930539;j,38197.6,36917.9,0.104313,-1.10553;e+,264169,115783,-1.46611,-3.02814;m-,112435,81778.7,-0.840876,1.60579;m+,34997.6,27387.2,-0.729221,1.56535;
62813;Wgam;5.00186e-05;10523.4;-1.84115;m+,34607.7,20600,-1.10853,2.43738;m-,21763.6,18636.5,-0.571471,2.13291;m+,19797,17367,-0.522998,1.94756;
65328;Wgam;5.00186e-05;50917.2;0.390288;e-,211095,44152.1,2.24669,-2.43157;m+,23326.1,22700.7,-0.234163,1.24897;m-,11489.5,11157,-0.243328,1.22083;
70220;Wgam;5.00186e-05;39503.7;2.30411;e+,56097.2,50048.4,0.486826,0.0158331;e-,11637.9,10558.3,0.448455,-0.00405039;m+,67458.7,57472.4,-0.581285,1.97081;
76510;Wgam;5.00186e-05;12170.1;-2.47543;j,38493.6,30480.1,-0.660401,-0.135748;e-,22074.4,19605,-0.496784,3.11398;e+,13163.4,11872.4,-0.462215,3.12134;m+,26195.9,25880.9,0.155812,-0.409621;
79024;Wgam;5.00186e-05;32735.1;-2.50071;j,172831,35902,-2.25238,0.577673;e+,56517.6,52703.2,0.3782,-0.731831;e+,37518.1,34152.8,0.440359,2.57174;e-,11505.3,10729,0.37815,-0.731985;
80019;Wgam;5.00186e-05;4525.25;-0.515758;m+,36804,34248.9,0.383899,-3.12241;m-,49318.3,19230.5,1.59456,1.79869;m+,28992.7,17224.7,1.11091,1.78527;
83393;Wgam;5.00186e-05;47398.3;-0.187636;e+,24364.7,24223.1,0.108084,2.81777;e-,13796.6,13790.9,-0.0287657,2.59278;m-,21897.2,19806.8,0.455457,2.88531;
84171;Wgam;5.00186e-05;153043;-0.455429;j,197686,143022,0.847262,-2.75743;j,257535,42292.2,-2.49201,0.710039;e+,81184.1,65382.9,0.681939,1.96497;e-,51597.9,41488.1,0.68466,1.965;m+,113920,70463.9,1.06024,-0.0770734;
84631;Wgam;5.00186e-05;37070.2;-0.422622;j,36761.8,35099,0.27983,2.62418;m-,162139,42496.2,-2.01455,-1.40551;m-,26200.1,21065.9,-0.684699,-0.282603;m+,20407.3,16719.9,-0.652477,-0.296087;
85845;Wgam;5.00186e-05;29988.8;-1.89311;e+,52574,23042.2,-1.46614,1.46006;e-,22563,10012.2,-1.45233,1.45783;m+,17894.4,17076.9,0.308136,2.77213;
85908;Wgam;5.00186e-05;19195.4;1.0196;m-,332240,64385.6,2.32459,-2.94194;m-,144928,61479,1.50232,-0.192978;m+,49941.4,21122.7,1.50558,-0.173149;
88738;Wgam;5.00186e-05;48360.7;2.25902;j,132990,50645.8,-1.61826,-0.0356039;j,32746.6,29765.6,-0.436629,0.834378;e-,108688,62400.1,-1.15307,-2.14509;m-,24496.2,18679.7,-0.76998,3.11187;m+,16044.9,12351.7,-0.755203,3.11173;
89559;Wgam;5.00186e-05;25636.5;-0.0246271;j,134754,120725,0.467782,2.01968;j,163527,95302.6,1.12077,0.672686;j,145050,47792.4,1.77268,-0.654474;e+,59777,59715.2,-0.0455131,-2.14733;e-,47208.5,47159.6,-0.045549,-2.14521;e+,112113,44079.2,1.58557,-2.74303;
89944;Wgam;5.00186e-05;46685.3;1.73844;e-,65270.5,40121.3,1.06816,-2.50386;e-,97108.6,38241.1,1.58383,-0.114081;e+,17841.6,10127.5,1.16692,-2.49202;
90531;Wgam;5.00186e-05;117907;0.736956;j,257264,69775.5,1.97773,-2.40646;j,62565.7,61049.1,-0.193781,-2.53502;e+,90995.2,18629.2,-2.26857,-0.827475;m+,190502,101439,-1.24347,1.28039;m-,32175.5,17171.6,-1.24079,1.46776;
90972;Wgam;5.00186e-05;67670.5;2.02635;j,420722,186086,-1.4553,-0.442657;j,60419.2,55854.7,0.384022,-2.28796;e-,151167,109914,-0.841362,2.54466;m-,26920,12646.6,-1.38822,1.74007;m+,25578.3,12162.2,-1.37452,1.73288;
93471;Wgam;5.00186e-05;30610.8;2.91236;e+,132482,60724.4,1.41603,0.547598;e+,22523.2,18479.8,0.650012,-2.15226;e-,19600.1,16094.4,0.64861,-2.15123;
95929;Wgam;5.00186e-05;74368.7;1.85091;j,77244.9,75547.4,0.137292,0.0272494;j,183136,49478.2,-1.98182,-0.137672;j,38882.2,24979.5,1.00143,-1.81996;e+,168662,71063.5,-1.5098,-2.60776;e-,49970.9,21055.4,-1.50976,-2.60777;m+,102792,91569.2,0.490166,1.8781;
99595;Wgam;5.00186e-05;8389;1.04668;j,102110,41809.6,-1.53596,-2.12748;j,41144.6,32190,-0.726301,0.967685;m-,281725,118884,-1.5081,1.74984;m-,48698,36001.8,0.816916,-0.933043;m+,67412.4,28091.8,-1.52195,1.76512;
99746;Wgam;5.00186e-05;32877.6;1.83512;j,428124,209506,1.34058,0.632397;j,225429,153643,-0.925546,2.97058;e+,217012,144402,-0.964954,-2.31051;e-,250361,87545.3,1.71182,-0.718483;e+,56990,19928.1,1.71182,-0.718449;
99793;Wgam;5.00186e-05;27748.7;-0.216795;e+,18556.6,17853.3,0.279779,-2.91917;e-,11941.5,11826.7,0.139233,-2.9496;m+,86642.6,36391.9,-1.51325,1.11378;
100501;Wgam;5.00186e-05;259450;-0.694287;j,417024,389133,-0.374398,0.779399;j,433031,352113,-0.629216,-2.73853;j,784701,155690,2.30054,2.89763;j,51982,50522.1,-0.104556,2.62423;j,49765.2,39192,-0.691222,-1.75489;j,83913,28006.8,-1.75569,0.594057;e-,30313.1,24432.8,0.680576,-0.294991;e+,28783.6,21005,0.836046,-0.401086;m-,101916,92225.4,0.454497,-1.00834;
103701;Wgam;5.00186e-05;49966.2;2.85074;j,325130,27987.2,-3.14361,1.33662;j,98554.7,23089.4,-2.12975,0.144046;e-,67857.1,34865.5,-1.28535,-1.13295;e+,52370.2,26650.7,-1.29654,-1.11929;m+,85788.9,37361.2,-1.47321,-2.19831;
109984;Wgam;5.00186e-05;108180;-1.65093;j,87100.4,59644.7,0.917803,1.3559;j,151071,51497.5,1.73585,1.22297;j,292335,25349.1,3.13594,-0.102908;e-,61302.9,43074.5,-0.890286,-2.82834;m+,122056,51392.7,-1.51053,-2.08325;m-,76917.6,33113.8,-1.486,-2.09374;
110217;Wgam;5.00186e-05;246009;-2.57245;j,775687,235042,1.86188,0.761289;j,30759.1,24540,0.678757,2.00297;e+,40295.3,36030.4,0.481881,-0.588115;e-,28615.5,25844.3,0.459054,-0.594981;m-,28479.4,22465.2,0.716301,-1.48482;
110577;Wgam;5.00186e-05;32862.7;-0.942711;j,154278,108526,0.883976,-0.481298;e+,170993,161353,0.343988,2.37314;e+,344790,78148.7,2.16437,-1.88962;e-,32910.9,31052.9,0.344231,2.37315;
112097;Wgam;5.00186e-05;99644.6;0.412698;j,146234,103304,0.881211,-2.21966;e-,20528.2,20169,-0.188435,2.02656;e+,14995.7,14654.3,-0.215429,2.04788;m-,21794.2,13388.7,-1.06891,2.47743;
113100;Wgam;5.00186e-05;10666.8;-1.44296;b,229730,40392.3,-2.42319,-0.618128;j,340822,27101.8,3.22312,1.78388;e-,33671.8,25653.6,0.771373,2.64306;m-,79984.1,58425.4,-0.834626,1.77934;m+,23517.5,17262.1,-0.827496,1.79721;
114247;Wgam;5.00186e-05;87202.8;1.22419;j,68174.8,33809.2,1.3199,-2.24075;e-,64247.6,41125.9,-1.01611,-1.96334;m-,41639.5,29088.8,0.898408,0.775332;m+,37288.2,26104.2,0.895452,0.78063;
117060;Wgam;5.00186e-05;33170.3;2.44357;j,56932.8,51363.1,-0.457174,-1.51801;j,38890.6,31237.4,-0.642223,0.583447;e-,62510.1,30769.3,1.335,1.74717;m+,22075.8,21701.7,-0.18536,-2.34509;m-,11216.7,10905.1,-0.238314,-2.32461;
118367;Wgam;5.00186e-05;10803;-3.0145;m+,66806.5,64875,-0.243409,2.8315;m+,120945,29723.4,2.08109,-0.00179313;m-,48291.3,11850.1,2.08265,-0.00288714;
121807;Wgam;5.00186e-05;14645.6;2.20866;j,195714,22960.7,-2.8319,2.87685;e+,77208.4,26686.9,-1.72418,-0.420867;m-,46543,39539.8,-0.58672,-0.346483;m+,18529.3,15665.2,-0.595819,-0.319867;
124877;Wgam;5.00186e-05;51300.6;-0.417747;j,71123.3,69519.4,0.116956,-2.73692;j,219851,62591.6,1.92495,0.890067;e-,27275.1,16103,-1.1187,-2.7765;e+,18991.8,10928.1,-1.15033,-3.11133;m+,120464,84010.2,-0.90081,0.0417134;
128643;Wgam;5.00186e-05;15130.3;-2.32661;m+,84919.1,66349.9,-0.73172,1.97832;m-,74144,40789.8,1.20466,-1.1061;m+,26323,14345.5,1.21592,-1.08649;
132515;Wgam;5.00186e-05;52244;-2.88645;j,454113,94478,-2.2519,-1.86134;j,103931,91176.2,0.491499,-2.07852;j,85168,79894.3,-0.303157,-1.26728;j,421171,59523.2,-2.64451,-0.487722;e-,378639,195004,-1.28262,1.28848;e+,222415,48660,-2.20065,1.44938;e+,60994.9,31505.2,-1.27921,1.29111;g,32897.2,14359.7,-1.47066,2.42303;
135192;Wgam;5.00186e-05;45176.6;2.04595;e-,33648.5,33408.5,-0.119797,-1.28626;e+,11379.3,11298.1,-0.119795,-1.28625;m-,66461.1,52838.8,-0.703467,1.16924;
137540;Wgam;5.00186e-05;45707.6;2.81685;j,204579,56173,1.96534,-2.63159;j,70908.5,30448.9,1.48745,-1.09835;e-,54220.6,45467.2,0.610972,1.71434;e+,47198.1,39551.1,0.612236,1.71344;e-,39278.8,37818.3,0.277031,-0.732617;g,59159.1,58831.5,-0.105486,-0.357471;
141388;Wgam;5.00186e-05;23802.8;-0.344495;m+,63499.1,63487.3,-0.0191852,0.430695;m-,89944.5,46314.4,-1.28283,-1.7131;m-,16304.1,16302.5,-0.0124356,0.445122;
142207;Wgam;5.00186e-05;50870.5;-0.614368;j,248874,246526,-0.110011,0.13937;j,98143.7,24240.4,-2.07179,0.0191073;e-,259618,256394,-0.158427,-2.85797;e+,96802.3,88427.6,-0.431854,1.49235;e+,61030.4,60272.3,-0.158436,-2.85801;
142888;Wgam;5.00186e-05;55159.9;-1.35322;e+,117810,55739.5,-1.38019,1.93991;m+,63580,61815.7,-0.238346,-1.10097;m-,26363.1,25151.7,-0.309105,-1.25735;
149337;Wgam;5.00186e-05;67378.6;2.77981;e-,43436.6,29104.3,-0.955639,-0.360224;e+,18084.9,12078,-0.96004,-0.351234;m+,51033.4,24861.6,-1.34686,-1.1809;
150541;Wgam;5.00186e-05;40938.1;-2.8373;e+,20702.9,20501.8,0.139928,0.295428;e-,19443,19263.8,0.136293,0.291683;m-,36361.2,36162.9,-0.104643,2.94986;
152031;Wgam;5.00186e-05;50528.7;-0.0338959;j,212106,48551.9,2.15393,3.03446;e+,176710,40393.3,2.15567,1.66722;e-,79927.4,38667.6,1.35483,-2.1534;e+,20569.5,10034.7,1.34527,-2.15481;
157661;Wgam;5.00186e-05;282130;0.957674;j,790144,266989,1.74744,-3.11409;j,840401,148641,2.41745,-2.04394;e+,78025.1,31587.2,1.55368,-1.10442;e-,39434.1,15964.2,1.55368,-1.10445;m-,651211,190711,1.89906,1.11094;g,241819,60406.4,2.06426,0.572084;
158302;Wgam;5.00186e-05;19708.6;-0.674185;e+,19273.9,11704.9,1.08346,2.46582;e-,12077.6,10172.4,0.602857,2.25025;m+,60620.2,23149.9,1.61715,0.880063;
162322;Wgam;5.00186e-05;24028.1;-2.52955;e-,81096.7,26090.7,1.80027,0.0640388;m-,45728.8,28392.7,1.05539,-0.212082;m+,23926.2,14892.8,1.05219,-0.21383;
162598;Wgam;5.00186e-05;40121.4;-2.24137;e+,29961.6,28415.8,-0.328368,1.07374;e-,16142.9,15309.8,-0.328421,1.07372;m-,50208.8,39668.4,-0.713739,-3.13038;
162672;Wgam;5.00186e-05;32856.2;1.03918;e+,29509.1,29180.4,-0.149945,-2.01896;e-,13977.8,13822.5,-0.149792,-2.01892;m-,208515,56687.9,1.97659,0.77612;
163025;Wgam;5.00186e-05;179796;1.99198;e-,404823,198002,1.3423,-1.1108;m+,494320,212572,1.48724,1.94272;m-,109609,47058.7,1.48903,1.94043;
164016;Wgam;5.00186e-05;3252.03;0.810619;m-,266680,45611,-2.45165,2.83265;m-,100459,31158.4,-1.83885,-1.18512;m+,32394.7,10229.7,-1.81993,-1.17339;
166548;Wgam;5.00186e-05;23334;-2.0174;e+,32046.5,20030.6,-1.04687,1.08306;e-,21125.6,13425.2,-1.02552,1.0787;m-,105810,33303.9,-1.82337,-0.679382;
166845;Wgam;5.00186e-05;17962;-1.13376;j,1.56445e+06,32397.6,-4.57023,-0.597059;e+,124401,30740.4,-2.07545,2.25225;e-,91962.5,22739.5,-2.07478,2.25128;m+,146088,28639,-2.31283,1.61214;
169436;Wgam;5.00186e-05;77687.5;1.08435;j,149547,58253.8,1.59213,-2.52315;m+,217771,41051.4,2.35276,1.23883;m+,30088.1,14792.3,1.33639,0.711026;m-,26137.1,13017.5,1.32146,0.577625;
169824;Wgam;5.00186e-05;50037.2;3.08461;j,65083.7,38247.8,1.11974,2.4141;e+,58293,37852.4,-0.997382,-0.324623;e-,52841.2,34269.9,-0.999005,-0.319548;m+,34243.1,32794.6,-0.296116,-1.13508;
171005;Wgam;5.00186e-05;40468.5;1.37684;j,54932.6,32497.5,1.11327,-2.14736;e-,228363,46304.9,-2.2784,-2.18274;e-,37851.1,20526,-1.22184,0.805702;e+,35648,19333,-1.22174,0.805846;
171895;Wgam;5.00186e-05;17715.7;2.13214;j,43283.9,39252.5,0.43734,0.671883;e-,29871.9,29193.4,0.215188,-1.78696;e+,16259.8,15892.1,0.214689,-1.79108;m+,54921.6,20089.6,-1.66358,-0.893862;
175043;Wgam;5.00186e-05;232939;-1.70988;j,254159,214962,-0.529934,1.44499;m+,75363.6,66158.7,-0.521575,-1.78979;m-,59492.7,56379,-0.330833,-1.542;m-,22408.2,20237.2,-0.45913,-1.86757;
176238;Wgam;5.00186e-05;37000.1;0.61148;j,34730.6,34729.2,-0.00892826,-2.79686;m+,111471,29112.5,2.01824,0.669588;m+,39884,22665.6,1.16551,1.77765;m-,25570.4,15702.6,1.06938,1.94077;
176601;Wgam;5.00186e-05;35204.7;1.50677;j,47824.4,26031,-1.21083,-2.06275;e+,57530.6,49747,0.552352,1.86625;e+,138179,47145.1,-1.73801,-1.34497;e-,33454.9,11414.9,-1.73796,-1.34501;
177563;Wgam;5.00186e-05;36061.8;-0.147012;j,172894,105564,-1.07504,1.26621;j,165241,95474.8,-1.14284,-1.32995;j,188811,30046.4,2.52349,-0.890347;e+,91402.9,85994.2,-0.352838,2.99878;e-,39649,37341.5,-0.349768,3.00143;m+,337600,58630.5,-2.43613,0.165543;
179563;Wgam;5.00186e-05;25521.1;-1.75877;j,613428,64814.8,2.9378,0.268516;j,695401,41141.3,3.51962,2.8715;j,38201.9,35402.5,-0.380294,2.08462;e+,116380,65103,1.1846,-2.07323;m+,64173.3,34341.7,1.23758,-1.52435;m-,20601.2,10597.9,1.28392,-1.51071;
179733;Wgam;5.00186e-05;43066.6;2.84928;e+,118096,30538.2,-2.02852,-0.541553;e-,70840,18320.7,-2.02838,-0.541268;e+,12857.3,10648.8,-0.633394,1.54852;
184428;Wgam;5.00186e-05;12195.7;-2.54582;m-,93971.9,30250,-1.79967,-2.6382;m-,15164.6,12698.6,0.6135,1.99698;m+,13734.5,12443.8,0.451545,1.49419;
184543;Wgam;5.00186e-05;29667.8;-0.952218;e-,155901,55601,-1.69073,1.78543;e+,36120.4,32825.1,-0.444416,-1.33755;e-,14981.2,13495.3,-0.465063,-1.33954;
185666;Wgam;5.00186e-05;57999;-0.304143;j,174193,172975,0.0575702,1.71373;e+,105502,74894.9,0.875803,-1.39478;e-,77756.1,49888,1.0131,-1.83157;e+,18379,11792.6,1.01303,-1.83157;
186405;Wgam;5.00186e-05;126274;-2.59628;j,103418,92670.7,-0.462741,0.950433;e-,65218.2,53239.5,-0.658836,0.11785;e+,21270.9,21266.3,0.0207732,-2.67719;e+,22489.4,18358.6,-0.658845,0.117881;
186421;Wgam;5.00186e-05;55984.3;2.71338;j,91978.1,42929.5,-1.39093,0.561885;j,217060,28013.1,-2.73603,-1.20893;j,255455,27835.4,2.90674,1.01533;e+,53349,42618,0.695535,-2.63187;m+,100655,25387.6,2.05429,-2.14952;m-,46817.8,11993.6,2.03821,-2.18219;
189513;Wgam;5.00186e-05;28529.6;1.4768;b,186345,181195,-0.124897,-1.43662;e-,520585,140613,-1.98333,1.58945;e+,15030.3,13935.3,-0.393876,2.47096;e-,12677.9,11945.1,-0.348513,2.45969;
192095;Wgam;5.00186e-05;31600.5;1.25813;j,37579.6,36641.2,0.00167805,-1.86888;m+,44976.9,42191.6,-0.361385,1.08661;m-,64565.9,30111.2,-1.3965,-2.37421;m-,29873.6,28123.4,-0.350968,1.04376;
201607;Wgam;5.00186e-05;126064;2.02434;j,95765.8,75657.7,-0.700691,-1.42564;j,171010,52016.3,-1.85762,-0.700675;j,79553.6,23270,1.89467,-1.31762;m+,152198,111550,-0.829684,1.97449;m+,34911.8,29355.1,-0.605971,1.32165;m-,22725.9,16877.2,-0.810158,1.90817;
202985;Wgam;5.00186e-05;84406.1;0.325171;e+,64862.5,37873.7,-1.13234,-2.94507;e-,63993.3,37366.8,-1.13232,-2.94502;e+,17401.6,17160.9,0.167319,-2.19537;
210239;Wgam;5.00186e-05;6268.69;-0.240874;m+,160657,36235.2,-2.16942,-2.11109;m+,28189.5,20800.3,-0.819748,0.0961359;m-,19728.3,13839.9,-0.89252,0.074458;
210711;Wgam;5.00186e-05;31964.8;-0.55257;e+,18802.7,18666.4,0.120786,2.28289;e-,13558.7,13455.7,0.123647,2.27968;m+,93154.9,51842.1,1.19083,-1.0219;
211104;Wgam;5.00186e-05;129244;-0.0798326;j,287265,130155,1.42566,2.92176;j,589655,26784.7,3.78425,-1.78778;m-,113634,65508.9,1.14804,-0.398185;m-,98728.4,64448.5,0.990422,0.16884;m+,75137.6,49099,0.989069,0.168978;
211551;Wgam;5.00186e-05;67095.9;0.47118;e-,63162.4,50215.2,0.703504,-2.68487;e+,20577.7,16299.7,0.709538,-2.68583;m+,41959.6,40870.9,0.230295,1.67753;
215128;Wgam;5.00186e-05;500096;-2.8229;j,1.39419e+06,914233,-0.983166,0.474728;j,413197,394667,0.24499,-2.47975;e+,33989.9,28909.5,-0.584495,-2.3476;m-,150779,93806.4,-1.05283,-2.55064;m+,17789.9,11678.1,-0.983002,-2.57863;
217575;Wgam;5.00186e-05;122611;3.11612;j,104056,67082.5,-0.995811,-0.642948;j,429223,57152.1,2.70459,0.658759;e+,31601.8,10519.2,1.76423,-0.846995;m-,240401,71523,1.88254,1.58476;m+,138479,40950,1.8889,1.57689;
220069;Wgam;5.00186e-05;56075;2.35933;j,65966.5,36604.3,-1.19046,2.78086;j,139657,35806.6,-2.03671,-2.42914;e-,133911,61792.1,1.40848,-0.786858;e+,53291.8,48110.3,-0.460047,0.719343;e+,32454.3,15056.3,1.40243,-0.789572;
220561;Wgam;5.00186e-05;69138.7;2.18517;e+,83699.6,24640.5,-1.89358,-0.924605;e-,58798.3,17572.7,-1.87779,-0.908441;e+,16956.8,14001.9,0.638764,-2.77179;
221180;Wgam;5.00186e-05;11496.9;2.16713;j,171439,111818,-0.970564,-2.8283;e+,511835,112622,-2.19479,0.331953;e-,39490.7,17323.6,-1.46514,-0.523136;e+,32742.5,14363.7,-1.46511,-0.523022;
222168;Wgam;5.00186e-05;14327.7;0.392081;m-,154959,97784.3,-1.03462,-0.459072;m-,93241.5,91378.8,-0.201568,2.20172;m+,25652.4,16011.4,-1.04866,-0.455184;
229403;Wgam;5.00186e-05;52739.8;-2.12674;j,106943,87241.7,0.643612,3.09039;j,102461,60525.3,-1.09777,-0.156484;j,277429,50317.1,2.39149,2.44375;e+,207858,96861.7,1.39738,0.0595385;m-,31859.7,25174.6,-0.713525,-2.20624;m+,17891,13969.2,-0.732793,-2.15312;
230414;Wgam;5.00186e-05;477866;0.868382;j,900648,767922,0.577046,-1.83334;j,2.04797e+06,450820,-2.19419,2.81194;j,106283,50820.4,1.35926,-2.17742;e+,400991,400954,0.0135592,0.622108;m-,238438,123774,1.27338,1.85466;m+,71124.6,36741.3,1.27908,1.85182;
231611;Wgam;5.00186e-05;58337.6;-2.12018;j,108010,24611.5,-2.1554,1.66055;e+,27316.8,17394.9,-1.02289,0.726774;e-,17298.1,11015.1,-1.0229,0.726692;m-,87332,42393.2,-1.35095,3.08146;
235949;Wgam;5.00186e-05;38119.6;-1.27504;j,35747,29511,0.591,0.647784;e-,15349.7,13332.2,-0.543429,2.94678;e+,13518,11740.8,-0.543494,2.94666;m-,129173,33226.4,-2.03398,-1.59722;
236112;Wgam;5.00186e-05;109717;2.81392;j,199654,126459,1.02814,0.27888;e-,83057.9,77550.7,0.374669,-1.84518;m+,179899,93943.8,1.26641,3.08013;m-,77198.1,40212.7,1.26933,3.07989;
237422;Wgam;5.00186e-05;122120;1.4077;j,45165.8,30309.3,-0.944728,-1.72686;j,372499,26282.5,-3.34307,-0.0664754;e+,114714,43319.8,-1.62926,-1.94398;e-,105407,39795.2,-1.62952,-1.94397;m+,131514,88905.7,-0.943631,1.31913;
237474;Wgam;5.00186e-05;24929.3;-1.84086;j,1.15746e+06,28751.8,4.38826,1.14076;j,57608.7,28472.9,1.32638,0.418089;e+,76996.6,25938,1.75154,-2.75645;e-,52858.8,17800.5,1.7519,-2.7565;m+,52181.4,14589.4,1.94744,1.01196;
237871;Wgam;5.00186e-05;137207;2.12208;j,539240,198862,-1.65426,-0.75652;j,63861,54455,0.571468,-0.268679;e+,203148,109537,1.22862,3.11304;m-,106341,102935,0.256562,2.27601;m+,40100.4,38881.9,0.249687,2.27658;
240537;Wgam;5.00186e-05;28010.4;0.832363;e-,21940.3,18387.6,-0.61204,-2.30974;e+,12126.9,10158.7,-0.612844,-2.30964;m+,36454.5,36330.6,-0.0824976,1.40932;
243619;Wgam;5.00186e-05;43630.8;1.94268;e+,72650.1,41559.3,1.15749,-1.48339;m+,47561.6,40538.1,0.580467,2.61609;m-,12813,10996,0.567171,2.66221;
251358;Wgam;5.00186e-05;82393.8;-2.30544;j,172206,40646.2,2.11996,2.45735;e-,107709,65930.6,-1.07347,0.315493;e+,43974,26916.9,-1.07349,0.315392;m+,184890,76610.6,1.52819,-1.86983;
251490;Wgam;5.00186e-05;19027.4;-2.92249;j,46945.5,45468.9,-0.254164,2.26638;j,55560.3,28287.1,1.28763,2.56174;e-,182080,105143,-1.14599,-1.10322;e-,446991,76002.1,-2.45762,1.40635;e+,29500.4,17037.5,-1.14583,-1.10305;
252423;Wgam;5.00186e-05;138596;-1.82135;j,136833,129538,-0.229484,1.20519;m-,39123.7,37804.1,0.263441,-2.06843;m+,35694,35466.4,0.113184,-1.84748;m-,29818.6,28848.8,0.258554,-2.8467;
254776;Wgam;5.00186e-05;54763.5;-1.15455;e-,203342,44749.5,2.19462,1.99194;e+,89398.9,19665,2.19509,1.992;m+,71539.3,12898.3,2.39807,1.09062;
256535;Wgam;5.00186e-05;129847;-0.472167;j,549483,224117,1.545,1.28962;j,188215,183762,0.173987,-2.42314;j,165924,45547.2,1.96453,2.99018;e+,68422.1,59152.9,-0.552754,-1.73822;m-,66722.3,39562.8,-1.11334,-0.539689;m+,58483.3,35017.7,-1.10119,-0.534267;
257906;Wgam;5.00186e-05;152641;2.84457;j,641345,187838,-1.89792,1.10468;j,346716,176643,-1.29318,-1.87601;j,232861,138785,1.10411,-0.615572;m-,73049.1,21770.9,-1.88072,2.31796;m+,98686.4,18977.6,-2.33246,1.82869;m-,79517,17303.3,-2.20617,1.98066;
261588;Wgam;5.00186e-05;31532;1.73984;j,69250.2,50828.4,-0.822945,-2.87803;j,47480.7,45825.6,0.143867,-1.82141;e+,53070.7,51805.9,0.220527,-0.48824;e+,49314.5,41684.2,0.596196,1.38004;e-,17725,14983.5,0.596065,1.37993;
262597;Wgam;5.00186e-05;32251.7;-1.05268;j,57058,55503.6,0.226504,2.46685;e-,72576.9,24837.5,1.73478,1.35062;e+,38414,12864,1.75784,-1.70726;e-,34408.6,11524.4,1.75768,-1.7069;
262978;Wgam;5.00186e-05;102339;-1.28929;j,460742,154753,1.75449,1.65459;e+,55661.9,55630.6,-0.0335524,-1.88365;m+,37878.9,35532.6,-0.36142,-2.93675;m-,21049.6,19754.8,-0.360084,-3.0053;
263238;Wgam;5.00186e-05;63231.7;-2.17459;e+,48210.2,26843.4,1.19022,0.842604;e+,70344.4,25675.6,1.66591,1.52674;e-,19214.4,12440.1,1.00125,0.809206;
265196;Wgam;5.00186e-05;34674;-1.89653;e+,18341.3,18341,-0.00572242,1.70562;e-,16844.4,16844.3,-0.00198296,1.70493;m+,176220,59721.5,-1.74515,-1.49263;
268031;Wgam;5.00186e-05;78378.9;2.71469;j,395422,79944.3,-2.28093,0.780108;j,72443,45535.8,1.03818,-0.629997;e+,69630.8,38459.5,1.1999,-2.01713;e+,28670.7,17954.2,1.04447,-1.47371;e-,27503,17231.4,1.04384,-1.46841;
270381;Wgam;5.00186e-05;179450;0.966813;j,342592,147847,1.47949,-2.47111;j,285440,52784.6,2.37131,-1.17362;m+,508974,93036.5,2.38409,0.62797;m+,85447.6,37755.8,1.45708,0.913344;m-,53106,23060.8,1.47643,0.894573;
272198;Wgam;5.00186e-05;28462.3;-3.11644;j,34258.7,29815.3,0.530595,-1.87553;e+,89470.5,36007.5,1.56013,-1.00687;e-,84615.7,32897.2,-1.59775,1.33256;e+,42893.8,16639.2,-1.60017,1.29894;
275044;Wgam;5.00186e-05;58231;0.78329;e-,177369,37078.8,-2.24722,-1.99081;e+,113363,26877.2,-2.11811,-2.64033;e-,54089.1,12819,-2.11851,-2.64094;
278547;Wgam;5.00186e-05;90698.6;2.61437;j,623017,334423,-1.23178,-0.465553;e-,360575,123589,-1.73312,2.55794;e+,134818,80416.2,-1.10595,2.87017;e-,74843.8,46232,-1.06193,2.91097;
281840;Wgam;5.00186e-05;62569.1;-2.66575;e-,29990,22810.2,-0.773962,0.542187;e+,18217.2,13857.3,-0.773803,0.54264;m-,78757.8,71099.9,0.460055,-2.38512;
282066;Wgam;5.00186e-05;18820.3;1.94015;e-,75269.5,27841.2,-1.6516,-0.0428007;e-,37751.9,25490.5,0.945249,-1.92179;e+,22204.9,14652.5,0.9761,-1.9011;
285971;Wgam;5.00186e-05;130308;-2.2615;j,201968,100998,1.31558,0.0833724;j,772701,95637.6,-2.77842,1.67403;m-,64635.5,63754.3,-0.166068,-3.06581;m+,56733.1,46982.6,-0.633602,-1.80296;m-,33069.6,29106.7,-0.516064,-1.88825;
288258;Wgam;5.00186e-05;44788.3;-3.03241;e+,46204.1,21272.4,-1.41102,-0.0421532;e-,23921.1,10344.4,-1.48104,0.00324091;m-,103243,24306.9,2.12532,2.17032;
289696;Wgam;5.00186e-05;40071;-1.30613;j,276290,124081,-1.43684,2.32915;e-,87245.6,63275.2,-0.845062,-0.66814;e+,69856.7,50663.4,-0.845075,-0.668191;e+,14089.9,13477.1,0.300429,1.89549;
290445;Wgam;5.00186e-05;41694.6;1.35924;e+,102481,24910.4,2.09243,-1.82583;e-,33917.9,23012.3,0.938704,-1.57187;e+,15922.9,10803.4,0.938682,-1.57193;
291434;Wgam;5.00186e-05;81363.9;-1.43389;j,368469,30034.7,-3.19827,1.0015;j,48242.3,28502.4,-1.10181,1.13311;e-,104298,41586.6,-1.57028,2.66584;e-,108497,35060.6,-1.7956,0.296006;e+,71307.1,28432.1,-1.57028,2.66586;
291540;Wgam;5.00186e-05;39206.3;-0.812053;j,415076,391769,0.256445,0.913445;b,466341,133101,1.92358,2.64926;j,534970,48633.8,3.08862,-0.43295;e+,250237,202014,-0.677905,-2.16868;e-,122652,99015.9,-0.677903,-2.16868;e-,68598.2,64591.6,0.350423,-2.18437;
291907;Wgam;5.00186e-05;25877.2;0.162858;e-,106336,41404.2,1.59611,2.26564;e+,43352.9,23974.7,1.19842,-1.32101;e-,27103.2,14989.7,1.19832,-1.3209;
296303;Wgam;5.00186e-05;19090.4;-0.355545;e-,24466.5,17578.9,0.858608,2.48728;e+,22497.3,16064.6,-0.867452,-1.28625;e+,14707.1,10564.8,0.858885,2.48703;
296679;Wgam;5.00186e-05;146129;2.08008;j,80382.4,71537.6,-0.440508,-0.772059;j,360964,51160.3,-2.64097,2.62256;j,1.2615e+06,48783.3,3.94542,-2.6876;j,381188,28723.7,-3.2771,-0.602146;e+,138135,131030,0.327843,-0.955697;e-,100222,99860.3,0.0850463,1.48287;e-,36768.8,34875.2,0.328056,-0.955803;
297429;Wgam;5.00186e-05;17608.6;1.33811;j,27066.1,25305.3,-0.355091,2.97971;e+,298416,60909.8,2.27166,-1.01461;e+,25135.7,25118.7,0.0368691,1.91535;e-,14313,14299.6,0.043423,1.98049;
300097;Wgam;5.00186e-05;181687;0.0408651;j,338577,306381,0.411084,-2.30493;j,231894,216071,-0.374685,1.46732;e-,73823.9,35714.9,1.35482,1.1171;m+,40228.7,40086.5,0.0841754,-1.08702;m-,19718.3,19636.3,0.0912293,-1.07554;
300300;Wgam;5.00186e-05;21493.3;-2.72576;m-,145133,40145.5,1.95859,-2.39618;m+,55301.4,39397,0.870774,2.22808;m+,70746.1,18921.7,1.99355,-2.41558;
302783;Wgam;5.00186e-05;45245.1;-2.96666;j,65473.5,23574.4,-1.67711,1.62598;e+,49215.9,23301.9,-1.37939,-0.601545;e-,40879.1,19355,-1.37937,-0.601477;m-,25819.3,23997.6,0.387198,1.92147;
304849;Wgam;5.00186e-05;42726;-1.62411;j,63397.1,34728.8,1.20448,1.13051;m+,59352.8,39273.2,0.972444,0.240078;m-,41394.6,22699.7,-1.20851,-2.67637;m+,23613.3,12740.1,-1.22787,-2.66725;
305052;Wgam;5.00186e-05;14384.1;2.70127;m+,71231.4,36982.3,-1.2732,-0.091432;m+,45140.4,33394.7,-0.815893,-1.9339;m-,29934.5,15335,-1.2888,-0.0761173;
307834;Wgam;5.00186e-05;8094.94;1.46165;m+,223682,49302.8,2.19302,-2.72134;m+,21508.9,18381.3,-0.575355,0.985871;m-,21364.6,15180.2,-0.874505,1.21334;
308803;Wgam;5.00186e-05;36216.3;-1.4354;e-,25779,24105.5,0.370499,1.47577;e+,12091,11907.2,0.175507,1.54104;m-,130766,52932.8,1.5538,-1.97503;
310257;Wgam;5.00186e-05;54919.4;2.10097;j,235332,41679.5,-2.41528,-1.20948;j,146361,33541.4,-2.15122,-1.92134;e-,65093.5,25616.5,-1.58455,0.802598;e+,53499.1,21142.8,-1.57996,0.803948;m-,71916.9,53650.9,-0.803396,1.85474;
310328;Wgam;5.00186e-05;49749.4;2.16593;e-,51555.2,21743.7,-1.50871,-0.322134;e-,35777.8,20848.3,-1.13486,-2.111;e+,28661.2,11732,-1.54158,-0.297811;
311142;Wgam;5.00186e-05;39212.5;-0.741576;b,121944,92385.1,-0.777008,1.55535;j,972087,61565,-3.45142,-2.28791;e+,29274.3,28994.6,-0.138791,3.03377;e+,29218.6,28202.5,0.267634,-0.641658;e-,12356.1,11930.8,0.266218,-0.641536;
311214;Wgam;5.00186e-05;58816.9;2.41429;j,105305,91643.4,-0.53065,-1.13996;j,46663.2,24655.3,1.24446,-0.84474;e+,34149.6,33700.1,0.163149,1.585;e-,13023,12851.3,0.163305,1.58507;m-,65825.4,22927.3,1.71602,1.14803;
316742;Wgam;5.00186e-05;13314.9;2.35179;m-,94533.3,28168.6,-1.88091,-2.63588;m+,28580.1,12820.5,-1.44021,0.912277;m-,20717,10253.6,-1.32868,0.90584;
317650;Wgam;5.00186e-05;59712.7;0.18636;e+,66543.3,63704.7,-0.297428,-2.98159;m+,109536,19127.5,2.43056,0.209279;m-,107398,18924.1,2.4214,0.190705;
318080;Wgam;5.00186e-05;77717.5;-1.09003;j,122198,116896,0.289272,2.18652;m+,95197,89759.1,-0.346354,0.713175;m-,204668,69119.3,1.74889,-1.39417;m-,18069.7,17626.3,-0.223752,0.66193;
318905;Wgam;5.00186e-05;21201.6;0.715446;j,33794.4,30306.3,-0.395773,0.452091;e+,67402.9,61356.1,-0.440397,-2.01133;m-,87242.9,36156.2,-1.52799,2.18812;m+,48162.9,19976.2,-1.52711,2.18862;
319085;Wgam;5.00186e-05;31878.1;1.88339;j,97410.7,49706.2,1.28711,-1.19042;m+,35284.2,27007.4,-0.764163,-2.59388;m-,30146.5,19032.8,-1.03398,-2.0746;m-,18862.2,11815.4,-1.04407,-2.54851;
321759;Wgam;5.00186e-05;30551.1;0.355403;e-,36486.1,27952.6,0.762765,2.24138;e-,31830.8,19128.5,1.09665,-2.11281;e+,19826.4,11914.5,1.09666,-2.11279;
321902;Wgam;5.00186e-05;86510.4;0.178978;j,269101,213221,-0.707045,2.59676;e-,120105,118967,0.138177,-0.652197;e-,65805.5,57440.3,-0.533346,-1.73416;e+,18169.5,15856.4,-0.533792,-1.73406;
322835;Wgam;5.00186e-05;47882.8;1.79429;e-,57153.1,49592.3,-0.54541,-1.32157;m-,18616.6,17846.8,0.292602,2.96589;m+,12976.9,12492.7,0.27741,2.97605;
326944;Wgam;5.00186e-05;22963.8;-0.979128;b,179614,159133,0.380801,-1.21969;j,34976.4,31473.8,0.436236,-1.85676;j,981808,22156.9,4.48425,-1.18659;e+,380072,175018,1.41082,1.48027;e+,101850,60248.5,1.11629,2.80087;e-,53323,31585.2,1.11462,2.80049;
327433;Wgam;5.00186e-05;52513.7;1.48302;j,73865.3,58569.4,-0.697794,-2.03004;m+,99239.3,65181.5,-0.982288,1.29185;m-,68572.6,13072.9,-2.34128,1.39197;m+,54123,11354.2,-2.24363,1.16702;
329463;Wgam;5.00186e-05;262558;-1.99303;j,283504,184514,0.991659,1.71807;j,330856,147846,1.43918,0.366075;m-,152103,57685.6,1.62463,-1.30061;m+,69827.9,37724.1,1.22632,-2.95617;m-,23910.4,12249.4,1.28876,-2.90675;
336370;Wgam;5.00186e-05;6690.34;2.03954;m-,245483,55756.4,-2.16223,-2.40264;m+,26247.2,16334.1,-1.05246,1.16044;m-,23449.8,15044.3,-1.01318,1.09717;
338759;Wgam;5.00186e-05;181039;-0.65431;j,244798,202770,-0.622778,2.10123;j,244901,52453.5,2.22113,-1.62397;m-,378150,206877,1.21135,-0.422378;m+,124667,123874,0.113063,-3.0943;m+,133306,74039.7,1.19322,-0.411709;
339211;Wgam;5.00186e-05;18031.4;-0.37948;e+,22391.9,19395,-0.548993,2.67757;m+,48805.3,32485.4,-0.96454,-0.389092;m-,22124.1,14065.2,-1.025,-0.18428;
341111;Wgam;5.00186e-05;70297.6;-0.549327;j,101522,69636.1,-0.917754,-2.95847;j,112062,23051.2,-2.2628,1.91541;e+,93412.4,73089.8,-0.729441,1.04138;e+,91594.8,44127.5,-1.35959,-2.01548;e-,16783,13130.8,-0.729553,1.04131;
341380;Wgam;5.00186e-05;9957.28;2.28175;j,173576,46319.2,1.9928,-1.89533;e-,25554.8,20742.8,-0.668623,1.11509;e+,22746.5,18462.6,-0.668697,1.11535;m+,27346.2,26714.6,-0.216991,-1.41568;
343792;Wgam;5.00186e-05;18731.9;-1.87037;j,31970,26037.1,0.649716,-2.60779;e+,74171.3,69767,-0.353484,-0.475702;e-,24106.9,24095.3,-0.0310774,-0.143477;e-,19841.6,18663.7,-0.353446,-0.475708;g,130415,96699.7,-0.812522,2.41951;
350936;Wgam;5.00186e-05;131537;2.89642;j,631265,254422,-1.55786,-0.583648;j,190734,83173.1,-1.46463,2.12281;j,288830,41021.2,-2.63851,1.82179;e-,23843.5,22787.8,-0.303227,3.0848;e+,10942,10471.8,-0.298563,3.08441;m-,46905.1,46646,0.105331,2.01541;
351041;Wgam;5.00186e-05;76491.8;-2.94573;j,51863.8,51270.3,0.121948,0.102553;j,119741,23240.8,-2.32038,2.69581;e-,56414.2,27152.3,1.3607,0.00640857;e+,58692.3,25297.8,1.48468,-0.131865;m+,44171.3,31334.7,0.876802,2.39653;
357170;Wgam;5.00186e-05;36238;-2.68379;j,174373,171422,-0.10276,-3.00782;j,84389.2,83490.2,-0.0379208,0.730834;j,83546.3,39009.5,1.3945,0.410431;j,236453,38103.6,-2.51147,2.38696;e-,111156,109700,0.162736,-0.41631;e+,82287.4,81381.5,0.149064,-0.422671;e+,72656.4,52132.2,0.860549,2.56572;
357382;Wgam;5.00186e-05;14018.3;0.672431;e-,50250.2,11090.7,2.19165,-2.43704;m+,51334.7,51334.6,0.000315714,-1.1592;m-,32291.7,32281.7,0.0246691,-1.16951;
360495;Wgam;5.00186e-05;121106;1.58852;j,885750,121141,2.67769,-2.68167;e-,923412,160704,2.434,-0.930621;e-,248506,75010.4,1.86739,1.39221;e+,75968.9,13221,2.43401,-0.930621;
362257;Wgam;5.00186e-05;11037.3;-2.63638;m+,108007,85888,0.703108,0.00643549;m+,105499,78971.4,0.798281,-2.98725;m-,82824.6,62254.2,0.792057,-3.07615;
362878;Wgam;5.00186e-05;44583.3;1.36785;e+,78362.8,45019.2,1.15228,-1.82795;m-,19993.6,18425.7,-0.409631,2.12068;m+,15356.2,14204.3,-0.399989,2.09351;
363006;Wgam;5.00186e-05;51865.7;-0.797451;j,26595.7,24572.7,0.364047,1.80921;m+,87830.7,85426.7,0.236683,0.153331;m-,56827.7,55299.3,0.234565,0.156278;m-,28341.5,28298.8,-0.0547881,2.525;
364012;Wgam;5.00186e-05;106386;-0.202642;j,901136,75896.3,3.16546,2.17863;j,77952.6,68948.2,0.496137,-3.07254;e-,39421.2,20225.7,1.28704,-1.51829;e+,24466.3,12552.9,1.28703,-1.51809;m+,43167.7,38686.7,0.47677,-1.15617;
364522;Wgam;5.00186e-05;33438.2;2.92997;j,634664,56139,-3.11636,-0.439282;j,87040.2,34073.5,-1.58479,-2.40172;j,31997,28378.8,-0.484865,-2.78935;e+,62614.8,53172.3,-0.587473,1.16047;m+,37825.8,30541.8,-0.677599,1.6605;m-,25643.1,21033.7,-0.650486,1.66918;
367072;Wgam;5.00186e-05;58687.2;2.9341;j,63144.1,62437.7,-0.123958,0.049065;j,192593,32241.5,2.47269,0.436184;j,35542.4,25145.3,0.858804,2.65455;e+,124206,35187.5,1.9337,-1.81311;e-,49045.3,13847.5,1.93723,-1.81632;m-,101936,49326.3,1.35456,2.09235;
367673;Wgam;5.00186e-05;65763.4;-0.973955;e-,91717.9,41884.8,1.42018,1.99395;e+,61443.9,28059.5,1.42018,1.99401;m-,67424.3,37773.7,-1.18279,-0.0969297;
368502;Wgam;5.00186e-05;55292.5;-1.33423;j,45130.8,25473.4,-1.16178,0.577085;e-,71944.3,28911.4,1.56174,2.05735;e+,43222.8,17168.8,1.57441,2.05108;m+,111861,62299.9,-1.18992,-0.855417;
371432;Wgam;5.00186e-05;244168;-0.401158;j,1.30173e+06,320425,2.07915,2.92621;e+,124478,73041.8,1.12628,0.101638;e-,27894.5,18354,0.979929,1.03058;e+,18787.7,12355.8,0.980591,1.03031;
376439;Wgam;5.00186e-05;93465.4;-1.46342;j,272850,222488,-0.653259,1.45174;e+,312141,130728,-1.51643,-1.76797;m-,84592.9,26951,-1.81058,-1.92462;m+,85186.1,23439.4,-1.96408,-2.12082;
382956;Wgam;5.00186e-05;29308.2;-2.3689;e-,17458.4,16564.4,-0.327079,0.0943722;e+,13094.2,12429.1,-0.325713,0.0947212;m-,38289,14976.2,-1.59119,-1.94008;
383968;Wgam;5.00186e-05;236724;-1.20584;j,58668.8,55522.9,-0.324599,0.230221;e-,696862,181407,-2.0216,2.03235;e+,267606,69659.8,-2.02165,2.03236;m-,246433,223996,-0.443934,-1.03095;
385726;Wgam;5.00186e-05;14372.1;0.568521;j,103941,23294.8,-2.17431,-2.83528;m+,42582.4,36379.1,0.575979,2.29749;m-,21976.9,21442.1,-0.222838,0.855543;m+,16566.7,16096.9,-0.240938,0.713073;
388048;Wgam;5.00186e-05;39081.6;0.106044;j,152893,78077.1,-1.28773,-1.21934;j,37946.9,23841.2,1.03323,-1.51579;e+,203679,82842.4,-1.54857,2.24816;e-,63216.6,28377.7,-1.43944,2.31144;m+,36381.6,11642.6,-1.80589,-0.0675178;
388049;Wgam;5.00186e-05;51503.8;-1.35017;e+,49051.3,47684.6,0.238854,1.99221;m+,108494,29092.9,1.99087,-0.677743;m-,39076.1,11945.9,1.85404,-0.731941;
388796;Wgam;5.00186e-05;33570.8;-0.720793;j,194380,187352,0.269213,-0.643489;j,858468,85408.8,-2.99823,2.84677;e+,485579,190898,1.58566,2.50142;e-,42715.9,32433,0.776639,0.415004;e+,16374.3,12447.6,0.774781,0.419251;
389782;Wgam;5.00186e-05;58697.9;1.58627;e-,123847,24521.4,2.3027,-2.36844;e-,54908.6,21441.7,-1.59297,-1.2841;e+,22718.2,11007.1,-1.35312,-1.22482;
390044;Wgam;5.00186e-05;34478.7;-0.376542;j,101872,40964,1.55562,1.76542;e+,53601.5,37808.6,0.884857,-1.67651;e-,180305,30939.5,2.44832,2.43705;e-,40775.2,28822.5,0.881864,-1.67744;
390253;Wgam;5.00186e-05;93702.5;2.83123;j,1.40389e+06,183547,2.72313,-1.17364;e+,91641.8,71404.4,0.736153,1.05617;e-,49110.5,38265.4,0.736148,1.0562;e-,52321.8,32490.1,1.05524,2.6207;
390788;Wgam;5.00186e-05;19251.5;-0.810737;j,36118.7,31875,-0.504021,1.83215;m+,71286,69311.2,0.238146,-2.51452;m+,159587,33468.2,2.24396,0.968902;m-,117875,24676.7,2.24577,0.96423;
393198;Wgam;5.00186e-05;19881.8;-0.0338836;e-,30260.8,14812.8,1.34137,-2.64535;e+,21204.2,10424.9,1.33636,-2.63537;m-,93663.3,28531.6,-1.85779,-0.731796;
394773;Wgam;5.00186e-05;113431;0.242429;e+,355789,134201,1.63051,-2.74079;e+,78085,47560.9,1.07973,0.777762;e-,59542.3,22458.8,1.63052,-2.74069;
395135;Wgam;5.00186e-05;69013.6;1.78151;e+,36759.8,36606.1,-0.0916054,-1.49697;e+,23652.7,23504.4,-0.112267,-0.954063;e-,15033,14969.9,-0.0917868,-1.49479;
400383;Wgam;5.00186e-05;42366.6;1.89791;e+,37725.4,30306.4,-0.686171,-2.13037;e+,24325.7,18039.7,0.812292,-1.01899;e-,20682.7,15356.9,0.810469,-1.01858;
400635;Wgam;5.00186e-05;171563;-0.556882;j,233237,202339,-0.538909,2.9589;j,215808,31909.7,-2.59783,-1.85371;e-,135091,88501.6,-0.985698,0.794091;m-,564753,154093,-1.97282,-0.807962;m+,258250,70283.1,-1.97549,-0.832077;
401688;Wgam;5.00186e-05;169490;2.61085;j,253088,172778,0.915196,0.885154;e+,752452,191541,2.04477,-1.52933;e-,63099.3,16065,2.0446,-1.52949;m+,220141,162417,0.819939,2.60821;
408157;Wgam;5.00186e-05;11420.3;-0.78343;m-,68575.7,34647.2,1.3049,0.358219;m+,26151.6,24305,-0.38736,-1.59021;m-,17710,16561.5,-0.370248,-1.58619;
408893;Wgam;5.00186e-05;62985.5;3.03491;e+,123686,29002.6,-2.12947,-0.395274;e+,61984.2,24772.7,-1.56772,0.804794;e-,47573.1,11165.7,-2.12851,-0.394393;
409691;Wgam;5.00186e-05;228500;0.0699944;j,792234,260485,1.77081,-3.066;j,389106,252715,0.994548,0.954439;j,272944,102260,-1.63421,-2.1178;j,525600,73194,-2.65954,-1.57722;j,162701,39072.4,2.10135,-2.42328;j,27063.1,26213.6,0.198955,-2.88059;m+,139384,138156,-0.133214,0.590545;m-,132013,94336.2,-0.86639,-0.474987;m+,19740.7,14189.1,-0.858014,-0.483335;
410034;Wgam;5.00186e-05;118626;-0.0554524;j,408770,122940,-1.86808,-2.98282;j,334377,44339.9,-2.70878,0.597553;j,401894,35289.9,-3.1235,2.83838;m-,146497,57533,1.58679,0.0570769;m+,84590,50467.5,1.10568,-0.46657;m+,98786,38527.5,1.59433,0.0326967;
415222;Wgam;5.00186e-05;17417.4;0.501614;j,54066.4,53826.1,-0.0731092,3.11205;e-,88468.2,51793.1,1.12911,-0.121471;m+,12663.7,12580.9,0.114374,1.61455;m-,11949.8,11856.8,0.124807,1.57784;
415785;Wgam;5.00186e-05;27306.7;-2.784;j,78197.9,58407.7,0.767687,-0.0559914;e+,46863.1,29063.4,-1.05687,2.9165;m+,73845.6,68173.4,0.40515,2.9176;m-,12129.3,11183,0.408422,3.01193;
416110;Wgam;5.00186e-05;67409.2;0.85337;j,117321,73934.8,-1.03591,-2.11177;m+,52707.7,51294.6,-0.234182,0.807708;m+,43779.2,40301.7,-0.412479,0.42513;m-,20081.9,19702.7,-0.195808,0.915994;
417949;Wgam;5.00186e-05;214639;1.00285;j,83587.7,52264.3,1.02378,1.80659;e+,225844,225336,-0.0671216,-2.07369;e-,38170,38071.1,-0.0720695,-2.07578;m-,153843,136994,0.491026,1.01338;
417993;Wgam;5.00186e-05;9941.33;1.42798;e-,13060.6,12659.4,-0.251085,-1.12713;e+,11241.7,10743.2,-0.303482,-1.12005;m-,19127.2,13593.2,0.874225,-2.05595;
418433;Wgam;5.00186e-05;112985;-1.66352;j,114582,67172.8,-1.11921,1.3966;j,36124.7,32110.7,0.443182,2.78982;e-,60949.7,18243.3,-1.87621,1.12684;e+,48373.3,14580.7,-1.86887,1.12757;m+,35399.1,21677.2,-1.07296,-1.39941;
420092;Wgam;5.00186e-05;20929.7;-3.09086;j,55834.8,53104.6,0.0284042,-2.63586;j,36816,36311.5,-0.0555102,0.411768;j,414892,24409.2,-3.52519,2.73926;e-,222835,43905,-2.3077,0.238149;m+,35789.7,19203.7,-1.23441,-0.788152;m-,22707.6,11943,-1.25801,-0.798263;
427986;Wgam;5.00186e-05;10781.8;2.86635;m+,104817,49109.8,1.39126,0.173532;m-,50487.9,20985.3,1.52476,0.17811;m+,78684.7,20661.1,2.01264,2.35199;
428536;Wgam;5.00186e-05;11999.6;-0.834968;e+,147983,105318,0.872204,-2.40897;e-,73758.8,72896.6,0.153643,1.12403;e+,25347.4,25057.1,0.152076,1.12365;
429063;Wgam;5.00186e-05;64182.4;1.36324;j,117116,111898,-0.174754,-2.10046;j,584421,46208.4,-3.22895,1.69691;e+,40500.5,23766.9,1.12619,-0.309542;e-,32679.1,18115.8,1.19551,-0.29329;m+,76749,64785.8,-0.598729,1.88414;
431509;Wgam;5.00186e-05;66666.2;3.09089;j,104719,34520.8,1.772,-1.17045;e+,123475,26063.2,2.23733,-0.399902;e-,67815.2,14314.8,2.23731,-0.400007;m+,45056.7,42031,0.377196,2.62536;g,298096,51620.3,2.43906,1.41574;
431680;Wgam;5.00186e-05;153326;2.0236;j,95978.3,91219.5,-0.215405,-1.20823;j,330950,48263.2,2.61261,-1.1494;j,42128.3,35605.4,-0.572468,-0.697641;m+,211320,180561,0.575715,2.19207;m-,142904,31089.9,2.20639,0.422866;m+,52986,11408.5,2.21702,0.435357;
440706;Wgam;5.00186e-05;32461.9;2.49554;e-,104224,35507.6,1.73958,-0.451774;m+,16486.2,15671.2,-0.321067,-2.00182;m-,11466.2,10831.8,-0.340454,-1.95819;
448823;Wgam;5.00186e-05;180840;-1.85901;j,463254,213870,-1.40508,1.19815;m-,232155,46111.4,-2.29948,-2.54438;m+,31325.2,15307.8,-1.34331,2.79747;m-,25444.2,14319.4,-1.17733,2.87369;
449084;Wgam;5.00186e-05;92827.9;-2.00158;j,1.60008e+06,182162,2.86276,1.46369;e+,225502,45077.7,2.29295,-1.24532;e-,95419.4,19248.7,2.28366,-1.24292;m+,124443,25599.5,2.26367,-1.23185;g,39944.4,26247.8,0.981685,-1.38568;
451363;Wgam;5.00186e-05;23823.4;-1.42255;m-,81774.6,47020.8,-1.15119,0.513192;m-,29318.6,25516.8,0.539308,-2.16538;m+,16735.5,12625.7,0.7864,-1.9349;g,44930,20764.4,-1.40675,1.53915;
452877;Wgam;5.00186e-05;33800.9;-0.0735534;j,37611.4,28661.2,-0.742065,1.68414;e-,99715.1,41160.7,1.53237,-2.46515;m-,21893.7,21681.5,0.139729,-0.557347;m+,12589.6,12432.4,0.158642,-0.476742;
454835;Wgam;5.00186e-05;5835.51;-0.174046;j,132707,25634.8,-2.32602,-1.51899;m+,61789.9,55263.4,0.481338,0.549513;m+,31289.6,20578.9,-0.980506,-2.04051;m-,25816.8,17042.6,-0.975567,-2.03403;
456245;Wgam;5.00186e-05;39313.6;0.092503;e-,60055.2,57969.2,0.267471,-2.66737;e-,14959.1,14900.7,-0.0884816,1.96806;e+,13976.4,13922.2,-0.0882241,1.96489;
456983;Wgam;5.00186e-05;117642;0.758419;e-,77778.8,76658.5,0.170753,-2.22009;e+,44783.9,44137.5,0.170928,-2.22017;m+,132377,98797.8,-0.802741,1.24931;
457141;Wgam;5.00186e-05;9674.16;-0.599107;e-,22143.7,21871.6,0.157554,1.71167;e+,10265.9,10176.4,0.132551,1.72074;m+,258698,43670.5,2.46493,0.317234;
457283;Wgam;5.00186e-05;98377.3;2.49;j,414606,160383,-1.59975,-0.572798;e-,57599.1,52941.2,0.416465,2.63809;e+,10966.7,10080,0.416412,2.63792;m-,458396,78567.3,-2.4495,2.7997;
