22959;wtopbar;0.00121245;44763.3;2.19511;b,88236.6,81463.4,0.343876,1.14791;j,47789.4,46935.1,-0.121934,2.72407;b,66136.4,31530.7,1.37017,-2.31441;e+,382587,117701,1.8474,-1.13113;m-,137473,66420.9,1.35631,-2.27355;m-,68439.7,20947.2,1.8528,-3.02967;
62264;wtopbar;0.00121245;113773;0.419499;j,114947,74695.9,0.991346,-2.351;j,66768,62048.9,0.336559,-2.91514;j,76051.3,54440.5,0.848887,2.07252;j,53700.8,31941.2,1.09603,-0.365838;m-,60704.5,52831.5,-0.539365,-0.187197;m-,12948.1,11508.2,-0.495089,-0.175177;m+,11453.6,10276.9,-0.473984,-0.164055;
69062;wtopbar;0.00121245;88744;3.02797;b,62609.5,42172.6,-0.933694,0.409098;j,129222,29448.3,2.15754,-0.416048;e-,36369.6,31934.2,0.521138,-1.18317;e+,32372.4,27155.3,-0.610353,-0.830694;e+,77543.9,24541.5,1.81759,2.47983;
155342;wtopbar;0.00121245;149147;-0.0584251;b,339040,112236,-1.7686,-2.63995;e-,93008.5,32898.5,-1.69955,2.13374;e+,12132.5,12129.4,0.0225372,-2.92088;m-,26515.2,26290.9,0.130455,0.514771;
177118;wtopbar;0.00121245;34663.2;2.13934;b,30017.8,28468,0.264315,-2.99217;j,27490.5,25402.2,-0.386734,2.27014;e-,165047,49107.7,-1.88245,-0.885384;m+,301208,77751.2,-2.03034,-2.7471;m+,21611.3,18985.4,-0.520041,-0.352837;
194655;wtopbar;0.00121245;57310.4;1.97436;j,53983,50614.1,0.32607,-1.32927;b,231833,43395.4,2.35956,-0.3073;e+,10124.7,10077.6,-0.096672,-2.05812;m-,85323.1,71924.8,0.60128,1.12334;m+,124531,43954.7,1.70183,2.22486;
237598;wtopbar;0.00121245;42731.6;3.05092;b,81661.8,54545.6,0.951532,1.21427;j,54584.4,52650,-0.160118,-2.38211;j,43521.3,34415.9,-0.70647,-0.269709;b,31453.6,30621,-0.185768,-1.206;e+,38935.8,18201.2,1.39383,-0.0788809;e-,15860.9,10074.9,1.02611,-0.47717;m-,38186.5,22821.1,1.10356,-0.523107;
245398;wtopbar;0.00121245;30589.5;2.80872;b,208618,86453.7,1.52664,1.39496;b,52055.3,50926,0.184616,-1.82224;j,37879.6,37330,0.00753492,-0.902159;e-,124889,25922.2,2.25452,-0.901517;e+,114196,24172.4,2.23446,-2.71104;m+,96854.7,19201.8,2.30138,-2.67432;
273138;wtopbar;0.00121247;8608.84;-2.58439;b,218789,69765.5,-1.8082,1.1619;j,30589.7,28616.3,-0.355033,1.82072;e-,45255.6,43381.3,0.292913,-2.47772;m+,39757.3,24407.1,-1.06979,1.03262;m-,22559.3,21569.4,-0.301789,-2.18565;
293581;wtopbar;0.00121247;73843.3;-0.542221;b,105178,103908,0.132134,-2.89717;b,95408.3,91844.7,-0.255249,0.918564;e-,33999.2,21483.7,1.03287,-1.51757;m+,71013.4,70904.6,0.0553907,-1.16602;m-,23041.7,14300.2,1.05594,-1.43531;
293849;wtopbar;0.00121247;37220.4;1.80884;b,101855,97969.7,0.15155,-2.36993;j,52041.3,45815.1,-0.495674,0.180823;j,51299.5,23807.8,-1.39675,-2.53939;e+,98825.9,30404.5,-1.84737,0.706081;e-,39181.2,14314.7,-1.66488,0.892529;e+,37160.1,10763.1,-1.91059,0.979871;
304080;wtopbar;0.00121247;94484.3;2.11229;b,157560,120268,0.762601,-1.05339;j,54027.3,44909.4,-0.625892,0.450328;j,27408,24862.3,-0.426111,-0.574124;j,78745.5,23312.1,-1.88172,-2.90345;e-,47735.4,43971.5,0.41086,3.05412;m+,30107.5,27709.2,0.413101,3.06858;m-,23399.2,21590,0.406557,3.0651;
314598;wtopbar;0.00121247;22627.4;-1.4341;b,140186,34448.5,-2.08032,1.60026;m+,57291.9,49824.6,0.540869,0.804566;m-,27922.5,27824.3,-0.0839109,-3.13114;m+,38509,23112.5,1.09823,2.2639;
321797;wtopbar;0.00121247;55899;-0.342998;b,80952.3,55595.9,-0.918589,1.40281;j,107148,53471.3,-1.31608,-2.43618;e-,22386.3,18525.6,0.634886,-2.89844;m+,58905.7,55933.5,0.324565,-0.552801;m+,19378.9,13515.9,0.900656,-1.30209;
374489;wtopbar;0.00121247;102010;-2.63289;b,88771.3,83781.2,-0.322491,0.916588;j,39679.3,38567.8,-0.078816,-1.03608;j,33732.9,30375.3,-0.409081,-0.0300387;j,191453,26200,-2.67659,0.269099;e-,19029.1,18155.7,-0.308946,-2.51934;m+,34571.5,23199.4,-0.953593,-2.18018;m-,22442.4,12692.4,1.17136,0.872773;
376146;wtopbar;0.00121247;41804.6;2.32084;j,146371,145098,0.0894205,-0.660045;b,138135,66848.3,1.34981,0.816765;j,132269,53973.9,1.53919,2.91308;e-,66514.1,59201.3,0.492061,2.92704;e+,29579.3,15360,1.27298,-2.46438;m+,49686.5,30683.4,1.06229,-1.40949;
381170;wtopbar;0.00121247;55831.4;2.63596;b,202576,70549.5,-1.7133,-0.784156;j,87347.1,65576.7,-0.787817,2.4184;j,289708,47093.6,-2.50177,0.400819;j,129488,35711,-1.96029,-1.61592;e-,13425.7,13124.5,0.213826,-2.3058;m-,204406,36620,-2.40454,2.04713;m+,59444.3,11610.2,-2.31663,2.02981;
394188;wtopbar;0.00121247;62598.1;3.01939;b,381602,127506,-1.75935,-1.26953;b,77313.1,68461.4,-0.48282,1.95895;j,165396,22905.3,-2.66413,1.97349;e-,55754.5,25407.8,-1.42255,-0.415082;e+,23652.4,21473.2,0.446789,-0.192827;e-,28560.8,15367.5,-1.23113,-2.6418;
426288;wtopbar;0.00121247;106046;-1.50938;b,334778,137253,-1.53865,1.3481;e-,76747.9,53173.9,-0.909918,-2.61311;m+,58199.4,40718,-0.896328,-0.616532;m+,21069,20647.6,-0.201637,-2.26546;
478303;wtopbar;0.00121247;51756.8;-1.43589;b,58845.4,53496.1,-0.378635,1.77362;m+,99608.4,56883.9,-1.15956,0.425728;m-,57685.8,27463.8,-1.37309,-0.0636457;m+,36188,18878.4,-1.26759,-1.11031;
493312;wtopbar;0.00121247;38254.7;2.79183;e-,88032.1,40561.7,1.41014,-0.148869;m-,22610.5,18511.8,-0.653725,0.43876;m+,16499.2,16498.7,0.00341836,-1.12334;
502977;wtopbar;0.00121247;25952.7;-2.75652;m-,74483.8,71742.7,-0.275553,0.966168;m+,53563.1,17134.4,1.80629,2.49293;m+,17938.1,13562.7,0.783061,-1.63932;
604921;wtopbar;0.0012122;23834.9;2.62357;j,157021,154103,-0.161384,-1.27145;e-,126299,117722,0.379456,1.42424;e+,39634.1,37145.8,0.364006,2.91043;m-,23490.4,12446.3,-1.24931,2.15379;
636006;wtopbar;0.0012122;41237.3;-0.898194;j,55166.2,50579.3,0.408249,-1.94314;j,54453.9,44292.2,0.63709,3.08911;j,543303,34530.1,3.44782,1.79726;b,203695,30836.1,-2.57411,2.13488;e-,25851.1,21062,-0.662194,0.516502;e+,15528.4,12651.9,-0.662168,0.516459;m+,50328.7,41066.2,-0.659611,0.517358;
656953;wtopbar;0.0012122;61741.6;-2.60062;b,155766,116909,-0.787557,2.33439;b,46436,45305,0.0833867,1.02357;e-,116104,99308,-0.573696,-0.997828;e+,81298.9,45631.2,-1.18056,0.0726616;e+,16316.6,16247.1,-0.0924804,0.0763553;
671826;wtopbar;0.0012122;47112;-0.797474;j,161518,83737.5,1.27256,1.326;e-,83705.7,63742.5,0.772113,-2.29189;m+,53203.5,41185.3,0.746488,1.13442;m+,43743.9,16889.8,1.60524,-0.199047;
692775;wtopbar;0.0012122;19939.3;0.779583;j,71569.4,69991.7,0.127811,-1.21948;j,41387.3,40660,-0.174494,1.94012;e+,40818.5,40217.5,0.172667,2.4588;m-,40990.1,40987.7,-0.0104777,0.983039;m+,36526.2,24027.3,-0.980265,-1.15206;
696983;wtopbar;0.0012122;257924;-1.12921;j,259218,247477,-0.268073,1.87202;e+,50098.3,49320.8,-0.177329,-3.05507;m+,150330,63133.7,1.51339,-1.08629;m-,149564,62029.3,1.52719,-1.12854;
724123;wtopbar;0.0012122;84140.7;-2.72647;b,151382,110167,0.808163,0.727683;j,43460.6,40551.2,0.362539,-1.5672;m-,19338.7,19328,-0.0329267,1.58327;m-,24441.4,18413.5,0.78854,-2.73366;m+,16699.8,13661.5,0.655111,-2.76703;
773503;wtopbar;0.0012122;115247;2.02018;b,94969.1,91355.2,0.251768,-1.01918;j,97280.5,30128.8,-1.83543,2.99754;j,65476.7,26785.6,1.53504,-1.12351;e+,78252.3,56283.2,-0.857075,-0.285247;e+,28361.4,19457.4,0.923506,-2.52486;m-,63819.5,61583.1,0.268691,2.49833;
802503;wtopbar;0.00121206;52155.1;-1.21989;j,75327.8,74067.2,-0.0346804,-1.88882;j,47519.2,37182.7,0.71501,0.194852;e-,211095,102938,-1.34574,1.34115;e+,97891.3,68113.6,-0.903974,2.76889;m-,17143,14283.9,-0.622562,-2.77838;
885726;wtopbar;0.00121206;115376;2.9554;j,96593.8,88850.3,0.363929,-0.00996146;j,59258.8,29286.2,1.32094,-0.683341;m-,366476,95584,2.01962,-2.7837;m-,109736,26982.3,2.08057,1.1262;m+,76754,16758.5,2.20271,1.04521;
903303;wtopbar;0.00121206;51518;-2.66799;j,278332,66799.8,2.10474,-0.568891;e+,347694,67492.1,2.32291,1.76633;m+,65795.4,36428.8,1.197,-1.58154;m-,18489.5,12735.8,-0.917953,-2.04732;
923269;wtopbar;0.00121206;170549;0.650599;b,246628,178435,-0.84579,-1.98269;b,75234.7,72218.8,-0.277023,2.08177;j,47962.9,41988.4,0.516426,-2.87269;e-,86057.7,15471.9,-2.40096,1.23787;m+,78028.7,69621.3,-0.486626,1.14764;m-,65040.5,56541.6,-0.541644,-0.771119;
926714;wtopbar;0.00121206;133160;3.01318;j,168969,107185,-1.01788,0.358135;j,144935,27210.5,-2.35576,-0.75577;e-,19137.6,13802.5,-0.853132,-1.82634;m-,252039,149777,-1.1106,-3.01991;m+,227346,72076.6,-1.81576,1.06202;
944508;wtopbar;0.00121206;50118.9;-0.903329;e-,67187.6,62187.8,-0.398353,2.19396;m+,71210.6,67680.1,0.321612,0.385135;m-,81888.9,37485.8,-1.41749,-0.014189;
967120;wtopbar;0.00121206;40590.6;-1.97713;j,222144,30411.1,2.67594,2.0217;j,110972,25366.7,-2.15355,1.31985;m-,140914,67315.5,1.36924,-1.23735;m+,52229.3,25033.6,-1.36544,2.63831;m-,62283.5,21523.5,-1.72441,-0.575558;
999479;wtopbar;0.00121206;89901.4;0.81574;b,116971,92315.4,0.657741,-2.36788;m-,139741,71021.8,1.29803,0.704734;m+,65245.6,62648.5,-0.286946,2.6887;m+,56298.6,55982.5,-0.106199,-0.156392;
1064480;wtopbar;0.00121202;75273.8;2.02973;j,375608,71691.4,2.33978,-1.51745;b,109593,67249.8,1.05599,0.147654;e-,49355.4,44799.4,0.44726,-2.36543;e+,13749.9,13704.8,0.0811107,2.08545;m+,90752,75276.9,0.630702,1.61873;
1104833;wtopbar;0.00121202;109662;-0.415125;j,131881,129437,-0.091543,-0.0919066;j,104074,51922.5,1.31726,2.20622;b,72939.7,48674.8,0.955416,-2.5365;j,88539.8,35670.2,1.55817,0.672276;e-,95026.7,73512.2,0.747541,3.05072;e+,84320.1,59280.8,0.889497,3.00148;e+,41960.2,32335.5,0.753597,3.05078;
1108096;wtopbar;0.00121202;37470.5;1.17978;j,219197,71818.2,-1.77716,-1.29974;j,71301.1,51672.7,0.839504,1.21621;j,64435.6,45578.6,-0.869773,3.08567;j,31828.2,31425.9,-0.138093,2.86556;e+,17337.6,17327.3,0.0345641,-1.05251;m+,104770,36198.7,-1.72462,1.65791;m-,12439.8,12423.4,-0.0507382,-1.11382;
1157275;wtopbar;0.00121202;25257;-1.39136;j,998741,145734,-2.61208,1.97822;b,198715,144191,-0.833581,-1.35685;j,498220,42824.6,-3.1451,0.670299;j,69658.1,35948.8,-1.27486,1.10346;m-,379577,69786.7,-2.3782,3.10064;m-,31768.6,24677.1,0.741037,-0.33968;m+,91713.7,14998,-2.49714,3.0383;
1161060;wtopbar;0.00121202;60946.8;2.06352;j,42326.4,41709.3,0.15565,-1.09941;j,52003.2,34316.1,-0.9745,0.0593387;m-,113774,107762,-0.332501,1.32085;m-,19182.7,18884.5,-0.1774,2.2447;m+,12731.5,12506.1,-0.189398,2.2091;
1170919;wtopbar;0.00121202;142808;-1.23172;b,108617,92597.4,-0.546769,2.44218;j,84247.7,80448.9,-0.268122,0.633967;e+,73128.3,61349.1,0.610173,2.91149;m-,22108,11570.1,1.26384,-0.507674;m-,13683.2,10416.5,0.772565,-0.907566;
1178781;wtopbar;0.00121202;78048.1;-1.15124;j,82856.8,67909.4,0.643194,1.86361;m-,46329.6,44763.3,-0.263772,-0.453843;m-,44435.6,29312.2,0.976546,0.116005;m+,16648.9,14542,0.531956,-0.959954;
1180020;wtopbar;0.00121202;36318.9;-2.38053;b,87948.3,80119.8,0.43508,-0.357088;j,87608.6,80024.4,0.426295,2.72411;b,70879.9,50091.3,0.879149,-1.75991;j,98896.4,46365.4,1.38617,1.68478;e-,42497.7,18317.5,1.48468,-0.191656;e+,16798.7,16421.8,-0.213847,1.26076;e-,14420.9,14110.4,-0.209395,1.2541;
1192579;wtopbar;0.00121202;88940.4;1.73877;j,134490,100828,0.794882,-2.32166;b,83821.9,82698.1,-0.129708,1.61645;e+,87428.4,62187.9,0.872985,-0.682046;e-,29078.8,20722.9,0.870295,-0.683885;e-,20112.4,20058.4,-0.0733469,-0.904076;
1239408;wtopbar;0.00121202;115559;2.64122;j,250822,96005.7,1.61388,-1.44514;b,119750,62086.1,-1.2672,0.52249;j,138376,25273.2,2.38383,-0.884542;m-,176855,127116,0.858067,1.94268;m+,46389.8,45300.5,0.218845,-2.99581;m+,21475,19032.5,-0.501327,-2.46617;
1252166;wtopbar;0.00121202;104822;1.67954;j,193389,109767,1.16493,2.72596;e+,153465,136453,0.494301,-0.923989;e-,50934.8,20250.2,1.57344,-0.42238;m+,196312,92062.5,1.39022,2.24973;
1273915;wtopbar;0.00121202;175405;-0.636911;j,701740,169092,2.09987,2.54879;j,164062,56163.2,1.72975,1.22984;j,128053,41220.4,1.7983,-3.02872;j,27463.3,24914.7,0.361399,-1.48142;m+,222986,55099.2,2.07549,-0.569566;m+,193855,45251.3,2.13412,-0.575454;m-,85711.6,20949.4,2.08674,-0.559039;
1299987;wtopbar;0.00121202;125848;0.607608;j,68062.7,66995,-0.0873301,-1.89082;b,157486,37822.1,2.10228,-2.86056;j,100804,30926.2,1.84792,-1.75899;j,936185,26126.6,4.27178,2.30207;j,76052.2,24941.9,-1.77547,-2.39084;e+,67284,23461.4,1.71483,0.744757;e-,28701.2,10009.4,1.71467,0.744851;m-,97989.3,63376.3,1.00261,0.907438;
1316195;wtopbar;0.00121246;44033.6;-0.798359;j,88135.5,83007.3,0.0907881,2.19955;j,37627.7,32719.6,-0.521116,-0.369459;j,65365.6,25576.7,-1.58476,2.57897;e+,41693.1,20935.9,1.31202,-1.43464;e-,31441.7,15764.4,1.31376,-1.42966;m-,38245.6,37484.9,-0.201101,-1.58167;
1327481;wtopbar;0.00121246;13999;3.05736;j,103268,38424.5,1.64218,-0.628184;m-,33820.9,31103.6,0.415007,1.05514;m+,25951.4,13958.2,1.23156,0.0173151;m-,13182.1,11742.4,0.490188,-0.95489;
1335484;wtopbar;0.00121246;46909.7;2.36675;j,77367.5,50485.8,-0.986577,-2.42047;e+,91672.7,70716.1,0.752022,0.304788;e-,22505.3,18251.8,-0.670105,-1.83319;m+,14148.6,10837.9,-0.762946,2.47872;
1337461;wtopbar;0.00121246;156744;0.341073;b,99656.2,44500.8,-1.4441,1.71334;e-,389068,162350,-1.52046,-2.68701;e-,18378.5,11094.7,-1.09096,-2.65095;m+,434050,77985.4,-2.40161,0.530355;
1339993;wtopbar;0.00121246;94238.7;-0.21805;b,323263,75621.6,2.13102,2.4396;b,121328,55904.3,1.40642,2.8596;e-,30972.7,20138.7,0.99564,-1.64675;m+,157670,34184.6,2.20991,0.076184;m-,22039.9,19546.1,0.499901,-1.25673;
1359468;wtopbar;0.00121246;44255.5;0.507118;e-,181651,181369,0.0557671,-1.77003;e+,153766,133697,0.541286,1.28866;m+,14932.2,10266,0.92056,-1.64055;
1375624;wtopbar;0.00121246;117093;1.89613;b,140177,99645.8,-0.867108,-1.45377;e+,38864.6,23696.5,1.07843,-0.729227;m-,13000.8,12665.3,0.229514,1.83188;m+,13514.1,12345.3,-0.431722,1.21254;
1380245;wtopbar;0.00121246;120556;-2.15632;j,314261,58795.1,2.35976,0.268107;j,51689.5,29463.9,-1.15377,2.67868;j,564549,24624.9,3.8249,1.19048;e+,187450,72922.5,1.59708,1.05652;e-,13187,11051,0.612144,-2.60022;m-,137160,38907.3,1.93236,-2.53664;
1389976;wtopbar;0.00121246;193501;-0.47761;b,160047,149410,0.359234,2.88188;j,761800,77034.7,-2.98162,0.304041;j,185341,65943.2,-1.6909,1.12388;j,217304,28332.1,-2.72584,1.26595;e+,125483,123855,-0.161934,-2.79742;e+,23563.8,23503.1,-0.0718554,-2.77502;m-,323711,75755,-2.13151,-0.148343;
1406275;wtopbar;0.00121246;72939.4;1.71331;j,325313,62226.5,2.33753,-1.13827;j,46964.6,29958.9,1.01475,-3.01551;j,855163,23542.5,4.2854,-0.749442;m+,79225.5,75799.6,-0.299534,1.52292;m-,106092,20732.7,2.31606,2.17035;m-,23478.3,13612.7,1.14101,0.311417;
1414913;wtopbar;0.00121246;36901;-2.94933;b,197533,114551,1.13447,1.45644;j,57299.6,51889.7,0.396219,1.95987;b,32123.5,29888.4,0.370321,-0.306827;j,30030.7,26699.3,-0.444169,2.31875;j,24474.2,24231.7,0.10295,0.744353;e-,130987,103910,-0.707094,-1.24141;e-,67832.8,52743.4,-0.739465,-1.48469;e+,33772.2,26246.6,-0.74025,-1.48685;
1419626;wtopbar;0.00121246;107200;-2.71968;j,802735,98229.4,2.78997,1.5906;j,477523,49368.2,2.95963,-0.319566;j,237052,38373.2,2.50673,-1.4892;e+,50796.8,41343.4,-0.663983,-0.566165;m-,60703.5,60700.4,0.00994162,-2.36415;m+,15524.5,15506.1,-0.04812,-2.39482;
1454906;wtopbar;0.00121246;29962.5;-2.04887;j,58068.9,57121,-0.0125276,2.47675;j,79031.6,40994.2,-1.26156,-1.4459;j,29619.6,27727.7,-0.207593,-1.32691;j,87965.4,27007,1.8448,-0.430541;e+,74579.7,71631.4,-0.285941,1.13679;m-,82565.8,67608,-0.653504,-2.50651;m-,21906.7,21308.7,-0.236315,1.08064;
1547665;wtopbar;0.00121246;147620;0.849563;j,965268,152933,2.52906,-2.36338;j,394140,29549.2,3.2822,-1.56111;b,136437,27190,2.29429,2.1985;m+,332038,189981,1.15723,0.368282;m-,205040,40054.1,2.31644,3.04718;m+,198657,37661.1,2.34699,3.1173;
1555989;wtopbar;0.00121246;99727.4;-1.58457;b,105505,94022.7,0.461851,0.295442;e+,47712.7,47711,0.00831299,2.80504;e+,54556.4,19167.3,1.70678,-0.355166;m-,48179,13006.5,1.98388,-0.375601;
1556141;wtopbar;0.00121246;136839;-1.213;j,331660,70475.4,-2.22939,2.12459;b,83276.1,54593.9,-0.97831,1.37284;j,45893.3,23741.3,1.27196,1.88498;e+,40847,12531.2,-1.85036,-1.05919;m-,125229,38244.9,-1.8551,-1.06437;m+,72369.6,12893.9,-2.41015,-2.04004;
1569305;wtopbar;0.00121246;206267;-2.37174;j,265592,243870,0.404759,0.764278;b,120992,44699.2,1.65146,-0.483413;e+,238669,68738,1.91651,2.68705;e-,211554,38902.4,2.37801,-1.57802;m-,52996.6,17094.3,1.79754,0.892131;
1684087;wtopbar;0.00121185;72667.2;-0.878466;b,134017,97065.7,0.833408,-2.82687;j,60053.7,59264.7,-0.0196036,1.14944;e-,22814.3,14941.6,0.986105,1.4894;e+,18526.1,10189.4,1.20496,0.728974;m+,134707,77998,1.14268,-1.13088;
1720804;wtopbar;0.00121185;120612;1.16321;j,244469,74892.3,1.85098,-0.745926;j,31535,29610.2,0.303951,0.534952;j,195566,26374.7,2.69176,-2.40893;j,539315,22986.4,-3.84805,-2.20626;e+,97245.8,96150.3,0.15081,-2.71145;m-,115518,84760.2,0.828055,1.21681;m-,50830.3,31368.6,1.06314,-1.33932;
1911319;wtopbar;0.001212;113227;-3.0744;b,304226,116480,1.6112,0.329942;j,353814,71788.7,2.276,-1.21006;b,46709.1,31750.5,0.925837,0.168225;e-,31027.4,21296.3,0.922865,2.69733;e+,29828.4,20479.3,0.922469,2.69769;m-,157363,92672.4,1.12182,-2.9038;
1930204;wtopbar;0.001212;199950;-2.72887;j,844625,142887,-2.46238,0.687621;j,55491,54569.9,0.132278,0.643063;j,45579.8,28018.1,1.06021,-1.11799;j,136845,24137.6,-2.41866,-1.1268;m+,71095,69663.3,0.202388,-2.31066;m-,75325.9,58686.8,-0.736279,2.6958;m+,39068.1,36741.3,-0.354023,-1.88568;
1935017;wtopbar;0.001212;78434.9;2.89117;b,111006,64617.4,-1.13289,0.568592;e+,97946.5,64803.7,-0.972581,-0.9642;m-,203611,74900.3,-1.65751,3.1165;m+,80408.4,13127,-2.49886,2.42625;
1975858;wtopbar;0.001212;118752;-2.80902;j,100814,89127,-0.487122,0.546283;b,73876,58956.3,0.687134,-0.203517;b,37233.9,30869,-0.589935,2.51055;e-,38143.1,14625.2,-1.61278,-2.5697;m+,86484.7,86254.9,-0.0729707,3.12052;m-,73627.8,73178.4,-0.110762,-2.21739;
1987819;wtopbar;0.001212;26692;1.53137;j,81458,68892,-0.585002,2.89588;b,114098,51715.8,-1.4257,0.491506;j,200245,50944.1,-2.04484,-1.16442;m+,31475.1,31386,0.0752301,2.18932;m-,33226.1,26507.2,-0.697755,-2.80048;m-,17230.6,17230,0.00612556,2.22536;
2037691;wtopbar;0.001212;82741.9;0.781026;j,91480.6,77847.6,-0.56232,-2.75635;b,197111,43974,2.17909,-2.2549;e-,377254,62211.6,2.48866,0.686995;m+,93408.3,47110.6,-1.30694,0.0191908;m-,39455.8,38616.2,0.208134,-0.529578;
2042578;wtopbar;0.001212;66232.2;-3.12875;j,178181,55790.3,-1.82803,-1.24432;j,68470.2,54742,0.676066,-0.36246;b,52308.9,39210.6,-0.742715,2.3439;j,178075,32765.3,-2.37658,1.40015;e-,82229.5,48335.8,1.12411,-1.78933;e+,62766.8,45429.2,0.84802,1.18143;e-,49435.1,35780,0.848021,1.18143;
2058265;wtopbar;0.001212;84222.7;-2.66185;b,62875,62326,0.0801672,0.864783;j,83578.8,61161,0.827623,1.49795;b,72489.7,57954.1,0.681772,-0.662433;j,39273.8,25180.5,1.00716,-2.93653;m+,57756.1,57161.2,-0.14413,-2.18706;m+,21372.6,21370,0.0147631,-2.02528;m-,19656.4,19653.5,0.0160825,-2.01215;
2100367;wtopbar;0.001212;73496.3;2.69185;b,56338.8,52250.4,-0.375863,-0.687945;j,29955.2,29176.7,-0.19927,0.176689;e+,27341.8,22845,0.617577,1.43049;m-,77666.4,61795.4,0.702186,2.84389;m+,11132.6,11028.1,-0.137217,1.08356;
2101447;wtopbar;0.001212;36834.3;0.175458;b,129914,72104.3,-1.19169,2.64087;b,119189,69854.4,-1.1271,-0.0795417;e-,32507,21843.1,-0.951798,-2.27918;e+,25223.2,17220.3,-0.930195,-2.48221;m-,159344,38056,-2.11058,0.615077;
2112387;wtopbar;0.00121247;18852.8;0.450429;b,76328.7,74082.5,-0.00602791,-2.86286;e-,226237,70094,1.83998,1.25809;e+,67994.6,66882.1,-0.182145,-1.07747;m+,38505.8,38106.8,0.144559,1.20938;
2128261;wtopbar;0.00121247;139095;-2.25405;j,150225,64794,1.47863,1.00069;e+,97418.4,78785.8,0.674867,0.847105;m-,50061,46353.3,-0.397344,-1.88119;m+,22960.1,12245.5,1.24155,1.95181;
2179804;wtopbar;0.00121247;15864.8;1.12966;j,364541,104183,1.92372,-2.79161;j,96095.5,50782.2,1.24776,0.775618;j,82491.4,48157.9,-1.12661,1.74485;e+,155049,99303.9,-1.0154,-0.941467;m+,18266.1,18265.1,-0.00861602,0.457437;m-,10791.4,10786.7,-0.0280582,0.428324;
2201913;wtopbar;0.00121247;214354;-0.12238;b,194101,158363,-0.651984,2.88489;e+,138980,70149.7,-1.30603,-2.96882;e-,15422.4,13739,-0.490109,-1.14745;m+,29882.9,12231.6,-1.54161,3.13911;
2206979;wtopbar;0.00121247;228529;-1.38797;b,307625,209667,-0.930835,1.84359;j,951259,32260.5,-4.07676,2.21208;b,59590.3,28107.9,1.37209,0.478867;m+,100824,95351.7,0.337186,-1.57694;m+,102399,79474.3,0.742385,-1.14293;m-,28950.3,20594,-0.872863,-2.57148;
2274073;wtopbar;0.00121247;182137;1.65446;b,366701,238431,-0.980613,-1.73466;b,135816,109905,-0.669926,1.61381;j,180709,26301.8,2.61448,1.80484;e+,204557,92205.8,-1.4348,-1.22247;e-,17371.4,17010.6,-0.205604,0.378759;m-,41435.2,35999.5,0.542841,-2.57053;
2277208;wtopbar;0.00121247;119314;-1.23678;b,348346,125034,1.68177,1.83674;b,36072.6,33730.7,-0.357328,3.08153;e-,34906.5,29213.5,0.614582,-0.35696;m+,108757,66999.5,1.06536,0.730704;m+,54280.1,17891.6,1.77463,-2.08113;
2298596;wtopbar;0.00121247;244307;2.39297;j,220700,126245,-1.15452,-1.1183;b,31902.5,29916.2,-0.329886,-2.95483;e-,192508,111703,-1.14007,-0.320902;e+,89724.6,51753.2,-1.14738,-0.332185;m-,457285,325083,-0.873789,2.3998;
2305234;wtopbar;0.00121247;50370.2;1.12891;j,685932,46698.5,-3.37898,-2.85682;j,159346,45929.6,-1.91501,-2.01527;b,37647.4,37077.7,-0.0519965,-0.393513;j,77333.8,35743.9,-1.40539,-1.34025;j,904259,29715.5,-4.10831,2.16698;e-,25856.8,23522.1,-0.441937,1.49371;e+,18967.3,17256.6,-0.441669,1.49403;m+,81861.8,74403.9,-0.44408,1.48162;g,24798.4,14597.2,-1.12239,0.0621439;
2350133;wtopbar;0.00121247;140314;0.0739299;j,480569,272553,-1.16722,-3.08296;b,250894,71084,-1.93295,0.132636;b,366840,59905.5,-2.49836,-0.196221;e-,58010.1,56725.2,0.212443,-1.46175;e-,30530.8,30446.9,-0.0742235,1.55436;m+,278622,186265,-0.958687,-0.00851695;
2356997;wtopbar;0.00121247;176030;2.74588;j,151226,109868,-0.842267,-0.604289;j,71024.2,64241.6,-0.433432,0.235009;b,59558.4,58134.1,0.191907,-1.36769;j,72780.3,29242.2,-1.55774,-1.46017;e-,45528.9,40251.3,0.506653,1.55017;e+,27632.7,24433.1,0.506349,1.55091;m-,65884.4,47532,0.852687,-2.81768;
2361740;wtopbar;0.00121247;59977.6;-0.198189;j,158321,121430,0.75198,2.27315;j,208545,92095,-1.45628,-1.5837;e+,44306.1,43732.7,-0.161756,0.803286;m-,44345.4,16111.5,-1.67085,-2.4215;m-,12815.2,10691,-0.62033,3.14129;
2376467;wtopbar;0.0012123;27400.5;0.251596;b,500135,120463,2.101,-1.93951;b,157600,51821.7,1.7758,1.69403;b,173539,50465.3,1.90602,0.15018;j,27996.1,27867.6,0.0128595,0.554246;e+,164406,31488.9,2.33655,2.31594;e-,76788.4,14538.9,2.34829,2.34369;m+,27761.1,16770.4,1.09008,-2.85399;
2378204;wtopbar;0.0012123;87924;0.932983;j,199151,49551.5,2.06757,-2.94793;j,247676,37705.5,-2.56939,-2.36681;e-,30681.4,30679.2,-0.0120185,-1.41295;e-,43314.4,19243.3,-1.45101,-1.4624;e+,18389.8,17599.6,-0.298553,0.865945;
2379794;wtopbar;0.0012123;82821.5;-1.29742;b,96004.1,74482.5,0.738418,1.64605;m-,238881,139151,-1.13529,-0.871787;m+,37207.5,37151.4,-0.0548942,2.47104;m+,19643.1,15738.4,-0.690588,0.591499;
2395494;wtopbar;0.0012123;70970.6;-2.347;b,116494,113917,-0.163893,0.255646;j,54896.6,53498.1,-0.188862,2.86365;e-,37810.7,20436.2,-1.22578,-2.7355;e-,11885.8,11191.9,0.350331,1.92497;m+,52140.6,48964.8,0.358236,2.02234;
2401391;wtopbar;0.0012123;140961;2.07061;j,135467,94605.5,-0.876225,-0.750452;j,55029.6,46332.2,-0.583875,0.542452;j,98479.6,38349.9,-1.59176,-1.39966;j,89935,37719.4,-1.50995,-2.1873;b,156945,33649.2,-2.22006,-1.39956;m-,174419,80512.3,-1.40808,3.01249;m+,56186.1,27203.7,-1.35391,1.70468;m-,21801.4,11664.2,-1.23784,1.78121;
2486557;wtopbar;0.0012123;201998;2.43093;b,283584,138991,1.33715,-0.5115;b,297377,123933,1.52096,-2.94074;j,35481.6,33794.9,0.240467,-2.56524;e-,137948,112565,0.659544,-0.19856;e+,65509.3,53293.2,0.66478,-0.194547;m+,811512,212935,2.01339,2.70868;
2496831;wtopbar;0.0012123;68649.3;-1.16398;b,72007.2,70900.3,0.115396,1.81783;e-,16749.3,10193.5,1.08077,-2.44634;m+,40300.5,19937.7,1.32918,1.07503;m+,14166.1,13852.5,-0.212248,-1.2741;
2519069;wtopbar;0.0012123;96962.2;1.7923;j,386712,84684.6,2.19926,-1.94526;b,85568,56104.8,0.979986,-0.640635;m+,283562,64051.7,2.16788,2.87637;m+,41660.7,19120.7,1.41454,1.15574;m-,26769.1,12500.4,1.39502,1.17425;
2521551;wtopbar;0.0012123;50035.2;2.69875;j,151643,41937.6,-1.95653,-1.02629;j,384987,39206.2,-2.97454,-0.120607;e-,10326.2,10159.7,0.180764,1.27158;m-,188810,49919.9,-2.00552,2.11598;m+,35367.3,15186.7,-1.48886,-1.7387;
2521763;wtopbar;0.0012123;49380.8;-2.48141;j,125588,86107.3,-0.92045,-0.845744;j,193466,43236.9,-2.17785,1.66756;b,40238.6,28208.5,-0.885754,1.52095;j,29237,27253.3,-0.287858,1.34739;e-,69062.2,23277,-1.751,0.993974;m+,63248.2,20546.9,-1.79001,-3.03099;m-,48913.5,15163.7,-1.83935,-2.93313;
2526293;wtopbar;0.0012123;26166.7;0.165132;b,120533,43209.8,-1.68301,-3.01198;j,104502,41176.6,1.5767,-2.23092;e-,65794.9,50857,0.748833,1.5255;e-,28837.9,28619.7,0.123418,-0.561597;e+,25605.9,25412.8,0.123184,-0.561764;
2549326;wtopbar;0.0012123;50042.9;-0.52491;b,232344,38664.9,2.47898,2.63164;e-,22069.7,14840.5,0.950819,2.61588;m+,276835,57585.6,2.2523,0.952949;m+,28106.8,10601.6,1.63052,-1.84932;
2550302;wtopbar;0.0012123;66537.8;-2.88179;j,91902.2,89342.1,0.168782,-0.347211;j,33654.5,31726.9,-0.0805952,2.1642;m+,145114,67217.4,-1.40418,-2.61081;m-,113405,52405.1,-1.40685,0.527585;m-,22854.8,19939.2,0.534391,0.520451;
2558503;wtopbar;0.0012123;9298.33;1.11038;b,237992,60391.2,2.04599,2.44422;j,199358,53467.3,-1.98924,-0.811323;j,1.10365e+06,31917.2,4.23616,0.785375;j,26069.3,25410,-0.180879,-2.63248;m+,129864,77848,-1.09974,-0.197024;m-,18797.4,15379.6,0.654887,-1.4351;m-,18303,14599.6,-0.697984,-1.36926;
2573581;wtopbar;0.0012123;74988.4;0.248463;e+,290124,48476.1,2.47533,-3.02902;m-,241128,84010.3,1.71571,-0.632493;m-,108061,53429.6,1.32985,2.26257;
2586204;wtopbar;0.0012123;257535;-0.441103;j,340123,213196,1.03127,2.33187;j,1.2924e+06,60932.8,-3.74702,2.1521;j,100354,55488.4,1.19763,-3.08823;b,48881.7,45868.8,-0.262975,-1.47266;j,228886,41211.5,-2.39921,-3.07073;b,53695.7,39545.6,0.789431,-1.66466;e+,56968.5,41968.3,0.82213,-0.601028;e-,34124.7,25139.9,0.822101,-0.601074;m+,66340.1,53132,0.691262,-0.623178;
2617400;wtopbar;0.0012123;60491.7;0.886828;j,145466,75651.4,1.2689,-2.27836;b,49585.4,48803.3,0.00314691,-0.538174;j,224038,40224.1,2.40182,-1.87476;j,64472.7,33892.1,1.25197,0.082931;e+,115799,84512.9,0.835912,1.87701;e-,42583.4,31078.7,0.835892,1.87699;e-,30942.1,30830.1,0.0852232,-2.5475;
2625959;wtopbar;0.0012123;54827.5;1.67593;b,82232.8,76172.4,0.383061,-1.95049;b,85583.9,50314,-1.11586,0.680867;e+,43142.6,39203.5,0.444611,-1.14581;m+,62785.2,62086.8,0.149833,-2.7631;m-,31764.9,28152.5,-0.501314,1.10653;
2660882;wtopbar;0.00121215;69245.8;-2.13839;b,107837,39029.2,-1.67284,0.814544;j,26294.9,24297,-0.311203,0.781437;e-,19284.7,16004,0.629838,1.85313;m+,96108.3,47300.9,-1.33515,-0.312442;m+,18891,13987.9,0.814561,-0.601991;
2676937;wtopbar;0.00121215;26095.2;0.714625;j,161448,97962.6,-1.07668,-2.99177;j,82631.4,57489.9,-0.89503,1.20902;j,336827,46739.1,-2.66212,-0.115271;e+,273716,49283.7,-2.39944,-1.316;m-,159673,35635.9,-2.18023,-1.86423;m+,11076.3,10613.7,-0.294035,0.332958;
2700600;wtopbar;0.00121215;99996.6;3.0642;b,273856,97869,-1.68615,0.524091;j,1.89894e+06,33514,4.73015,-2.19927;j,545098,24088.4,-3.81178,-2.96005;e+,81252.9,65913,-0.669663,-0.542293;m+,60475.2,44167.3,-0.834875,1.79253;m-,38426.7,30116.5,-0.726775,-1.8797;
2739195;wtopbar;0.00121215;44976.9;-0.899542;b,95322.6,71212.4,0.792616,-0.877098;e+,78591.6,73366.3,0.375213,2.25737;e-,38804.3,36497.5,-0.35369,2.61719;e-,12326.9,10677.1,-0.548988,-1.55996;
2814749;wtopbar;0.00121215;22596.6;-0.774154;j,84226.7,38256.9,1.41621,-0.998869;e-,58851.1,44865.2,0.770404,1.94801;m-,45920.6,31904.1,0.906055,0.222101;m+,28644.7,20377.2,0.872823,1.97083;
2820433;wtopbar;0.00121215;87920.5;-3.05288;j,81646.3,45731.8,-1.17664,1.46008;j,40541.6,26060.4,1.00108,-1.57735;e+,114793,93238.6,-0.667495,-0.212033;m-,30874.5,28599.6,0.396237,-0.555466;m-,25796.6,23424.4,-0.44631,2.45337;
2851827;wtopbar;0.00121215;35536.3;1.16819;j,165750,107990,-0.983858,-2.84285;b,91679,87580.5,-0.194048,0.436544;e-,40080.4,18008.9,-1.43838,-1.20672;e+,28791.3,12895.8,-1.4419,-1.2047;m-,42113.6,19303.9,-1.41598,-0.642775;
2909795;wtopbar;0.0012124;96810.8;-2.47994;b,203253,104812,-1.27693,0.440224;b,130220,99415.4,-0.757674,2.72156;j,40770.5,39149.6,0.265487,-0.406419;j,43448.4,23750.2,1.2086,-0.922361;m+,136462,47361.6,-1.71981,-2.1649;m-,44141.7,19469.4,-1.45908,2.1815;m-,47777.9,16461.8,-1.72757,-1.8171;
2927018;wtopbar;0.0012124;124830;1.95745;j,189809,142604,-0.783352,-0.907232;j,115231,78952.3,-0.92303,-3.0181;j,79181.9,25476.3,1.79616,0.105445;j,77625.8,23696.4,1.8547,2.20756;m+,255919,80745.1,1.82084,2.16763;m-,186574,61263,1.77868,1.15804;m+,35468.4,26118.4,-0.822743,-0.139889;g,28305.5,17088.8,1.09086,-0.767217;
2968063;wtopbar;0.0012124;94246.5;-1.86631;j,709376,96484.6,2.68342,2.8924;e+,147387,129298,0.522983,0.747138;e-,41620.7,29767.6,0.865163,-0.606363;m+,22784.4,16110.8,0.881378,-0.495981;
2985716;wtopbar;0.0012124;7753.06;1.19511;b,489970,115555,-2.12317,2.15591;b,75617.5,73854,0.00898803,-1.07185;j,359998,59876.3,-2.47914,-1.6609;j,61662,31843.6,-1.27732,1.96966;j,87701.3,29790.5,1.7342,-2.23205;e+,53396.5,52907.2,-0.135904,0.279523;e-,16347.5,16198,-0.135769,0.280067;e+,14788.1,14775.9,0.0406247,0.235878;
3001267;wtopbar;0.0012124;84342.5;-1.75508;j,122284,101235,0.615931,2.04817;j,94136.7,88883.3,0.332345,1.31173;b,91166.6,71160.6,0.713061,-0.40172;e+,45044.3,44922.1,0.0737316,-1.95993;e-,10601,10572.3,0.0737392,-1.96007;m-,13228.9,10372.3,0.72607,-1.42227;
3016139;wtopbar;0.0012124;107831;-2.53799;j,119728,68845.9,1.14958,0.584815;j,50390.3,47685.5,0.325431,0.385668;b,58799.9,43545,-0.806136,-1.505;j,66720.9,35496.9,1.23923,1.78152;j,68776.2,25494.9,-1.64356,-2.97912;j,111867,25317.9,-2.16416,0.604269;m-,64811.4,61874,0.306924,-2.64491;m+,52354.6,49564.5,0.333971,-2.59144;m+,29660.3,28321.9,0.306204,-2.6494;
3038372;wtopbar;0.0012124;38257.2;-3.07262;j,71922,32682.6,1.41862,0.028838;m+,105076,101556,0.262535,1.44937;m+,99817.5,85193.5,0.577853,-0.834116;m-,56902.7,38840,0.930488,-2.49311;
3059883;wtopbar;0.0012124;42277;2.2026;j,82203.7,25533.7,-1.8332,0.888419;j,57292.9,24186.4,1.50202,0.686039;e+,104041,29330.9,-1.9388,-1.71824;m+,181399,51796.2,-1.92549,-1.54384;m-,13263.4,12950.5,-0.21925,-2.14852;
3068499;wtopbar;0.0012124;84482.3;-0.507212;j,204956,201947,0.0510798,2.65869;j,167993,150684,0.458237,-0.226085;j,67413.9,67031.1,0.00110488,-2.30005;e+,24629.5,17140,0.903767,1.20993;e-,19183.6,13963.1,0.839825,1.19273;e+,14126,10347.4,0.830517,1.21364;
3079538;wtopbar;0.0012124;287682;1.25486;j,416519,342712,-0.62047,-1.69433;b,100530,72557.6,-0.844201,-0.87042;j,90430.9,57208.5,-1.02044,0.900174;j,191970,47530.9,-2.07062,0.433313;j,449250,38580.8,3.14583,0.29113;e+,133496,97771.6,0.830751,2.83803;e-,124476,91753.3,0.82128,2.87174;m+,124900,124772,0.0453937,1.33961;
3091075;wtopbar;0.0012124;97953.4;1.52082;j,1.25293e+06,267661,-2.22493,-2.48086;j,1.65973e+06,115290,3.35886,0.625598;j,159828,90226.2,-1.17308,1.25018;e+,185885,108758,-1.12987,-0.756971;m-,48571.4,46852.3,0.270069,0.426368;m+,15486.9,13677.8,-0.508766,2.41409;
3098627;wtopbar;0.0012124;39328.2;2.28598;j,142279,46150.8,-1.78925,-0.654162;b,51972.9,32237.4,1.04374,3.0881;j,338121,22601.2,3.39725,-0.363419;e-,11399.3,10823.7,0.324685,1.46952;m-,89869.7,88883.8,0.148803,1.60715;m+,102079,46424.9,1.42481,-0.831661;
3105012;wtopbar;0.0012124;169107;0.267974;b,330687,150236,-1.42432,3.12459;e+,29587.3,28987.3,-0.203109,-2.49506;m+,51943.1,41950.4,-0.677202,0.151411;m-,48542.8,21262.5,-1.46681,1.22141;
3120051;wtopbar;0.0012124;32806;2.44505;j,139963,113989,-0.65436,-0.031478;j,94743.1,82463.8,0.520609,3.05636;j,55496.7,40591.9,0.815124,-1.50782;j,40730.7,40027,0.163338,-1.09809;e+,136422,38614.1,1.93462,2.15286;e-,70035.6,19748.4,1.93858,2.15275;m+,110911,32293.1,1.90512,2.20182;
3125797;wtopbar;0.0012124;143493;3.11316;b,146638,145012,-0.120879,-0.753858;e+,147730,93144.5,-1.0357,-0.392772;e+,89478.6,67331.8,-0.790342,2.23518;e-,159969,53402.6,-1.76117,2.32236;
3134715;wtopbar;0.0012124;85501.8;-1.68002;b,142866,142632,0.0360215,0.467558;j,112261,78708.4,0.880422,1.96537;b,136722,57048.9,1.51669,-2.4658;e-,22025.2,21337.8,-0.253165,-2.56794;e-,45192.9,13037.4,1.91478,2.91749;m+,36626.9,10990.2,1.87361,2.77944;
3144805;wtopbar;0.0012124;23025.1;-2.63021;b,52869.4,52057.5,-0.0845579,-0.476002;j,73396.2,49473,0.947454,0.602503;j,38256.9,36142.4,0.206171,3.03031;j,140185,26035.4,-2.36682,1.68631;e+,21861.9,20724.6,-0.329801,-2.28402;e-,13940.5,13448.8,-0.26961,-2.37592;m-,40329.8,29251,-0.844976,-1.32085;
3153561;wtopbar;0.00121185;37792.2;-2.52946;b,124275,123006,0.0682005,2.667;j,899469,23165.6,4.35209,1.10091;e+,158853,138917,-0.529536,-0.403796;m-,81273.8,57529.5,0.87989,-2.69831;m-,36483.8,26230,-0.857682,1.32913;
3156561;wtopbar;0.00121185;45241.7;1.83227;b,90936,86588.3,0.293454,-1.94823;j,298837,82647.7,-1.95793,0.365977;e+,16071.8,15922.3,-0.136939,-2.98649;m+,86033.4,85293.3,-0.131633,-0.688205;m-,40774.4,40707.2,-0.0573727,-3.04447;
3160773;wtopbar;0.00121185;13018;-2.21032;b,157946,77580,-1.32985,-3.07354;j,182943,59583.9,-1.78643,0.319312;j,261203,33559.8,-2.74002,2.7112;e+,251810,67121.9,-1.99705,-0.985945;e-,42438.8,11524,-1.97781,1.95038;e+,37557.5,10198,-1.97786,1.9503;g,48551.1,34112.7,-0.890359,0.322654;
3174707;wtopbar;0.00121185;39397.3;1.41909;b,146315,88420.2,-1.08661,-0.631123;j,266598,32030.9,-2.80812,2.48017;e-,74686.4,53779.8,-0.855431,-2.69298;m+,42470.7,42166.7,0.119979,1.36838;m+,36923.5,35226.7,0.309139,2.86156;
