112225;ww;0.00066673;85593.6;0.2088;b,104315,87117.4,-0.59427,-2.24429;b,56995.8,52962.7,0.282063,1.68192;j,120285,24968.5,2.25302,-2.53469;e-,32955,25388.7,-0.754047,2.07348;e+,21350.3,15010.4,-0.889488,1.00716;e+,16891.4,12642.7,0.798453,-1.57729;
122542;ww;0.00066673;460398;1.72029;j,879101,384415,-1.46764,-1.18681;j,277885,206829,-0.793639,-1.94778;j,51155.5,36848.7,0.824291,-2.80716;e-,102719,102719,0.00201408,1.17836;e+,11709.8,11087.3,-0.333556,1.16803;m+,24194.7,23695.2,0.204933,2.18379;
144331;ww;0.00066673;41536.3;-2.79624;j,176900,62182.1,1.70433,2.68199;e+,269790,100634,1.64255,-0.235221;e-,53156.6,19226.9,1.67564,-2.63533;m-,15260.3,13295.5,0.537126,2.41251;
208416;ww;0.00066673;40440.9;-0.411252;b,162473,151954,0.310129,2.74087;b,55749.9,54498.9,-0.0505474,1.23352;j,271326,23474.6,-3.13831,-0.228793;e-,114937,65491.3,-1.16228,-1.11005;e+,37677.1,25655,0.933798,-0.427112;e-,35303.3,19144.1,1.22186,-0.861655;
241213;ww;0.00066673;26034.4;1.67538;b,434647,118105,1.97632,-0.439184;b,156712,117501,0.793391,2.5541;e+,146027,64955.2,1.44964,2.08573;e+,162457,29329.5,2.39671,-1.14119;e-,158285,28476.8,2.40026,-1.12464;
241587;ww;0.00066673;150595;1.19309;j,120435,100503,-0.60045,-2.38083;e-,63015.5,57086.3,-0.451919,-1.73749;m+,36177.9,14732.5,1.54723,1.74614;m-,33155.7,13520.4,1.54572,0.184442;
279142;ww;0.00066673;20599.5;2.20637;j,170107,68745.3,-1.55236,-1.82067;j,58048.3,42146,0.83162,-0.935721;e-,184584,56306.3,-1.85632,1.85476;e+,109056,18661.5,-2.45114,0.213461;m-,55491.4,14835.1,-1.99401,1.93107;
281227;ww;0.00066673;30525.6;-0.210376;j,528837,29324.7,-3.58445,-2.85642;j,37586.8,25332.3,0.92911,2.4941;m-,63385.6,24021.2,-1.62544,0.829205;m-,34469.3,21655.1,1.04032,-0.528368;m+,29956.6,20139.3,0.951124,-2.26814;
330931;ww;0.00066673;54409.8;-0.394672;b,121066,69700.8,-1.13997,1.78684;e+,83650.8,36985.4,-1.45637,-2.51734;m+,65286.1,41295.3,-1.03157,0.299001;m-,30139.8,13614.2,-1.43245,-2.51611;
345943;ww;0.00066673;5527.21;-2.77176;b,173795,34522.7,-2.29877,-1.88831;m+,143681,112878,-0.722924,-1.2192;m-,95102.4,77021.9,-0.67245,2.01539;m+,167024,74925,-1.4402,0.914647;
359417;ww;0.00066673;155566;2.0286;j,237105,188903,-0.697277,-1.16314;m-,66158.1,50790.3,0.759522,2.24454;m-,25658.1,25037.1,0.222226,-3.09907;m+,16709.6,16357.9,0.206903,-2.98104;
365918;ww;0.00066673;71276.7;-0.766161;j,378220,94137.1,-2.06616,-2.00179;b,54747.9,26140.8,-1.36382,-3.0456;e+,204957,116584,-1.16438,2.02075;e-,100435,98955.9,0.172709,0.445726;e-,36673.4,19215.3,-1.26247,2.05947;
412367;ww;0.000666622;23085.9;-0.26939;j,511818,80347,-2.53793,0.188104;j,133478,40640.5,-1.85669,1.57758;e-,83893.2,53203.2,-1.02821,-2.68516;e+,74114.7,43698.7,-1.12034,-2.49532;e-,19993.5,11796,-1.11954,-2.49522;
451183;ww;0.000666622;215043;0.691184;b,174802,61047.8,1.7111,-0.327091;e-,215763,188888,-0.527313,-2.59073;e-,32841.8,29023.5,-0.507486,-2.68538;e+,25738.8,22790.5,-0.503326,-2.6875;
455710;ww;0.000666622;113026;-0.711235;b,161688,119445,0.814481,2.55343;m-,96996,89260.7,0.413365,-0.715197;m+,20102.6,18192.7,-0.454269,-0.126333;m+,67324.7,13399.1,2.29743,-0.41537;
464568;ww;0.000666622;75902.2;-0.905743;b,217366,84187.2,1.60062,2.08476;m+,99736.9,42704.2,1.49204,-0.352511;m-,53433.5,18583.1,1.71762,2.69709;m+,11124.8,10840.3,0.228409,-3.06222;
499334;ww;0.000666622;80450.9;-3.07598;j,59430.4,56027.9,-0.340668,0.719006;j,36559.6,33555.4,0.400067,-1.23727;j,37194.3,29851.2,-0.667311,-0.275724;e-,38560.9,15904.2,1.53327,-0.44104;m+,94825.1,63652,-0.953191,3.03226;m-,22048.8,21332.3,-0.258409,-3.01491;
507073;ww;0.000666622;82195;2.53749;j,252493,33384.1,-2.71192,-0.129076;e-,53643.1,47457.7,-0.505167,-0.885894;e+,20255.9,17920.2,-0.505172,-0.88593;m-,59311.5,46806.2,-0.715618,-3.0748;
623740;ww;0.000666622;32918.4;-0.301335;b,91269.2,49124.2,1.22726,2.83615;m+,239040,93235.7,1.59424,-0.804814;m+,125150,34348.9,1.9667,2.71639;m-,38263.4,30610.4,0.693158,-0.867254;
631177;ww;0.000666622;152066;0.705589;b,294575,95562.7,1.79007,-2.34494;j,362011,30119.6,3.17783,2.75351;e+,119947,92943.2,0.744937,-1.44231;e-,55733.3,52534,-0.347251,2.40482;m+,47671.6,47663.4,0.0184886,0.469602;
720712;ww;0.000666622;69735.6;0.0789666;b,85896.8,79893.4,0.372887,-2.91726;m-,87122.3,83431.8,0.296346,-0.347721;m+,88656.5,25142.1,1.93263,1.30826;m+,38866.4,17223.4,1.45384,-2.51812;
738952;ww;0.000666562;163356;-0.202203;b,36655.6,36212.1,0.125981,2.9134;e+,205407,159162,-0.744956,3.05794;m+,140797,104121,-0.816472,0.00321741;m-,96702.3,90655.6,-0.363237,-0.0571281;
740621;ww;0.000666562;28563.4;-0.815755;b,72944.6,70558.6,0.243827,2.83399;b,83350.4,41293.5,-1.32246,-1.1084;e-,23286.4,15749.2,-0.943009,1.0787;e+,18191.7,12294.8,-0.943974,1.07874;m-,21395.8,17576.2,0.64786,2.25165;
745361;ww;0.000666562;12313.9;-1.36605;j,234852,108174,-1.40444,0.596156;j,35138,34006.3,-0.181587,-0.126364;j,223426,28498.2,2.74812,1.55811;e-,212198,204158,-0.279744,-2.46224;e+,153066,31648.2,2.25848,0.893519;e-,140938,29139.1,2.25852,0.893527;
746537;ww;0.000666562;115536;-2.30467;j,127248,98228,-0.746765,1.75983;j,919051,34712.5,3.96896,-1.08617;e-,60733.2,54768.1,0.462588,-0.0522922;m+,174012,57790.8,-1.76665,-2.66298;m-,89991.8,22950.2,-2.04287,1.40216;
761985;ww;0.000666562;35984;-1.19039;b,69165.8,58377.6,-0.591867,0.37574;e+,73874.2,60445.2,-0.654823,2.04091;e-,129148,43082.4,-1.76193,-2.08167;m+,21974,21362.3,0.238698,-2.554;
776105;ww;0.000666562;21042.1;2.8433;j,108097,34622.3,1.80234,0.212745;e+,45893.7,43662.8,0.318327,2.8136;e-,39697.5,38825.8,0.211507,-0.683168;m+,17559.6,16633.9,0.332028,-3.01874;
892664;ww;0.000666562;98971;-1.21137;j,237694,30619.5,2.73757,-1.54507;e+,180684,92812.2,1.28567,1.36658;e-,148605,73694.5,1.32643,2.53804;m+,146808,71567.3,1.3461,-1.69727;
923451;ww;0.000666562;74338.9;1.08733;b,119631,68358,1.15455,-1.70294;m+,214836,45776.6,2.2277,2.41942;m-,50095.5,32388.6,1.00307,0.238242;m-,26050.4,14293.5,1.20782,-0.381601;
952135;ww;0.000666562;62661;1.47355;b,66162.2,57833.7,0.51794,-0.270402;e+,102187,53640,1.26032,-2.40856;m-,67532.9,57806.3,0.572262,0.906211;m-,28461.5,16349.7,1.15236,-0.970483;
984930;ww;0.000666707;71121.7;2.55281;b,91815.2,62966,-0.91717,0.471467;j,78270.4,42985.4,1.19638,-0.707533;j,146612,28985.8,-2.30264,-2.12171;m+,62867.4,49550.6,0.717644,2.45321;m-,49906.8,34693.1,-0.905275,2.70193;m+,31484.3,22025,-0.896474,2.61;
1024162;ww;0.000666707;58258;-1.91521;e+,19630.8,15136.3,0.752725,1.2191;e-,15771.9,14730.2,0.373899,1.27503;m-,101106,23505,-2.13831,0.966922;
1028123;ww;0.000666768;25162.2;0.662623;j,372177,76615.2,-2.26244,-2.96033;j,46649.9,44046.7,0.283457,0.719749;e-,18360.3,17402.4,0.330298,-0.706718;m+,82986.9,80154,-0.265089,0.621729;m+,36505.7,10976.4,-1.87146,-2.30203;
1062830;ww;0.000666768;88962.7;-2.17005;j,109313,104773,0.250497,1.07836;j,66777.3,57894,-0.533165,1.63167;j,66141.9,26158.3,-1.57376,-0.460945;e-,71611.8,52688.1,0.824031,-1.71939;e+,23186.4,18332.2,0.712551,-1.81856;m+,21520.8,15077.3,0.894382,-1.71023;
1067278;ww;0.000666768;37432.1;0.784005;b,62016.5,55532.7,-0.403923,-1.91595;j,45257,29035.6,0.994669,1.07576;m-,56211.6,49899.7,-0.497811,-0.0872523;m+,50937.5,41954.1,0.643255,0.238998;m+,41797,33183.4,0.705773,2.42864;
1077824;ww;0.000666768;22495.5;2.6458;b,62384.5,23439.3,1.62627,-0.541842;m+,283493,175691,-1.05777,2.9395;m-,184945,117805,-1.02251,-0.0944154;m-,68989.6,27721.2,-1.56185,1.1377;
1104178;ww;0.000666768;40892.1;3.10073;j,453720,90761.4,-2.29189,0.0790943;e-,133311,57191.2,-1.48987,-2.69526;m+,194501,71024.8,-1.66541,-0.379655;m+,13269.3,12268.5,-0.401128,-0.667626;
1104502;ww;0.000666768;24895.7;2.53062;j,298698,38369.6,-2.74077,0.293474;j,58367.1,29183.6,-1.31297,-1.78494;e+,34071.1,11787,-1.72324,2.00182;m-,56417,55166.7,0.212495,-3.02636;m+,68073.1,28503.7,-1.51666,2.27171;
1166178;ww;0.000666768;146020;1.29042;b,110873,109457,0.0478782,-1.95883;e-,43948.7,37951.1,-0.555049,-1.52322;m+,462295,141515,1.85265,0.880045;m-,36793.3,10524,1.92369,-2.3942;
1237010;ww;0.000666768;37080.7;-2.02906;b,129062,71367.3,-1.18795,-1.86363;b,105557,65648.6,-1.04822,-0.0883209;e+,115699,64297.6,-1.19253,1.68985;e+,33012.5,18746,-1.16646,1.71856;e-,28432.7,16008.6,-1.17678,1.72597;
1320115;ww;0.000666768;95072;-0.968861;b,118982,92402.7,-0.734305,1.48066;j,747960,27926.6,3.98051,-1.45766;j,280519,26556.9,-3.04781,2.94655;e+,201642,73454.5,-1.66802,2.70165;e-,40172.1,21696.1,-1.22668,-0.514267;m+,42104.1,23264.5,-1.19943,-2.45879;
1377603;ww;0.000666768;52057;-0.882006;j,76600.9,49310.7,0.968251,2.39919;m+,144435,140983,-0.220849,0.28339;m-,196136,80852.6,1.53385,-1.66049;m-,22899.5,14591.4,1.02205,-2.46974;
1393582;ww;0.000666638;125333;2.53383;b,363734,331751,-0.347898,-0.612683;b,198345,197837,0.00270815,2.61466;m-,125746,103804,0.639263,2.37204;m+,115275,95103.5,0.640317,2.37095;m-,24954,20327.5,0.662482,2.39476;
1404497;ww;0.000666638;19599.8;-2.47497;b,240979,122418,1.29616,0.408454;j,381996,80984,2.23267,0.743044;j,186474,71150.9,1.61705,1.6149;e+,129926,103445,0.701085,-2.29679;e+,98650.2,78718.6,0.697399,-2.29926;e-,38080.3,30403.9,0.696443,-2.29735;
1469249;ww;0.000666638;59103.6;1.20285;j,665770,80919.5,2.79676,-1.32272;j,86973.8,73275.4,0.586172,1.7878;e-,173020,56609.2,1.78248,-2.25057;e+,97365.8,31588.4,1.79141,-2.24914;m+,118876,75531.8,1.02574,0.0383031;
1476668;ww;0.000666638;198823;-2.64131;b,379869,269449,-0.870263,0.227103;b,264122,119824,-1.42643,-3.10059;j,199569,27109.7,-2.68452,1.79446;e-,38055.7,34160.9,0.473092,-0.143729;e-,10690.8,10677,0.0507833,1.65054;m+,189277,112763,-1.10747,-2.12332;
1579534;ww;0.000666638;52838.7;0.779109;b,59670.7,53777.5,0.456782,-0.992936;b,34858.7,32871.1,0.325452,2.8335;e-,52454.6,38080.1,-0.843642,-2.75338;m+,132600,131094,0.151429,0.737363;m-,68190.9,66101.2,0.250791,2.84211;
1618275;ww;0.000666638;59134.3;0.158367;j,634464,211073,1.76449,-2.5322;j,305271,156385,1.28661,0.976878;j,56729.1,56490.8,0.0133991,-0.701686;e+,56100.6,41091.9,0.830608,1.4928;m+,21676.3,15110.5,0.901379,1.50107;m-,17320.3,12355.9,0.868811,1.44038;
1639950;ww;0.000666638;51526.3;2.61357;j,24269.1,24148.1,0.0422675,1.20953;e+,27668.9,22523.8,-0.663668,-0.900618;e-,17831.5,14474.1,-0.668596,-0.88446;m-,96482.2,95358.4,0.15337,-2.6143;
1664885;ww;0.000666638;9484.07;-2.80283;j,118815,95553.8,0.68144,-1.33125;b,278229,88797.1,-1.80549,1.58678;j,64715.1,64337.9,-0.0230762,3.09923;j,27586,26510.5,-0.27676,-2.28948;e+,45799.6,31132.8,-0.936115,0.20688;e+,36999.3,24687.3,-0.961276,0.377581;e-,23055.5,15036.2,-0.991657,0.322501;
1668401;ww;0.000666638;139158;2.74036;b,218785,116778,-1.2377,-0.55073;b,208629,101484,-1.34682,1.66463;j,348293,64032.8,-2.37765,-1.47934;j,245550,60567,-2.07384,-0.420654;j,56757.2,29000,-1.27835,-3.08471;j,582559,22346.5,3.95351,0.35509;e-,17741.5,17030,-0.288082,-1.42828;e+,16023.5,15172,-0.333492,-1.44547;m-,74976,71133.3,-0.327235,2.63768;
1701923;ww;0.000666638;53684.2;0.557731;b,145241,65338.8,-1.4333,-1.71504;e-,139276,91407.8,0.983308,2.37599;e+,157931,50582.5,-1.80501,-0.473716;m-,15129.6,13520.9,-0.483037,-0.891823;
1703565;ww;0.000666638;77437.4;1.67322;b,334453,70963.4,-2.23155,-1.56441;e-,15901.7,11584.2,-0.838582,-1.45171;m+,58136.2,42680.2,-0.827248,2.51928;m-,67606,29520.3,1.47027,-1.20102;
1768078;ww;0.000666741;27253;1.80356;b,93127.3,82102.7,-0.504331,1.53745;j,75453.6,51544.7,0.915037,-2.3565;j,52212.1,50404.9,0.105585,0.711445;j,48285.8,46239.1,-0.0430779,2.98992;e-,94483.4,76818.1,-0.665812,-1.29649;e+,13693,11120,-0.667806,-1.29712;e-,13106.4,10662.7,-0.664722,-1.29698;
1796357;ww;0.000666741;190761;2.26995;j,210744,40442.1,-2.33308,-1.55658;e+,335292,185374,-1.19872,-0.816614;m-,21009,20887.6,-0.107616,2.28241;m+,46674.4,13692.8,1.89722,1.56075;
1861887;ww;0.000666741;85540.5;2.82057;j,908046,24822.3,-4.29249,1.61569;e-,75784.1,62413.2,0.643417,-0.561489;m+,85413.9,37321.7,-1.46952,-1.99314;m+,27955.4,23389.4,-0.61509,-2.7695;
1876688;ww;0.000666741;52086.2;-2.73615;b,144258,60741.6,-1.50862,-1.06877;j,477336,27188.7,-3.55759,0.452785;j,34247.4,24215.7,0.870449,2.4807;e-,167747,80429.7,-1.36504,1.05826;e-,59341,13153,-2.18728,-2.82398;m+,50810.4,10217.9,-2.28684,-2.88956;
1883646;ww;0.000666741;50526.9;0.578394;b,66608.4,44634.3,0.952956,-2.20981;e+,34066.5,21281.2,1.04759,-3.13829;m-,72955.3,67836.6,0.386068,0.448903;m+,24835,21864,-0.515569,-2.66889;
1887944;ww;0.000666741;46267.9;-2.54158;j,55714.1,42307.7,0.766969,-1.41992;e-,154737,86637.9,1.18352,1.38223;e+,66616.8,25625.1,1.6093,-0.979864;m+,98522.7,38486.3,1.59259,3.05824;
1931011;ww;0.000666741;62675.2;2.60785;j,244218,50775,-2.25192,-1.33378;j,30721.1,26946.7,-0.500584,-0.581519;m+,104455,48988.2,-1.39016,-0.99829;m-,49007.5,22915.8,-1.39351,-1.00731;m-,46718.9,11831.6,2.05009,2.31629;
1948127;ww;0.000666741;26552.1;-0.536394;j,644846,22478.5,4.04925,2.04565;e-,83207.2,16563.9,-2.2972,-2.40877;m+,24040.1,18925.5,-0.719552,1.30869;m-,13048.2,10768.6,-0.63966,1.8718;
1964112;ww;0.000666741;137544;-0.203612;b,596854,237428,1.57146,-2.59834;j,97153.1,30173.2,1.83384,2.25959;j,583805,23664.2,3.89826,2.54985;e-,92310,66531.6,0.854098,0.863433;e+,57747.8,52464.3,0.445107,0.784232;e+,45029.9,41974.1,0.379301,0.944644;
1966256;ww;0.000666741;41890.1;-1.55631;j,117223,52030,1.44426,2.08127;j,26424.7,26266,0.0476768,-2.53335;e+,146118,26458.7,-2.39368,0.370708;e-,63036.4,12123.1,-2.33237,0.456424;m+,109253,66580.4,-1.07906,-0.76146;
2006023;ww;0.000666741;46323.1;-0.673799;j,281478,93376.2,1.76736,1.05502;b,48961.4,46957.5,-0.23748,-2.09685;j,131905,34923.3,2.00268,2.62688;e-,98059.9,67056.9,0.927949,-2.06095;e-,15373.1,15269.7,0.116288,-3.13388;e+,14734.7,14498.8,0.180143,3.11742;
2006374;ww;0.000666741;104381;-1.10512;b,163656,104155,1.01651,1.8124;m+,86456.8,84941.4,-0.188613,-0.794566;m-,59676.5,57974,0.241752,-2.74485;m+,30689.1,26708,0.539431,-2.21102;
2066569;ww;0.000666741;94688;-2.0112;b,394679,156142,1.57825,2.43025;j,202361,154922,0.757653,-0.0126935;e+,16885.2,14418.1,0.576963,-0.735758;m-,214438,42549.1,2.30052,-0.929495;m+,40424.8,35157.6,0.540765,2.70648;
2108217;ww;0.000666741;62501.4;-3.08253;b,121202,64659.3,-1.23713,0.329101;j,57005.1,30425.5,-1.23021,1.77552;j,32516.8,29639.3,-0.426265,1.03778;j,129819,29371.3,-2.1627,-2.91845;j,703914,25786.5,-3.99958,2.97174;e+,133490,56122.6,-1.51219,-1.26499;m-,74229.2,65445.6,-0.512468,-3.08074;m-,89355,20590.2,-2.1474,-0.766362;
2113864;ww;0.000666741;67093.7;2.99301;j,68410.8,56285.2,-0.632797,-1.41263;b,110366,49898.3,-1.42274,0.86696;m-,137497,131927,0.289582,-2.85644;m+,76010.4,74460.1,-0.203702,0.399311;m-,39855.9,31223.3,-0.727459,1.41953;
2150057;ww;0.000666696;54661.8;0.596755;j,297194,26347,3.11401,-2.49033;b,79392.7,25604.9,1.79486,-2.29705;j,27355.4,24447.5,-0.459788,-2.37375;j,441368,23808.2,-3.61214,1.23536;m+,301351,123426,-1.54093,-0.235993;m-,33245.6,23469.9,-0.883674,1.14597;m+,20822.8,18037.1,-0.548829,1.68707;
2170631;ww;0.000666696;30456;2.7391;b,119742,106212,0.481603,1.99734;b,110833,80843.9,0.824616,-2.16416;j,194840,50384,2.02465,-1.08772;j,37364.1,28046.2,0.784607,0.0948773;j,373513,23761.9,3.44694,0.0361542;e-,47512.3,42056.2,-0.504026,-0.608562;e+,20344.2,19117.7,-0.356326,0.544663;e-,10877,10220.5,-0.356552,0.545168;
2198214;ww;0.000666696;107420;-3.04831;b,185919,113965,-1.06919,-0.0337249;j,295024,22606.6,-3.26033,-1.00351;e+,45622.6,14195.7,-1.83548,2.67664;m-,363087,132769,-1.66394,-2.31518;m+,109194,24354.1,-2.1809,1.50359;
2236697;ww;0.000666696;77599.7;2.62757;b,202556,133859,-0.973061,-0.615853;j,111958,61452.2,-1.20417,-1.27024;j,168112,56701,-1.74591,1.65335;e-,65050.6,50228.6,-0.750496,2.49411;e+,34721,27467.3,-0.71164,2.49682;m-,124359,95959.5,-0.751536,2.49364;
2237681;ww;0.000666696;120644;3.07313;j,116986,112927,-0.239821,-0.412436;j,44248.9,31274.9,-0.869821,2.41697;j,62324.5,27005.5,-1.47538,-0.30404;m+,265809,80665,-1.86176,-2.6238;m-,24238.5,23193.4,-0.299062,2.19431;m+,11142.6,11074.9,-0.110082,2.23413;
2242969;ww;0.000666696;41732.3;2.89476;j,190462,48551.7,2.04125,-0.0220372;e-,23584.4,15609.6,-0.9721,3.05291;m+,51052.6,40649.3,0.700997,-0.894418;m-,27224,23546.1,-0.551882,1.37076;
2266165;ww;0.000666696;88453.3;2.59514;j,151115,115458,0.758591,-0.422527;j,80720.2,79421.4,0.13839,-0.0641542;j,29931.6,26943.9,-0.338457,-1.32614;b,126919,23061.1,2.38785,2.89385;e+,80412.4,65420.5,0.664693,3.05789;e-,24237.9,19720.3,0.664587,3.05798;m+,94303.3,76813.4,0.662634,3.05355;
2278822;ww;0.000666696;29186.3;1.50608;b,168651,65392.3,1.59746,-2.11629;j,82596.2,28235.3,1.73319,0.799339;j,587423,22766.1,3.94318,0.121005;e+,23327.9,20111.2,0.558305,1.10276;e-,16084.9,13690.7,0.583102,1.13558;m+,38969.6,33043.3,0.5903,1.09142;
2282221;ww;0.000666696;27203.7;1.66432;e+,105814,30518.2,-1.91503,-1.83732;e-,121153,19909.3,-2.49219,0.513933;m-,141800,23208.3,-2.49629,0.511699;
2284443;ww;0.000666696;59060.3;-2.67204;b,77003.6,73942.1,0.247811,-0.640197;e-,80449.2,67387,0.612992,1.26437;e+,57593.2,39337.6,-0.929572,-2.64261;m+,20811,17416.8,-0.614563,-0.850473;
2287282;ww;0.000666696;51715.9;2.44074;b,98004.6,42441.1,-1.47754,-0.963925;j,31293.5,30979,-0.0603613,0.298056;b,53194,25457.5,1.36248,-0.971377;e-,74242.7,54555.7,-0.825871,1.89187;e-,43845.1,41357.9,0.345095,-1.83583;e+,19265,18172.4,0.345052,-1.83587;
2305902;ww;0.000666696;136133;1.47024;b,117768,74299.5,1.02694,-2.95642;j,189806,28251.4,2.59215,-1.66847;e-,148195,127844,0.557013,-1.09115;e+,24209.4,16940.2,0.896116,1.38653;m+,82212.7,69432.5,0.597797,2.24192;
2329628;ww;0.000666696;11886.1;-2.02667;b,178740,124341,-0.900501,-2.45192;b,201304,114539,-1.16183,0.712051;j,169787,84825.3,-1.31041,-0.688618;j,94482,24497.2,-2.02128,1.4425;e+,63424.1,38309.3,-1.09025,2.34164;e-,45545,29001.3,-1.02294,2.33806;m-,27254.7,17685.8,-0.998264,2.20661;
2364293;ww;0.000666696;111044;1.71106;j,180732,102327,-1.16954,-1.66273;j,35929.8,32842.3,-0.387331,-0.973063;m+,201078,107066,-1.24352,2.0486;m+,71603.8,37931.4,-1.24956,0.476902;m-,64693.8,10817.9,2.47454,0.42465;g,23259.9,12435.1,-1.23874,2.04438;
2373133;ww;0.000666696;30386.2;-0.202499;j,72697.3,47114.6,-0.997091,-0.621755;e-,94603.1,91674.7,-0.25209,3.02982;e+,77718.2,61397.7,0.713875,1.45945;m-,29877.1,10442.1,1.71235,0.177658;
2395135;ww;0.000666696;27399.2;1.76365;e-,151712,44259.3,1.90308,-0.696378;m+,62208.1,58502.2,0.354082,2.89209;m+,20277,15021.2,0.813861,-0.804443;
2418832;ww;0.000666696;130804;-2.16964;b,112303,111998,0.0211618,1.02444;e+,64100.4,56619.2,0.508568,1.91521;e-,54575.3,44730.5,-0.651857,-0.549555;m+,29796.7,29149.4,-0.21033,-2.49865;
2436640;ww;0.000666696;55096;1.93442;j,198648,106617,-1.22727,-0.180502;j,128525,30400.9,-2.11851,2.96527;e+,57220.2,46951,0.649897,-2.84469;e-,25879.3,21510.3,0.627033,-2.86192;e-,44576.1,18355.8,1.53503,-0.117376;
2481333;ww;0.000666696;75749.6;-1.8805;b,160286,60220.3,-1.63033,1.02173;j,39206.6,28193.4,0.844505,-2.21734;j,31180,24352,0.679445,1.5774;j,140578,23991.6,2.45172,0.418919;j,291693,22636.9,-3.24743,-0.776871;e-,81346.5,34741.4,1.49486,1.90839;m+,56420.9,55981.2,-0.125234,-1.78098;m-,25012.4,19333.5,0.748828,0.38694;
2489104;ww;0.000666696;17975.4;0.991861;b,136267,46109.9,1.74489,-2.23715;m+,268592,49784.7,2.36993,2.49889;m-,33561.8,28658.4,-0.57693,1.18455;m+,22125.1,16615.2,0.793399,2.57778;
2502802;ww;0.000666648;111312;-1.70496;j,277495,99075.5,1.68915,1.2739;m+,607649,163539,1.98707,-0.412539;m+,146601,101710,-0.908009,-2.8828;m-,112826,77607.6,-0.919902,-2.87794;
2521828;ww;0.000666648;43981.4;1.15618;j,353216,52968.4,-2.58466,-0.0996009;b,202124,46909.3,-2.1395,-1.86202;j,131268,32104.5,-2.08468,-2.64827;j,371526,22522.7,-3.49523,1.27475;e-,14897.8,12974,-0.538061,-3.04056;e+,13321.1,11585.2,-0.5408,-3.04174;m-,118555,36362.1,-1.8506,0.72451;g,40139.2,21414.8,-1.24118,-2.74453;
2569109;ww;0.000666648;88271.1;-0.453701;b,126354,115880,-0.293377,-2.78812;j,55724.8,46221.6,0.624378,0.8655;j,39737.6,26315.9,-0.961617,1.18417;m+,108661,108428,0.0655758,-0.293332;m-,29648,23681.9,0.695702,-2.89036;m+,19464.9,15583.9,0.691835,-2.76253;
2603827;ww;0.000666648;23388.1;-0.144719;b,42658.6,23524,1.19143,-1.99405;e-,23329.9,21863.3,-0.364264,0.653439;m+,116749,71390,1.07478,-1.77274;m+,47145.7,34659.6,0.825201,1.8962;
2621669;ww;0.000666648;8541.43;0.855632;m+,63424.7,54209,0.575139,-1.0198;m-,67792.8,51337.7,0.780682,2.28703;m+,38842.9,12017.3,1.84148,-0.969087;g,15947,10945.7,0.922851,2.42889;
2655698;ww;0.000666648;52611.6;1.13966;b,66558.5,66429,0.0146226,-2.88639;j,99291.5,34994.1,1.70227,-0.196641;e-,22139.6,21778.8,0.181752,-1.34682;m-,14737.9,13294.1,-0.461884,2.56421;m+,11637,10175.6,-0.52963,2.59289;
2761143;ww;0.000666648;107874;1.0667;b,162312,111733,-0.911208,-0.217514;b,103902,101253,0.139636,-2.26952;e+,76020.7,75975.4,-0.034525,3.13842;e-,30756.2,30737.8,-0.0346413,3.13868;m-,141289,141209,-0.0338445,3.13945;
2762546;ww;0.000666648;28793.4;1.26293;j,34168,33610.3,0.0963304,-0.557303;j,43861.3,31567.5,0.847703,1.89645;j,51834.3,28017.5,-1.22081,-1.90518;j,56953.3,25070.4,1.4516,-2.93859;m-,44078,39672.8,-0.46699,1.41373;m+,32245.1,25662.5,-0.701756,-2.88069;m-,15902.7,12594.2,-0.70981,-2.86022;
2852314;ww;0.000666648;136188;-2.9342;j,389749,88757.8,2.15896,0.354716;j,156365,38719.5,2.0726,-0.645044;e-,27295.7,25763.6,-0.343179,1.09353;m+,379241,98374.8,2.02527,-3.11797;m-,44629.1,10261.1,2.14968,-3.01769;
2862121;ww;0.000666654;76893.3;3.00759;b,111542,76236.4,-0.918419,0.0424623;e+,17126.6,15742.5,-0.41633,-1.97736;m+,386035,101421,2.01208,2.56876;m-,70654.3,65145.5,-0.408397,-1.98291;
2898820;ww;0.000666654;87630.9;-2.70611;j,121590,51574.9,1.50002,-0.0342812;e+,94159.4,75118.8,-0.69776,1.41111;e+,63663.5,61820.1,-0.243603,-1.23475;m-,66534.5,24513.9,-1.65582,1.28961;
2900989;ww;0.000666654;65832.7;-2.86423;b,108771,30235.3,1.95299,-0.799463;e-,56240.3,38660.9,0.92076,1.31229;e-,18456.3,15772.8,-0.575351,0.541375;m+,186503,37649.7,-2.28292,-2.93516;
2918392;ww;0.000666654;77031.4;2.88382;j,90383.9,46685.8,-1.27675,-0.0634619;m-,81156.2,76773.3,-0.336313,-3.01528;m+,61095.3,56535.2,0.398991,-1.07219;m+,17013.8,17004.5,0.032484,0.163818;
2999042;ww;0.000666654;104341;-2.22939;j,74249.7,69595.1,0.347149,1.27375;j,364063,58805.3,-2.50879,0.203744;j,27995,26809.5,-0.272328,-1.91886;b,77496.4,24399.5,1.82063,-2.5881;e-,29956.2,17091.8,1.16066,2.00891;m-,28429.9,28362,-0.0690836,-0.778024;m+,10511.8,10125.2,-0.275306,-0.50982;
2999174;ww;0.000666654;69226.1;-1.49306;j,144147,49190.2,-1.7335,0.567636;j,45695.8,43927,0.119305,2.55695;e-,109147,23039.8,-2.23729,-2.83588;e-,41102,20613.6,-1.31344,2.24159;m+,33305.7,15322.1,-1.41189,2.08867;
3001859;ww;0.000666654;42648;-2.05603;j,105148,86174,-0.640595,1.75536;e+,42304.1,32261.7,0.769874,-0.696828;m-,74939.7,72955.7,-0.232681,-1.60129;m+,23631.7,22688,0.287403,-0.201612;g,83672.7,30627.2,-1.66286,-1.9532;
3031543;ww;0.000666654;52946.9;-1.26263;j,59814.5,57128.2,-0.287289,-3.01249;e-,136168,69343.6,-1.29573,1.0405;m+,23886.7,16229.5,-0.936756,-2.50354;m+,40879.3,15314.3,1.63789,0.673582;
3070025;ww;0.000666654;17057.1;2.26202;b,57472.7,46055.5,0.682157,0.123585;e+,68730.5,13264,2.32885,-2.11867;m-,383827,127464,1.76672,0.928134;m+,135254,33569.8,2.07091,-2.43502;
3125675;ww;0.000666654;50486.9;-1.18862;b,223586,209975,0.313826,1.75711;b,104410,97550.9,-0.366909,-1.64459;j,111460,64684.7,1.13694,2.09133;j,658625,23732.6,-4.01609,-1.37878;e+,143187,80727.2,-1.17516,-1.22851;e-,77317.5,44373.1,-1.15353,-1.21893;m-,103647,62084.8,-1.10069,-1.28967;
3134531;ww;0.000666654;107430;1.33419;b,321501,95986.6,1.8783,-1.60832;b,38913.1,30527.5,0.696694,-2.65037;m-,191794,67725.4,1.70137,0.238798;m-,45802.2,28131.2,1.0692,0.440433;m+,23460.6,12793.2,1.2152,0.461004;
3185221;ww;0.000666654;56127.2;2.76724;b,91087.9,67055.8,-0.803761,-1.20372;j,822878,27715.2,-4.08368,0.50265;b,27635.2,24608.6,-0.486815,0.597;m+,108126,79953,-0.816612,1.38215;m-,86612.5,65244.9,-0.788714,-2.24624;m-,61130.5,54346.5,-0.4946,0.640274;
3197377;ww;0.000666654;65833.5;-1.00596;j,263691,82393.6,1.83012,2.01645;j,125979,77547.1,1.0645,-0.099727;j,601400,70171.2,2.83796,2.04807;j,223352,66743.7,1.87675,-2.58319;e-,40437,19466.6,1.36045,-1.05531;e+,22045,10551.5,1.36704,-1.05603;m-,175357,50421,1.91822,-0.105665;
3283260;ww;0.000666793;118321;1.42564;j,127534,91958.1,0.849394,-1.91902;b,57824.5,54810.1,0.302902,0.505019;j,224066,31682.6,2.64384,-1.38702;j,86799.6,27830,1.80086,2.38388;e+,21598.8,21036.1,0.230796,-1.96826;m+,20010.6,18634.4,0.381947,2.30384;m-,15730.9,14609.7,0.389261,2.30498;
3325403;ww;0.000666793;46919.1;-1.30541;b,185849,45964.1,-2.07364,1.11463;m+,72341.3,36904.2,-1.29369,-0.723308;m-,21240.6,20045.9,-0.343516,-0.806317;m-,25405.3,13764.9,1.22286,-2.32085;
3344013;ww;0.000666793;83563.5;-2.74075;b,175191,117538,0.950537,2.95311;e+,186058,162706,0.529551,-0.0563722;e-,76423.4,17151.2,2.17453,0.113008;m+,26909.8,19386.3,0.854731,2.05153;
3359912;ww;0.000666793;35342.3;-2.832;b,179266,97921.9,1.21095,-0.62879;j,210633,31796.1,-2.5772,2.87586;j,26113.6,25694.7,0.123684,2.80703;j,47155,25361.2,-1.22007,1.81134;e-,24174,15045.4,1.05235,1.67087;e+,22385.6,13922,1.05329,1.66125;m-,26203.6,16642,1.02631,1.61703;
3382684;ww;0.000666793;26640.8;0.427452;e-,61645.9,50204.5,-0.662917,-2.43014;m+,31684.5,25528.9,-0.681181,-2.41644;m+,19681.7,17146.6,-0.537264,-1.18748;
3400429;ww;0.000666793;61482.6;-1.44475;j,90002.4,46207.4,1.2814,2.69351;e-,118430,59925.9,1.30315,1.20848;e-,16892.1,16578.2,0.194295,2.78647;m+,52993.4,23415,1.45711,-0.149879;
3438691;ww;0.000666793;62079.7;-2.57725;b,81489.6,62159.8,-0.750813,1.63566;j,128927,23015.5,-2.40671,-0.90526;e-,34169.2,28871.8,-0.596872,0.113721;e+,30825.3,26591.8,-0.557041,-0.462058;m-,185652,52594.5,-1.93371,-0.522352;
3438886;ww;0.000666793;99532.1;-2.20386;b,173866,62331.3,1.68291,1.00099;e+,34311.1,34213,-0.0757003,0.818949;m+,30972.8,30102.5,0.23986,-1.07236;m-,30711.5,26018.3,-0.59194,1.12807;
