237558;z_jets;0.0124346;6097.91;-2.36907;j,58395.1,57758.5,-0.134899,2.4204;j,167743,51715.1,1.84237,-0.769656;j,43889.4,34767.1,-0.677032,0.186223;e-,49793.5,20014.5,1.56149,-2.27543;e-,17653.2,17361.1,0.18319,2.94639;e+,13560,13335.8,0.183132,2.94689;
263125;z_jets;0.0124346;18315.2;-0.0434796;j,218906,94338.8,-1.4803,1.57278;j,101517,43279.8,-1.48912,2.54172;e+,124471,105246,-0.595597,-1.68248;e-,57530.8,25550.8,-1.45138,-0.216259;m+,17167.8,10863.8,-1.03099,-0.829434;
895603;z_jets;0.0124266;154198;-2.42316;j,326223,151547,1.39892,0.578725;j,101422,35312,1.7139,1.39185;e+,20430.8,13935.2,0.931488,-2.00036;m+,141725,85339.7,1.09414,-1.94385;m-,100999,78925.2,0.731491,-2.94888;
954150;z_jets;0.0124336;6505.55;2.67872;j,207271,61631.3,-1.87994,-0.186937;j,57324.4,48051.7,-0.566034,0.637474;j,318092,43437.5,2.67923,2.6903;j,43916.9,32368.2,0.801793,2.34677;j,337371,29461.8,-3.12874,-0.688327;e+,72277.2,62087.6,-0.565357,-1.98988;e-,37628.1,28129.4,-0.800273,2.42164;m-,26868.5,16350.8,-1.08085,-1.08044;
966662;z_jets;0.0124336;25646.2;-0.528091;j,145938,135798,0.380389,-2.2722;j,28079.7,25979.4,0.395456,1.13967;e+,114308,76067.1,0.964858,0.546667;e-,74282,44323.1,1.10552,2.36033;m+,19648.2,19647.3,0.00753741,-0.486729;
1049527;z_jets;0.0124336;221222;-0.427457;j,696829,224841,-1.79344,2.79762;j,42442.3,28771.6,-0.901359,1.41991;e-,18064.4,10369,-1.15332,-0.716999;m-,306170,177012,-1.14452,-0.712553;m+,97100.4,74306.3,-0.764516,-0.047534;
1142927;z_jets;0.0124336;93396.3;-2.92706;j,233241,229036,-0.17118,0.0574156;j,60148.5,31940.9,1.23275,1.45148;e+,151852,83858.9,1.2001,-2.93938;e-,76147.5,42071.8,1.19953,-2.93959;m-,219407,113929,1.27302,-2.72148;
1456808;z_jets;0.0124331;33884.6;1.90205;j,240367,114730,1.3665,0.104047;j,102497,101766,0.063955,-2.74064;j,345260,29935.7,3.13631,-2.76356;m+,102439,64717.5,-1.03313,-3.13349;m-,25456.9,25115.5,0.164653,0.839925;m+,47431.1,24349,-1.28638,0.660123;
1468272;z_jets;0.0124331;18845.8;-1.75445;j,722949,297103,-1.53539,2.41001;j,163183,152685,-0.34118,-0.252969;e+,144854,118235,-0.659034,-0.850706;e-,60302.4,60276,0.0296012,-1.58496;m+,16789.3,13452.4,-0.690509,-0.852005;
1529631;z_jets;0.0124299;49156.5;1.68767;j,148591,145915,0.0213946,-0.992619;j,105310,90787.5,-0.5329,1.78532;j,866210,29906,4.05889,-0.42164;e-,289001,99605,1.72725,-3.12461;m+,57415.4,22687.7,1.58009,1.71363;m-,27307.3,10224.3,1.63848,1.69504;
1541773;z_jets;0.0124299;28789.2;-1.89108;j,84606.7,83890.5,-0.0147199,-0.214265;j,190148,25434.9,2.69983,2.87191;e-,45854.3,44414.2,0.25397,2.425;e+,15589.1,15098.3,0.254298,2.42406;m+,77559.9,37748.3,1.34795,-2.22389;
1623967;z_jets;0.0124299;119318;2.09405;j,680960,384545,1.17152,2.10931;j,184345,38582,2.2445,-0.782156;e-,770424,396124,1.28455,-1.07484;e+,74492.7,59308.6,0.701118,-1.03679;m-,39335.5,13452.8,-1.73547,-0.610611;
1788292;z_jets;0.0124299;86293.4;-3.10414;j,219377,109443,1.31422,-0.0713485;j,81105.8,37365.2,1.40951,2.74163;m-,91423.4,34103.3,-1.6425,-2.70468;m-,94825.7,27552.4,-1.90729,0.828023;m+,41678,15591.4,-1.63942,-2.68558;
2113355;z_jets;0.0124357;13314.9;2.07748;j,423112,68677.5,-2.50421,1.47254;j,105555,38627.5,-1.66167,-2.519;e-,69623,63518.6,-0.43498,-0.536585;e+,28614.6,28363.4,-0.132993,-2.32897;e-,16452.3,16305.4,-0.134111,-2.32813;
2336534;z_jets;0.0124357;23110.5;2.1138;b,344662,72173.1,-2.24395,0.183463;j,397192,35515.5,-3.10501,-2.64264;b,44324,24395.6,-1.19802,-2.71408;m+,56242.5,47148,0.61154,-1.76259;m-,45702.6,42046.1,0.414079,1.89166;m-,22198,15359.4,0.911727,0.517657;
2740749;z_jets;0.0124292;29885.1;-0.745428;j,169193,166389,0.170029,-0.0719506;j,146271,85810.5,-1.10729,-0.435507;j,177416,67098.8,1.61468,-2.34553;e+,108063,59267.7,-1.20834,3.08352;e+,31987.5,17388.9,-1.21892,3.10505;e-,21582.6,11776.6,-1.21445,3.11502;g,233437,110765,-1.37691,2.38562;
3132305;z_jets;0.0124299;20014.9;2.3889;j,122141,59854.4,1.3377,1.56124;j,200788,48381.7,2.09921,-1.62442;j,37014.1,36811.2,0.104949,0.177876;e-,33510.2,31456,0.359456,-2.00634;m-,25477.3,21000.1,0.641902,1.19461;m+,15195.1,12696.9,0.617407,1.18266;
3243872;z_jets;0.0124299;33498.9;0.805896;j,132842,58370.9,1.45741,2.19949;j,39254.9,36084.9,0.397301,-0.562832;j,1.29307e+06,26231.4,4.59084,-2.08743;e-,12643.5,10545.3,0.620818,-1.42139;m-,56186.2,53925.1,0.28858,1.35203;m+,29445,24617.8,0.616416,-1.42836;
3329844;z_jets;0.0124338;265421;1.68074;j,377693,242673,-1.00419,-1.44377;j,123811,38231.8,-1.84272,-2.59401;j,60412.3,34817.4,1.12584,-0.808031;j,106059,28703.5,1.97882,1.33609;j,43541.1,24499,-1.16117,1.70512;j,84139.2,23391,-1.94986,-1.50659;e-,19311.1,19244.4,-0.0832393,1.60653;m-,197330,194693,-0.164398,1.52947;m+,63816.2,53889.9,0.598,1.73444;
3367144;z_jets;0.0124338;202606;3.06951;j,542837,214964,1.57655,-0.636785;j,126344,121955,-0.249588,1.63054;j,86232,69304.6,-0.685347,2.94366;j,64065.9,63307,-0.0856808,0.258872;j,330959,51205.5,2.55173,1.87004;j,92272.2,41214.3,1.44002,-2.69035;e+,97857.6,76328.5,-0.734458,-0.599768;e-,59027.9,46041.4,-0.734464,-0.599781;e-,34025.7,19915.7,-1.12938,-2.83923;
3591608;z_jets;0.0124338;72279.6;1.33953;b,67852.1,67586.7,-0.0430524,-1.39337;j,61674.8,35365.3,1.14452,-2.32202;m-,122103,110079,0.463253,0.778442;m+,34649.4,17168.9,1.32737,-3.07894;m-,12246.9,11773,0.282675,2.89324;
3705380;z_jets;0.0124318;61624.7;-1.02182;j,327576,268772,0.63663,1.19741;j,872851,106889,2.78891,-1.78817;j,150336,71076.6,-1.37526,-1.41079;j,2.6218e+06,49367.7,4.66538,-2.55866;j,60881.9,44665.8,0.821475,2.99983;j,58266,35833,1.04982,1.96131;e+,17043.9,14720.8,-0.554671,-2.12016;m-,107573,58562.2,-1.21721,-0.428536;m+,30466.7,27241.8,-0.481888,-2.29165;
3719459;z_jets;0.0124318;91586.2;1.44097;j,206131,107746,-1.26198,-1.78673;e+,38812.4,14805.5,-1.61835,0.609289;m+,239397,79802.6,-1.7627,1.96225;m-,142532,54855.3,-1.60874,0.666571;
3728607;z_jets;0.0124318;68156.9;1.58124;j,587055,353435,-1.09246,2.22127;b,89795.7,67516.5,-0.781406,-1.90659;e+,389173,352285,-0.453725,-0.857051;e+,31360.6,17355,-1.19758,-1.01681;e-,31062.5,15511.4,-1.31843,-0.914153;
3742070;z_jets;0.0124318;34017.5;-0.646567;j,391229,102993,2.00981,2.37301;j,52315.9,46409.3,-0.438706,0.628384;e+,263217,52803,2.28934,-1.49283;e-,112253,22528.2,2.28891,-1.49312;m-,11189.3,10242.5,0.426618,-0.404031;
3818225;z_jets;0.0124318;118404;2.3917;j,277412,131243,-1.378,-0.79926;e+,25174.5,11975.5,-1.37403,2.94976;m-,167765,78472.7,-1.39313,2.93872;m+,195055,73786.5,-1.62739,1.78726;
3992768;z_jets;0.0124321;17757.4;-1.78795;j,104737,82476.1,0.671484,1.55514;j,139084,73222.6,1.25198,-0.848244;j,88292.6,45677.1,1.27225,2.35752;e+,56268.7,18203.9,-1.7944,-2.05125;m-,20724.2,13691,0.974571,-1.58846;m+,43897.5,13491.2,-1.84847,-2.09545;
4073006;z_jets;0.0124321;40981.1;1.25169;j,87963.2,67170.3,0.743824,-2.48509;j,206172,38152,2.37084,0.295501;e+,23200.4,20309,0.527473,-1.64178;m-,178102,70493.6,-1.57829,0.354807;m+,85400.3,43264.4,-1.30177,2.33442;
4082773;z_jets;0.0124321;15895.5;-0.747629;j,533701,100931,-2.34906,-1.49491;e+,73179.3,46297.4,1.03131,1.76413;e-,44201.5,37878.2,-0.570068,1.70224;e-,16780.2,14396.7,-0.567762,1.70522;
4095726;z_jets;0.0124321;49008.1;0.280307;j,360669,118293,-1.77812,-2.10727;j,99203,72558.6,0.829467,-2.90794;j,50559.3,27003.3,-1.23563,-1.61384;j,292250,25318.9,-3.13681,0.814333;e+,140129,90218.6,1.00858,1.61005;e-,65153.6,41320.3,1.02816,-0.0885186;m+,29678.3,28356.2,0.304168,0.383642;
4112991;z_jets;0.0124321;113417;-1.9009;j,330944,128707,-1.59097,1.01439;b,45909.3,39410.8,0.555682,2.19289;j,32831.8,32422.6,0.1003,2.83695;m+,63123.3,59054.2,-0.369123,-2.70541;m-,46040.9,45194.4,-0.193222,-0.592079;m-,44148.2,41428.6,-0.360379,-2.0333;
4172256;z_jets;0.0124321;136281;0.689529;j,159752,145837,0.414584,-1.92175;j,89549.4,54570.8,1.07231,2.4722;e-,32277.5,21840.6,0.942359,0.791046;m+,330717,91612.1,1.95709,0.669154;m-,62680.2,44163.1,0.886429,0.833205;
4374733;z_jets;0.0124396;58960.5;-2.73045;j,349753,89278.9,-2.04036,0.380342;j,83086.7,31161.5,1.63432,3.00982;m-,63234.9,23799,-1.6329,3.13722;m-,53352.4,20537.2,-1.60854,3.03769;m+,49253.8,18548.8,-1.63222,3.1379;
4470404;z_jets;0.0124396;38189.9;-3.09643;j,85320.2,62196.6,-0.819932,-1.37297;j,448885,37872.8,3.16379,1.63114;e-,58135.4,55608.3,-0.300349,1.59327;e+,45114.3,40820.5,0.45474,-0.620131;m+,22479.5,14787.4,0.980241,-2.98759;
4550916;z_jets;0.0124369;22981.7;-0.524153;j,266821,121504,1.41796,1.03639;e+,93359.9,90839.7,0.235014,-2.52108;e-,58422.7,38508,-0.977615,-1.65505;e-,12967.3,12962.8,-0.0262106,1.44326;
4733158;z_jets;0.0124369;29822.7;-2.34314;j,98132.9,68094.9,0.900848,0.410319;j,82287.7,43630.5,-1.24094,2.28653;e-,25435.4,19579.6,0.755323,-2.12032;m+,137144,69042.7,1.30905,-2.31463;m-,64508.1,29868.2,1.40464,0.72378;
4742403;z_jets;0.0124369;46434.2;0.516069;j,79528.8,79336.1,-0.028378,-2.0117;j,330075,37635.9,2.86043,2.64866;e+,28004.2,25079.1,0.478407,1.68657;m+,97905.1,32254.1,1.77519,0.973538;m-,29860.4,29364.8,-0.183431,1.15957;
4786592;z_jets;0.0124369;185096;1.65381;b,570079,253170,-1.45045,-1.29947;j,76081.7,66377.1,-0.520775,3.04927;j,181357,36521.3,-2.28463,-2.95617;e+,141557,43710,-1.84354,0.972493;m+,308281,142413,-1.40722,1.67061;m-,149023,68852.7,-1.40705,1.68065;
4826084;z_jets;0.0124369;5772.41;0.240451;j,69879.4,64992.6,-0.30611,-0.148082;j,89681.9,60621.2,-0.939072,-0.804299;e+,139555,117857,0.59787,2.48872;e-,23415.4,21383,0.432617,-1.73968;e-,14149.1,11870,0.610171,2.4848;
4872685;z_jets;0.0124285;133705;1.18179;j,135720,133748,0.142325,-2.17263;m-,98773.5,94869.2,0.285919,1.56879;m+,60853.9,57019.8,-0.364692,0.558868;m-,12366.7,12353.8,-0.0449476,1.44388;
5002253;z_jets;0.0124285;93203.8;-2.43327;j,109098,90345.1,0.630014,1.12204;j,96140.7,42063.8,1.46464,-0.481032;j,56000.8,40482.6,0.835857,0.48228;j,105155,23464.2,-2.17845,-2.77311;m-,338319,78684.9,2.13788,2.96798;m+,220032,68383.1,1.83672,-1.94427;m-,22304.6,21636.2,-0.247885,-0.794161;
5011505;z_jets;0.0124285;72542.4;3.11091;j,119534,62510.5,1.26449,-0.646114;j,80260.5,42825.2,1.23727,0.0969832;j,89647.8,31598.1,1.69783,1.31798;j,126043,27328.9,2.20888,-3.05966;e-,19596.5,12847.4,0.984738,-1.32451;e+,17706.6,11612.1,0.984317,-1.32997;m-,43877.1,27394.3,1.04831,-2.78593;
5019708;z_jets;0.0124285;29568.2;-0.969231;j,528246,67430.4,2.7468,2.88719;j,61998,61167.1,0.154969,-0.339067;e+,16387.6,11621,0.877326,2.37259;m+,56398.6,39942.5,0.879148,-0.770641;m-,24264.9,23524.2,-0.250262,-2.58271;
5077801;z_jets;0.0124285;44003.4;-0.688034;j,163217,82350.2,1.30528,2.50415;j,80846.8,48524.3,-1.09055,-0.93491;j,293542,43243.6,-2.60249,1.61195;e+,11875.1,11570.7,0.228904,-1.68684;m+,38319.8,37889.5,0.150547,-1.70059;m-,58004.7,32264.3,1.19144,0.640608;
5120565;z_jets;0.0124285;35368.1;2.36502;j,72415.9,51811.5,-0.844887,-0.312129;j,36309.2,35627.9,-0.0830443,-1.96007;j,83730.1,34069.3,-1.54362,0.269156;e+,37878.3,37646.9,-0.110826,2.98241;m-,40016.7,37914.6,-0.331459,2.93184;m+,37250.1,30324.6,0.663591,0.946282;
5231158;z_jets;0.0124346;9454.8;-1.94445;j,527760,70442.6,-2.702,-1.04572;j,646103,52143,3.20829,2.47589;j,51212.4,49075,0.286686,1.76027;e-,61864.3,29382.1,1.37584,0.188953;m-,203075,47298.3,2.1364,-0.381263;m+,124924,45593.4,1.66599,-2.96053;
5232261;z_jets;0.0124346;25044.3;-1.67982;j,141332,136382,0.244166,2.27452;e-,157281,77423.5,1.33492,-1.07868;e+,102352,61664.7,1.09346,-0.0790943;m-,32822.2,13388.3,1.5454,-1.77961;
5390771;z_jets;0.0124346;145527;-1.62714;j,416852,207258,-1.31866,1.55098;b,106072,39658.2,-1.63568,-0.232734;e-,60310,35606.4,1.1187,-2.26681;m-,319726,103938,1.78928,-1.56595;m+,58482.7,34752.6,1.11064,-2.27104;
5426095;z_jets;0.0124346;10581.6;-3.12282;b,182905,107487,-1.12035,1.27671;j,39755.3,35956,0.442527,-1.08746;j,732884,30486.8,-3.87237,-1.28266;j,32169.4,28021.3,0.529474,-3.06857;e+,66291.9,59896.5,-0.458097,-2.71358;e-,44301.1,40593.5,-0.424211,-0.373739;e+,46096.7,10605.3,-2.14903,0.781245;
5467358;z_jets;0.0124287;193738;-2.4055;b,270174,189249,-0.893224,0.648139;j,32002.7,26536,0.596289,3.07661;j,453880,23878.2,-3.6373,1.12901;m+,191023,163552,-0.571771,-2.42095;m-,64298.1,61496.3,0.300727,-2.23246;m+,11133.6,10601.8,-0.315286,2.46041;
5478762;z_jets;0.0124287;218464;-2.32464;j,232716,220653,-0.284091,0.848754;m+,197058,197031,-0.016782,-2.13475;m-,25102,21216.9,-0.596278,3.02929;m-,21316.3,20868.9,-0.206634,-2.72475;
5506924;z_jets;0.0124287;92568.7;0.855061;j,249063,147456,1.10838,2.83627;j,226547,103386,-1.41775,-0.884513;j,147516,75623.9,-1.28295,-1.5205;j,341473,28767.1,-3.16531,1.27313;m+,400691,79728.2,2.29767,0.17531;m-,103988,40915.4,1.58475,1.79967;m-,57969.7,12286.3,-2.23316,1.56435;
5508317;z_jets;0.0124287;53765.7;-3.07421;j,58541.5,52683.6,0.454879,0.569192;j,57136,48550.8,-0.56672,-1.08161;j,162286,24851,-2.563,1.09256;e+,22676.8,17488.3,0.752432,2.7419;m+,77232.6,77126.2,-0.0525208,-3.12419;m-,20328.5,15287.8,-0.79124,-0.389141;
5518534;z_jets;0.0124287;30333;3.12725;j,214239,114134,-1.22841,-1.43301;j,50932.4,41960.6,-0.621146,-2.76644;e-,132869,96565.5,-0.842025,0.871497;e+,43165.4,42580.6,0.165551,1.70457;e+,16668.4,12331.5,-0.815859,0.758608;
5938784;z_jets;0.0124334;18995.3;-1.43584;j,297154,113071,1.62016,2.77008;e+,82138.5,61310.4,0.802562,-0.579014;e-,98246,55179,1.17978,0.736511;m-,22015,16966.3,0.753485,-0.732819;
6028450;z_jets;0.0124334;17405.2;-2.21176;j,305889,156355,1.29037,2.07713;j,75947.1,72950.6,-0.267587,-2.21407;j,530228,49129.3,3.06956,-1.04538;e+,79190.9,62151.2,0.724542,-0.70809;e-,110747,39663.6,1.68624,0.302933;e-,70597.3,24961.4,1.69998,0.343338;
6287626;z_jets;0.0124305;53682.1;-0.0924069;j,140838,82362.8,-1.11557,1.45;j,1.85723e+06,33528.7,-4.70749,-2.30161;b,40652.3,28226.6,0.893931,-2.57922;j,29830.3,25217.3,-0.525174,-2.3878;m+,124781,78160,1.04414,0.0185493;m-,75944.8,25868.4,1.73977,2.60575;m+,16420.6,12712.7,-0.746286,-0.73797;
6303969;z_jets;0.0124305;22993.1;-1.51481;j,46497.4,41225.3,-0.420122,1.48642;j,47658.1,28850.6,1.07496,2.18313;j,27520.2,27034.8,-0.100153,-0.53098;j,124336,26666.1,-2.21997,3.08969;m-,102451,56367.8,-1.20455,-0.932024;m+,58461.9,18247.7,-1.83219,2.15396;m-,37885.2,12277.7,-1.79256,2.04915;
6316555;z_jets;0.0124305;13253.6;1.66303;j,311389,297117,0.293894,-2.5121;e+,155605,147822,0.32309,0.657704;e+,105599,100236,0.325673,0.660718;e-,15719.4,14923.3,0.325194,0.657372;
6732013;z_jets;0.0124322;61638;0.471864;j,387174,120187,-1.83447,3.08749;j,118025,86668.7,0.801592,0.0909577;j,371922,60964.1,-2.49442,-1.33718;j,46701.4,35677.9,-0.730139,2.03641;j,187696,27923.9,-2.59203,-2.24244;j,116796,24188.4,-2.25642,1.24366;e+,93455.6,52185.2,1.18677,2.99665;e-,144518,32998.3,2.1568,-0.584574;m+,111368,44048.8,1.57906,0.388301;
6788475;z_jets;0.0124322;54987.5;2.79059;j,451656,77172.6,-2.45236,-0.171382;j,25781.9,25444.7,-0.0836499,2.69486;j,219482,24090.3,-2.89888,-2.25342;m-,215879,59466.5,-1.96292,-2.94087;m+,69787.4,18596.1,-1.9974,0.342033;m+,76500.2,18372,-2.10487,1.73078;
7346234;z_jets;0.0124279;19413.3;0.535851;j,231339,148953,-1.0013,-1.05281;j,164750,118879,-0.839835,0.300487;j,109089,23192.3,2.22814,3.04796;e-,160643,142089,0.505627,2.85374;e+,126901,59771.3,1.38529,2.66862;e+,38578.3,28229.7,0.832046,2.74146;
7422986;z_jets;0.0124279;18081.8;-2.47041;j,41837,39806.2,0.291102,-1.66447;j,94552.7,36983.9,1.58628,0.750106;j,247043,28061.6,2.86464,0.321933;j,28534.7,26902.3,-0.320318,3.05434;e+,72502.5,56290.5,-0.741827,1.72832;e-,61622.1,47914.6,-0.739453,-2.44178;e+,44810,32824.8,-0.830475,-0.301863;
7534623;z_jets;0.0124279;9994.22;-2.96339;j,151171,94707.2,-1.03824,0.809722;j,106834,84546.5,-0.695646,-2.2445;m+,94777.1,38498.8,1.54998,0.394835;m-,36024.4,35334.8,0.197225,-2.93704;m+,15819.8,15534.2,-0.191349,-2.64463;
7656549;z_jets;0.0124266;25922.4;-1.77219;j,112763,112559,-0.0198262,-1.2844;e+,250702,71603.9,-1.92521,2.1596;e-,172973,49405,-1.92518,2.15962;e-,121071,37280.4,-1.84646,0.726178;
7699274;z_jets;0.0124266;19987.9;2.12176;b,600957,163081,-1.97796,1.9017;j,65149.2,43201.9,-0.965823,1.10306;j,91402.6,37684.4,-1.52378,-1.23568;e-,161141,157762,-0.206589,-1.62139;e+,36851.7,33103.9,0.471464,-0.51581;m-,21474,17089,-0.70186,2.08231;
7749554;z_jets;0.0124266;255622;-1.14732;j,144707,103434,-0.847456,1.78987;j,132001,91555.8,0.897865,1.85913;j,54380,52710.1,0.221728,2.76287;j,286792,25997.4,3.09163,1.45364;e+,15272.1,13108,0.566993,-1.10092;m-,556013,246252,1.45449,-1.06083;m+,101048,51299.8,1.29932,-1.6948;
8238473;z_jets;0.0124304;79306.2;1.3855;j,125946,98665.4,-0.720113,-0.69744;j,108658,55636.5,1.288,-2.84518;e-,25946.7,10557.2,-1.54816,-2.82221;m+,87410.4,83273.4,-0.313923,1.26104;m-,26696.9,15758.8,1.11892,-1.54418;
8244886;z_jets;0.0124304;18715.6;-0.311624;j,264939,257472,-0.227555,1.32374;j,118569,80402.9,0.89655,-1.35282;j,43082.1,25380.8,1.11096,0.140649;e-,117536,99642,0.590676,-2.2295;e-,79675.4,68502.6,0.56365,-2.17562;e+,39510.2,33495.9,0.590631,-2.22945;
8805324;z_jets;0.0124341;12863.8;-1.60369;j,139556,106195,-0.754879,-1.1267;j,78266.3,75163.2,-0.215734,-2.67754;j,291864,40610.8,-2.66019,-0.229393;j,490491,24850.4,3.67493,-0.138144;j,35660.9,24049.9,-0.941632,-1.80578;e-,177648,103615,-1.13371,2.20544;e+,81354.9,70694.1,-0.542506,1.43063;e-,23020.8,11477.4,-1.32028,2.16342;
8809471;z_jets;0.0124341;18823.3;-2.93168;j,116545,108195,-0.376418,-0.514322;j,163626,86747.2,1.24709,3.079;e+,52565.1,45654.6,0.543495,1.77824;e+,35061.9,30120,0.565286,-0.42462;e-,52061.4,25978.1,1.31929,1.47217;
8935511;z_jets;0.0124341;16447.3;-1.67466;j,702365,180777,-2.03232,1.49967;j,109411,87686.1,-0.679812,0.255732;j,97631.2,53305.3,1.20843,-3.12819;j,126780,39820.1,1.82204,2.1531;j,51991.4,36613,0.878467,-0.00557268;e-,211918,210429,-0.118892,-1.94742;m-,22400.6,22206.8,-0.131927,-1.48936;m+,17219.8,16934.8,-0.183092,-1.49431;
8989672;z_jets;0.0124341;6954.06;-2.32272;j,129457,102303,0.710532,-0.441699;j,94308.5,35095.9,-1.63529,2.25128;e-,162661,40788.2,2.06032,-2.61614;e+,40770,33163.5,0.664973,2.14891;e-,15892.5,12941.9,0.663054,2.14833;
9234547;z_jets;0.0124393;23770.8;-1.26453;j,44650.6,42891.2,0.0418998,0.382311;j,146161,42662.3,1.89932,-2.4142;j,213922,30854.3,2.62297,-2.946;j,208395,23812,2.85851,1.51332;e+,31062.3,13038,1.514,1.8512;m-,30841.2,30450.5,0.159985,-1.45902;m+,63276.3,27924.3,1.45847,1.81983;
9281980;z_jets;0.0124393;156247;-0.19101;j,534705,158137,1.88414,1.58097;j,1.64904e+06,88365.1,-3.61882,-2.19597;j,167959,75628.3,-1.4316,3.04983;j,158693,61659.6,-1.59798,-2.48192;j,35543.6,25212.5,0.842299,-1.25501;e-,20852.5,20598.4,-0.156936,0.583072;m+,178746,147309,-0.642212,-0.306903;m-,29295.6,28912.2,-0.162622,0.627456;
9846798;z_jets;0.0124353;81284.4;-1.76259;b,122927,35941.1,-1.89899,1.01349;j,369204,33135,3.10168,1.38008;j,268899,32747,-2.79446,-3.06962;j,387608,28967.9,3.28546,0.545603;e+,41542.1,12311.6,-1.8866,-2.01548;m+,139974,80015.8,-1.15834,-1.60954;m-,198715,36950.1,-2.3667,-2.54275;
9918796;z_jets;0.0124353;234373;-1.77153;j,435305,274835,1.03086,0.808755;j,359708,252239,0.885541,3.04265;j,106418,58768.8,-1.19095,0.534386;b,48759.9,42277.9,-0.530518,-0.761636;j,250585,27999.2,-2.88147,1.72571;j,25733,25141.8,0.0812025,-0.00571845;m+,498827,119899,-2.10399,-1.69687;m-,164153,42852.4,-2.0187,-1.75669;m+,154809,40187.4,-2.02449,-1.7582;
10065521;z_jets;0.0124326;4282.75;-2.01999;j,109828,58707.4,1.23246,-2.39069;j,214128,43406.6,2.27787,0.550138;e+,54816.1,54652.1,-0.0774338,-1.50715;e-,40331.2,40032.7,-0.122039,0.994284;e+,27074.2,14059.5,1.27295,2.09182;
10077638;z_jets;0.0124326;47479.3;-2.72774;j,261037,100675,1.60234,-0.0401197;e+,126771,21463.1,2.46195,2.52447;e-,93170.3,15774.6,2.46193,2.52454;m-,97054.9,16551.1,2.45462,2.52078;
10602994;z_jets;0.0124301;159693;1.15605;j,541157,166756,1.84522,-1.74586;j,151220,45886.4,-1.85974,2.62648;m-,194602,101548,1.26725,1.16425;m+,248586,40966.7,2.48932,0.975152;m-,28310,14759.3,1.26832,1.16777;
10624869;z_jets;0.0124301;72791.9;1.20403;j,100579,69508.1,-0.897471,-1.15961;j,33849,32843.1,0.227681,2.92667;e+,38413.6,25362.8,-0.975339,1.5231;m-,79456.9,54747.3,-0.917565,1.59453;m+,150027,31667.9,-2.23733,0.437397;
10657265;z_jets;0.0124301;6930.42;-3.03948;j,748078,205094,-1.96732,-2.5043;j,52307.4,41591.4,0.686823,-0.38973;e-,145404,142660,-0.195828,1.1099;e+,39464,35928.1,-0.440094,0.568559;e+,42624,27411.1,-1.01007,0.185146;
10661277;z_jets;0.0124301;124746;-1.3773;j,105685,82496.2,0.719297,2.03665;j,239991,71711.9,-1.87578,1.39013;j,170568,42960.8,-2.05465,-2.14297;j,95315.3,39202.7,-1.53421,0.478475;m-,192076,125292,-0.991397,-1.86737;m+,136321,23917.5,-2.42576,-1.24092;m+,20335.1,10651.8,1.26278,0.0067169;
10725578;z_jets;0.0124301;91540.9;-2.38161;j,181828,139517,-0.754701,0.698714;e+,80454.7,19848.1,-2.07716,-2.54366;e-,31826.8,15785.8,-1.32624,-2.52779;m-,13694.7,11651.1,-0.583906,-1.92;
10867416;z_jets;0.0124329;226805;-0.0242416;j,446083,208769,-1.39079,-3.05579;m+,559405,195621,-1.71176,0.0724415;m-,40464.5,27241.3,-0.949252,-0.331792;m+,43998.8,25851.8,-1.12465,-0.440904;
10934082;z_jets;0.0124329;88537.9;-1.86771;b,155983,154783,-0.0615692,2.13155;j,145722,108916,0.790111,-0.0314269;j,39063.7,24698.5,1.01829,-1.15132;m+,120613,76074.6,1.03524,-2.17875;m-,46896.4,27381.7,-1.13241,-2.01006;m-,46503.2,27272.4,1.12696,0.899795;
10950080;z_jets;0.0124329;66863.9;-1.64816;j,594239,256750,1.47966,0.521633;j,313913,199154,1.02482,-2.12798;e+,371360,197045,1.24764,3.09052;e+,263914,120914,-1.41652,0.878259;e-,23746,11428.6,-1.36073,0.851179;
11167461;z_jets;0.0124329;30947.2;1.69599;j,404819,74150.2,2.38144,2.88706;j,103011,50320.4,1.33559,-1.30096;j,144658,27391.7,2.34713,-0.935652;e+,188536,43561.8,2.14463,0.469558;e-,84145.4,19442.2,2.14462,0.469552;m+,198499,46295.3,2.13501,0.472003;
11320643;z_jets;0.0124319;26431;-2.48441;j,108016,102772,0.290565,-2.3151;j,91738.4,89227.9,-0.205104,-1.15794;j,266482,54146.8,2.27485,-2.53999;e+,181086,139825,0.750492,1.35787;e-,71250.2,70458.4,0.149784,0.751367;e+,26331.1,21212.9,0.681407,1.27738;
11335862;z_jets;0.0124319;94107.9;2.53242;b,324177,103480,-1.80711,-0.844758;e+,65642,10730.7,-2.49751,1.59111;m-,159186,64942.5,-1.54524,2.03803;m+,295473,58445.8,-2.3037,-2.98353;
11621101;z_jets;0.0124288;20969;2.60837;j,579250,161223,-1.95176,2.12593;j,150780,147083,0.213939,1.61107;j,44282.1,32476.4,-0.818414,-1.56035;j,25463.5,25043.5,0.0316882,3.07003;e-,101790,101122,0.114905,-0.963799;e+,94488.3,92907.7,0.184198,-0.936154;e+,74570.1,52136.7,0.897261,-1.2231;
11676881;z_jets;0.0124288;28554.7;-1.63811;j,260254,123629,1.37451,1.08554;j,54931.9,53602.5,-0.196837,-1.66789;j,49847,47768.8,0.210166,-1.11177;e+,141899,70817.7,1.3191,2.81333;e-,17773.1,13084.3,-0.823145,-2.8409;m-,26672.9,13534.9,1.29985,2.89912;
11837025;z_jets;0.0124326;72258.1;-2.51958;j,194603,82508.2,-1.50216,-0.40957;j,248480,45885.8,-2.37291,1.27023;m-,90169,53300.4,-1.11718,-2.10885;m+,213377,39306.3,-2.37623,2.84699;m-,36599.1,12499.8,-1.73693,3.11492;
11902371;z_jets;0.0124326;81204.5;2.28187;j,91947.5,91043.5,0.137039,-1.32489;j,215012,55484.8,-2.02972,2.57957;j,52228.6,43078.7,-0.621155,-0.207774;e+,24552,22463.4,-0.427956,-1.52193;e-,11049.4,10150.3,-0.417836,-1.51953;m+,14862.8,12781.2,0.563207,2.34289;g,119086,73335.7,1.06583,1.21996;
11979195;z_jets;0.0124326;5803.81;2.59883;j,153475,144001,-0.352394,-1.31826;j,330561,32009.5,-3.02534,2.22159;e+,64455.7,52202.3,-0.672432,2.16507;e-,52175,47082.1,-0.461034,0.620596;e+,38343.4,31022,-0.674194,2.1697;
12236871;z_jets;0.0124256;80616.3;-0.303258;j,104963,67344,-0.996919,2.67391;j,106517,38519.2,-1.67017,-2.94113;e+,17976.1,17903.5,0.0900559,0.103975;m+,186278,73771.6,-1.57767,-0.437978;m-,10828.2,10789.8,0.0837722,0.0961709;
12327176;z_jets;0.0124256;20339;-1.8492;j,57131,55671.6,-0.176923,1.30283;j,81889.9,37507.6,-1.41358,-1.31096;j,111014,26931.6,-2.0936,-1.15749;e+,29494.1,22315.8,0.782003,-2.99172;m-,37660.5,37583.5,0.0639316,-0.794583;m+,37371.3,28249.1,0.783445,-2.99578;
12420754;z_jets;0.0124364;137529;-0.909129;j,225774,198449,-0.509502,2.19971;j,147911,110093,0.805462,-1.03509;j,853816,81993.8,3.0338,1.68231;e-,386551,67027.4,2.43771,-1.85472;e-,33316.2,13718.6,1.53507,1.23546;e+,26925.5,11134.4,1.5304,1.23288;
12574658;z_jets;0.0124364;14733.5;1.51423;j,172075,124932,-0.827574,-1.87756;e+,102227,94527.4,0.400938,1.1641;e-,16533.4,16452.6,-0.0990653,0.929877;e-,18878.8,15605.5,-0.636871,-2.74735;
12893662;z_jets;0.0124294;14502.5;2.16166;j,114723,101579,-0.418128,1.2686;j,127853,56629,-1.45026,2.73766;e-,239203,111920,1.39281,-1.45696;e+,92532.1,20421.9,2.19169,-0.325373;e-,68840.2,15201.7,2.19111,-0.325792;
13120614;z_jets;0.0124294;7123.32;-0.793487;j,67850,57559.1,-0.579892,2.76871;j,65330.4,37459.5,1.14306,-0.606072;j,327988,23569.3,3.32482,0.178582;e-,33036.4,29134,0.511977,1.49013;e+,38631.3,27182.5,-0.888312,-2.1141;e-,20079.5,14538.5,-0.847473,-0.10495;
13165159;z_jets;0.0124294;68202.7;-2.1561;j,132517,90902.1,0.915603,1.56868;j,53865.5,41801.1,-0.711161,-0.576327;e-,43633.5,15938.1,1.6651,-1.32757;m-,303022,63800.7,2.23992,-2.8417;m+,64690.9,30809.3,1.3727,-1.17014;
13413435;z_jets;0.012427;70132.5;2.24694;b,421913,126296,1.87495,2.07504;e-,487485,144872,1.88371,-0.996955;e+,107334,32857.8,1.8526,-0.935681;e+,22275.6,10771.5,1.35536,1.6015;
13528272;z_jets;0.012427;34907.1;2.01898;j,133494,102626,-0.744392,-0.435515;j,116605,58431.8,-1.30933,-2.46521;j,134591,25711.2,2.338,0.315745;j,127043,24415,-2.33112,1.84193;e-,29419.4,27931.9,-0.324922,3.094;m-,71429.7,47011.8,-0.979576,1.54254;m+,45786.7,42938.9,-0.362214,3.12353;
13538763;z_jets;0.012427;25828.1;2.05722;j,402339,239412,1.10738,-1.49056;j,96308.2,62846.1,0.986097,0.839357;j,30386.8,26710.6,-0.494046,-2.81143;e+,604445,123459,2.27095,2.16962;e-,360025,79635.3,2.1894,1.31069;m+,73655.8,17685.4,2.10507,1.97723;
13546577;z_jets;0.012427;75569.6;1.34318;j,153696,123599,-0.680874,-0.233207;j,263434,94464.5,-1.68411,3.13095;j,48595,32511.5,0.946422,-1.33042;e-,22384,18702.1,-0.617624,-2.82941;m-,154184,63008.7,-1.54338,1.80466;m+,31231.1,31219.7,0.026731,0.627319;
13568135;z_jets;0.012427;146890;-1.23608;b,170874,157929,-0.391551,1.9791;e-,10375.8,10317.4,-0.106366,-0.0639135;m+,98179.8,96642.9,0.178098,-1.64535;m-,68239.2,64359.4,0.345501,-0.421084;
13669873;z_jets;0.0124335;11190.9;1.59842;b,329305,83943.8,-2.04194,0.235851;j,88067.5,36053.7,1.53786,2.20604;b,44416.3,28715.3,0.995689,1.76189;j,173955,26922.2,-2.55206,-1.24135;e+,107414,78773.6,-0.828811,-2.03442;e-,85517,41898.4,-1.34034,2.6604;e-,13512.6,11162.9,0.637958,-1.17328;
13817103;z_jets;0.0124335;5827.83;-2.45416;j,186453,70105.6,1.62694,-2.87273;j,55595.3,55007.5,0.00147102,1.5962;j,107044,52151.6,-1.34281,2.05483;j,52768.3,31467,-1.10052,-1.342;j,177370,31117.5,-2.42307,-0.981625;e+,53182.8,46151.6,-0.545215,-0.000652475;e-,44103.6,34268.9,0.740569,-0.879014;m-,33456.1,25875.2,0.747915,-0.870156;
13872949;z_jets;0.0124335;97834.4;2.46215;j,122953,76446.7,-1.0516,-0.41127;j,61223.4,59762.4,-0.165861,-0.823927;j,239090,24322.3,2.97553,-0.887112;e-,39072.6,30617.2,0.72707,2.68428;m+,38847.2,16568.6,1.49633,3.13749;m+,13378.5,12121.5,0.451488,1.644;
13941752;z_jets;0.0124273;15227.4;-0.32578;j,85306.6,42903.2,1.29811,-2.13228;j,105823,31060.6,1.89352,2.85341;j,145504,27206.1,2.3607,-1.98914;j,42833.4,26657.7,-1.04574,-2.95765;e-,128978,57643.2,1.44436,1.51422;e+,49720.9,36812,0.81474,-0.0574645;e+,29732.7,22025.8,0.813896,-0.0466709;
14346406;z_jets;0.0124376;91207.6;-2.45232;j,203596,106717,1.25886,-2.35958;e-,146994,143895,0.207181,0.811132;e+,24954.4,24912.5,0.058026,0.277871;e+,37261.9,16094.3,1.48237,1.52532;
14384613;z_jets;0.0124376;160552;-2.64746;j,120430,96351.6,-0.689424,0.320684;j,93694.3,86883.3,-0.367723,0.892802;m-,138149,126526,0.425425,-2.55688;m+,31115.2,23528.6,-0.782887,2.78432;m+,17324.6,16975.3,0.202429,-2.47814;
14518595;z_jets;0.012424;18506.3;-1.38827;j,80112.6,79532.4,-0.0291949,-1.20739;j,106896,57654.9,1.22542,-2.1619;j,271539,42096,2.55124,1.37677;e+,164052,63732.4,1.59857,1.84816;e-,99652.1,38834.4,1.59519,1.84647;e+,69871.7,22406.6,1.80369,0.75726;
14653060;z_jets;0.012424;12100.5;-0.660024;j,45956.9,45178.9,-0.00751291,1.94405;j,68047.9,30344,1.4439,-1.79384;j,37850.9,28150.7,0.784643,-0.650414;e+,38176,30305.8,-0.705936,0.06292;e-,28332.9,20535.5,0.845989,2.54351;e-,15847.1,12162.2,0.760007,3.05168;
14849328;z_jets;0.0124359;6874.51;2.26116;j,109793,82657.3,0.785615,1.82692;j,452018,78652.4,-2.43388,-1.89407;j,139740,31058.3,-2.18377,-0.952019;e-,61895.4,43877.6,-0.877787,0.688273;e+,30908.8,27281.8,-0.510103,-2.61415;e-,21611.2,10058.1,-1.39881,-0.157533;
14911430;z_jets;0.0124359;43572.3;-1.76591;j,100134,69699.7,0.89867,2.1174;j,113758,46665.6,-1.5392,0.0734555;j,266772,25818.3,3.02597,-0.267818;e+,39144.3,20823.6,-1.2446,2.84439;m-,53978.4,20247,-1.63653,-1.67278;m+,31401.8,12103.1,-1.60715,-1.68141;
14917646;z_jets;0.0124359;136073;2.36902;j,325968,145722,1.44247,-0.471123;j,133581,71365.7,1.23091,-1.49956;j,123250,33916.1,-1.96348,2.73829;m+,322184,95076.5,1.89107,1.94841;m-,197478,65320.7,1.77092,-3.13837;m+,17790,11459.3,1.00791,0.00841539;
14936822;z_jets;0.0124359;15740.2;-2.07969;j,65476.4,61507.2,-0.33,-0.0962708;b,49175.6,47818.8,0.202953,2.56607;e-,12176.5,10421.4,-0.572518,2.42824;m-,280805,46938.5,-2.47491,2.84445;m+,94339.1,36664.9,-1.59812,-0.600659;
15071010;z_jets;0.0124359;96491;-1.39736;j,203354,154732,0.766769,2.23615;j,71939.6,27182.9,-1.6236,-2.24264;j,574231,23512.1,-3.88813,0.472202;e-,112863,89412.1,0.709303,-0.0473034;m+,57068.9,53118.9,0.383293,-0.952461;m-,51325.4,47712.3,0.386749,-0.954988;
15140298;z_jets;0.0124306;35472.5;0.901111;b,232137,76696,1.77016,-2.32204;b,128699,30578,-2.11453,2.48298;e-,37373.1,37323.7,0.0514202,0.196821;m+,38400.1,38350.5,0.0508177,0.199206;m-,43467.6,26057.3,1.09973,2.2082;
15162640;z_jets;0.0124306;22100.9;0.681146;j,113955,72520.1,1.0235,0.763626;j,91512,65526,-0.856593,-2.23923;j,29773.6,28585.6,-0.236291,-3.111;e+,54504,17888.8,-1.77916,-1.74755;m+,76768.4,35753.3,-1.39804,1.55104;m-,113554,34927.2,-1.84762,-1.87997;
15165760;z_jets;0.0124306;20569.1;-2.37268;j,110749,93884.4,-0.572893,-0.818278;j,37587.4,30657.4,0.612605,2.3778;e+,124967,43393.7,1.71928,1.45032;e+,44339.6,22618.8,1.29373,-3.12897;e-,37052.6,17495.2,1.38248,2.96297;
15247703;z_jets;0.0124306;77075.8;-0.428383;j,98075.4,81777.9,0.607249,-2.67494;j,58129.6,51881.8,0.457129,0.980984;j,69199.4,40374.2,1.12978,2.20564;j,28609.4,27621.2,-0.266703,0.422505;e+,14466.3,13315.4,-0.412835,-1.87918;m+,90750.9,81050.2,-0.484506,-1.00385;m-,39746.9,23264.3,1.12938,-0.671585;
15279965;z_jets;0.0124306;8668.59;-1.23365;j,125202,64690.5,1.27697,-2.0477;j,593066,33987.6,3.55151,0.44743;j,51612.1,33555.1,0.980261,2.24366;j,32067,31276.7,0.0546948,-0.329519;e-,136569,48133.8,1.70338,0.926266;e+,93371.5,37426.6,1.56452,-3.07434;e-,47065.4,16636.7,1.70026,0.925178;
15765858;z_jets;0.0124366;15908.2;0.101409;j,98378.1,56900.2,1.13238,0.28888;b,137800,47800,-1.7197,2.41976;j,81148.4,30062.5,-1.64805,-0.753981;e-,474590,80485,2.46026,-2.6069;e+,18736.6,13199.7,0.886613,1.09147;e-,60940.7,10141.7,2.4794,-2.63125;
15820396;z_jets;0.0124366;52911;0.263559;j,574313,119862,-2.24854,-2.53054;b,347578,80324.7,2.14377,1.40412;j,114288,45997.9,-1.55537,0.309978;e-,242497,48743.8,2.2873,-1.92068;m+,121955,38424.2,1.82231,0.232143;m-,67139.5,13516.1,2.28575,-1.85259;
15940549;z_jets;0.0124366;148530;1.85391;j,178856,140811,0.705643,-1.77656;b,194246,106118,-1.20861,0.69213;b,213274,97780.5,-1.41442,-1.37563;b,39810.3,26139.7,0.968715,2.75497;m+,113842,107417,0.344172,1.32278;m+,111960,80431.4,0.85879,2.69502;m-,124141,52087.7,1.51439,1.22449;
16015964;z_jets;0.0124306;14893.5;-0.978487;j,447002,169834,-1.62202,0.407814;j,182968,120828,-0.973122,-1.28511;e-,107112,61297,-1.15701,2.63121;e-,87029.8,50240.4,-1.14637,2.61613;e+,23488.9,13438.3,-1.15735,2.63289;g,311621,101167,-1.7907,3.12077;
16408892;z_jets;0.0124302;21787.1;-1.20175;j,139884,122960,-0.514428,-0.57329;j,183880,64966.5,1.69866,1.51368;j,396848,27467.2,-3.36238,1.02395;e+,125247,95271.6,0.77381,2.95063;e-,30833.9,30764.3,-0.0672304,-1.94266;e+,19341.1,14648.6,0.78046,2.94794;
16619400;z_jets;0.0124334;82544.1;-1.2646;j,168996,99394.3,-1.12135,0.875148;j,47516.5,41671.6,0.513312,-3.12698;j,89023.7,30981.7,1.71114,2.6032;j,73698.2,29893.5,-1.54937,-2.79072;m-,116933,97373.9,0.623661,-1.02324;m+,20760,19923.8,-0.288675,2.79183;m-,18356.7,12766.4,-0.904637,0.0279801;
16854587;z_jets;0.0124334;55991;2.7419;j,207180,55747.6,1.98541,-1.14926;j,77738.4,52687.2,-0.934815,0.819844;e-,30023.5,15280.9,1.29637,3.0889;m+,36205.3,27958,-0.750364,2.49006;m-,51297.1,26108,1.29639,3.10484;
16883199;z_jets;0.0124334;25841.3;2.84547;j,181691,143872,-0.689112,-3.12984;e-,174068,173929,0.0399894,0.111919;e+,38055.1,29205.1,0.760068,1.21168;e+,13026,12375.2,0.322893,-1.33911;
17184114;z_jets;0.0124267;113505;-1.02077;b,213823,56468.3,-2.00312,2.13063;j,46137.1,43950.3,0.274156,2.40476;j,34599.5,31941.3,-0.352025,-2.66159;j,322379,28091.5,-3.13118,2.7648;e-,16152.4,16068.4,0.102218,0.0112578;m+,84406.9,79379.1,-0.354063,-1.30811;m-,49453.2,42067.1,0.584237,-0.549063;
17448755;z_jets;0.0124289;29659.6;2.23205;j,66763.4,58279.3,-0.490377,-0.862497;j,96446.8,48585.1,-1.3066,2.03474;j,143447,23674.9,2.48625,-0.157084;e+,45169.9,29203.3,1.00311,-3.04609;e-,32194.5,18707.6,-1.13831,0.141768;e+,17670.7,13806.9,0.731695,-2.65675;
17592969;z_jets;0.012429;64013.2;-0.903508;j,231441,201510,-0.532666,1.2522;b,175214,111840,1.00483,-2.20912;j,634966,50750,-3.21809,-2.6355;e-,29505.5,27380.3,-0.391502,-1.70305;m-,69862.5,59091.6,-0.594963,-0.0831838;m+,49652,44514.4,-0.475934,-1.37178;
17641396;z_jets;0.012429;100522;2.39587;j,79909.5,70041.2,0.492626,-2.5839;j,75582.9,65336.7,0.526325,-1.18807;j,201718,52283.1,-2.02595,0.531381;e-,73498.4,47830.9,0.994492,-0.413865;m+,110103,91153.6,0.634116,2.3001;m-,16310.4,13499.5,0.634588,2.29592;
17970681;z_jets;0.0124351;86077.1;0.431177;j,160698,53756.4,1.75736,-2.61281;j,75473.5,52047.9,0.908571,-2.45943;m-,61030.3,55533.8,0.441323,0.35921;m-,23157.1,20330.6,0.521357,0.395674;m+,27237,11505.8,-1.50692,2.63772;
17995700;z_jets;0.0124351;28978.1;0.49392;j,474670,171339,-1.67688,-2.27176;j,239085,97888.3,-1.53696,-0.887291;j,64541.1,62565.9,-0.244448,2.01022;j,289173,38392.9,-2.70765,3.12589;e-,304753,118291,-1.59951,1.23656;e+,165976,55183,-1.76548,0.373367;m-,45481,12812.9,-1.93952,1.46424;
18116134;z_jets;0.0124336;28105.4;0.0750362;j,160633,157275,-0.163698,-2.02583;j,509475,58666.2,-2.85048,-1.06646;e+,157201,156214,0.112312,1.61944;e-,35528.3,19474.8,1.209,0.522317;e+,19427.8,19301.6,0.114289,1.62063;
18169422;z_jets;0.0124336;54537.7;3.13732;j,243318,117267,-1.3562,-0.237047;e+,96195.3,44224.4,-1.41265,2.81686;e-,49727.2,22792.2,-1.41606,2.81787;m-,129597,57378.2,-1.45485,2.86083;
18171646;z_jets;0.0124336;32219.4;-2.53002;b,66547.9,64715.3,-0.198979,-2.4678;j,57460.4,48370.7,0.591386,-2.87298;j,38032.2,27582.8,0.823477,-0.896718;e+,144825,119957,-0.633267,0.448931;e-,23297.8,18540.2,-0.701895,1.94225;e+,30915.9,15461.5,-1.31669,1.37139;
18292666;z_jets;0.0124336;15785;0.985266;j,158959,123736,-0.735862,0.461922;e-,187819,112587,1.09977,-2.55327;e+,57399.2,29567.7,1.28237,2.39032;m-,23308.5,12641.3,1.22168,2.45403;
18384165;z_jets;0.0124336;28740.5;-0.104823;j,112495,99406.4,-0.494608,-0.218406;j,41417.1,41148.9,0.0930389,1.25355;e-,239710,114817,1.3662,2.87493;e+,34351.9,24749.2,0.854659,-1.98088;e+,16127.3,13646.4,0.594204,-2.47793;
18409500;z_jets;0.0124336;15048.9;-2.68429;j,101087,92060.5,-0.415363,-0.355319;j,44156.2,42953.5,-0.179353,-2.60274;e-,116332,39340.4,-1.74744,-3.04563;e-,33549.5,22980.7,-0.925655,1.64262;e+,27272.3,18680.9,-0.925659,1.64276;
18459244;z_jets;0.0124373;98704.1;1.17551;j,85421.1,84990.7,-0.0122631,-1.6962;j,37103.7,35674.8,0.270306,-3.07687;j,177041,30499.7,2.44249,-1.61357;m+,607415,105673,2.43436,0.514097;m-,72389.4,68715.3,-0.325565,1.6359;m+,40414.8,30479.3,0.786965,-2.7208;
18503849;z_jets;0.0124373;10752;2.48529;j,93606.5,92732.6,0.114224,-2.53015;j,95674.5,41986.3,1.46016,-2.45154;j,259236,37999.9,2.60746,0.420349;e-,110215,100787,0.42923,0.454666;e-,115781,30976.3,1.99323,1.59565;e+,23262.9,23227.6,0.0550934,-1.91324;
19246271;z_jets;0.0124376;30352;-1.99988;j,58206.5,57930.5,-0.0525714,-1.68221;j,109143,46539.4,-1.48858,1.03284;e+,43353.4,38792.7,0.480277,0.362044;e-,50154.5,32056.5,1.01807,2.82503;e-,25002.3,15199,1.08219,2.79258;
19566508;z_jets;0.0124291;5172.1;0.212915;b,210308,89539.1,-1.49654,-2.15827;j,128234,65895.4,-1.27744,1.46767;j,46436.9,30325.1,0.970062,-2.09732;e+,60841.5,35422,-1.13595,0.25871;e-,27986,26749.1,0.30295,2.30965;m+,38469.9,24489.3,-1.02329,0.577282;
19580422;z_jets;0.0124291;15692.7;-1.61067;j,246755,179561,0.834389,1.84287;j,98077.5,72580.2,0.782534,0.198712;j,739598,40278.9,3.6026,3.08443;e-,167238,166519,-0.0929019,-1.78612;e+,52318.2,50145.7,-0.293306,-0.769665;e-,27750.2,27400.1,-0.159682,0.163854;
19797132;z_jets;0.0124369;37187;-2.70179;j,277477,127513,-1.4026,-2.42681;e-,151926,135858,-0.481692,0.903278;e+,32843.6,22851.8,0.90404,0.25587;e+,45366,12792.4,-1.93856,-0.461706;
20305740;z_jets;0.012431;20899.7;-1.32603;j,445804,54674,2.78725,-0.874465;j,77999,46745.3,1.09949,2.61374;e+,52199.8,39564.1,0.779342,0.214193;e-,28773.7,28767.5,-0.0206616,2.78524;e-,18492.8,18491.8,-0.0106766,2.7982;
20349647;z_jets;0.012431;210358;-1.24695;j,455407,233731,-1.28404,2.02812;j,43933.5,43240.6,-0.0264009,0.488593;m+,165579,99788.7,-1.09306,-0.962951;m-,138277,99551.1,-0.855698,-1.8616;m+,48390.2,22778.6,-1.38595,-1.01128;
20562853;z_jets;0.0124315;36183;2.26977;j,185984,118201,1.02101,-0.900989;j,203204,55220.9,1.97702,2.71071;b,103502,46012.9,-1.44929,2.63834;e+,41915.8,22732.8,1.2217,0.916099;e-,29734.8,16131.9,1.2213,0.915975;e+,24127.9,14015.5,1.13873,0.896221;
20573877;z_jets;0.0124315;101779;-0.901136;j,207596,174890,-0.598319,2.65542;j,130648,112686,0.550366,0.556545;j,76293.5,49726,0.986691,-1.55298;m+,109858,107423,-0.212538,-0.740151;m-,23036.6,18353.1,0.700006,-2.9904;m+,11863.4,10308.1,0.542558,-2.41818;
20825037;z_jets;0.0124315;95175.5;-2.88494;j,115210,103330,0.466751,0.0577868;m-,118249,97721.8,-0.637322,2.84569;m+,31328.1,28907,0.406456,-1.97266;m+,18872,11627.7,1.06516,0.077385;
20841073;z_jets;0.0124312;20982.1;0.990242;j,77594.9,75861.3,-0.194935,-2.0329;j,55605.1,49361.6,-0.491951,-1.36611;e-,70254.8,54780,-0.734995,1.72541;m-,15644.3,12442.1,-0.702853,1.62415;m+,13073.4,10225.6,-0.729944,1.61026;g,168673,44334.6,-2.01161,0.935715;
21023343;z_jets;0.0124312;60282.6;2.31992;j,99293.2,70710.1,0.850114,-0.363154;b,39585.9,33875.8,-0.563574,-2.55944;m-,118632,57535.3,-1.35198,2.26263;m+,73642,36492,-1.32731,-0.170609;m-,13531,10023.2,-0.813912,2.81894;
21122771;z_jets;0.0124312;11898.3;1.93979;j,156937,79525.1,-1.29443,2.42063;j,293110,50983.8,-2.43386,1.96668;e-,63551.6,58966.5,-0.391845,-0.471886;e+,66234.7,46185.7,-0.900982,-1.74179;e-,15547.6,11358.7,-0.834393,-0.482257;g,35047.3,34731.3,-0.134797,-0.973829;
21635047;z_jets;0.0124307;16382.2;-1.5145;j,91975.3,64360.1,0.888809,-0.273589;j,523296,33723.5,3.43382,2.95656;j,40913.8,29180.5,0.863761,1.28078;e+,108281,65594.3,-1.08659,2.92874;e-,36873.6,14019.3,-1.62194,-0.0752854;e+,27543.6,10470,-1.62214,-0.077214;
21886760;z_jets;0.0124314;56759.3;-0.267726;j,662370,291848,-1.4591,2.19212;j,186863,169429,0.445275,-0.987074;e+,201719,53066.8,-2.01071,-1.59818;e-,76499.9,20124.7,-2.01072,-1.59817;m-,91157.3,20384.7,-2.17821,-1.67112;
21940197;z_jets;0.0124314;133894;0.0975024;j,237742,112014,1.38116,-3.09673;j,209023,30611,2.60789,3.12404;m+,282349,177618,1.03863,0.28937;m-,21865.7,21551.8,0.170377,-0.99259;m+,46249.7,14254.3,-1.8455,2.99419;
22261229;z_jets;0.012435;61662;0.431824;j,154605,154247,0.00968924,-2.08365;j,131589,73943.9,1.1754,1.83268;j,188698,52543.8,1.95092,0.397552;m+,267319,81001.9,1.86333,0.877056;m-,117398,25056.7,2.22599,-1.74116;m+,26709.4,10402.6,-1.59582,-0.0542621;
22513767;z_jets;0.0124287;18702.8;-1.10043;j,1.16362e+06,165190,2.63978,1.27859;j,129359,24773.9,2.33553,-2.28062;e-,56361.7,49533.3,-0.519226,2.13728;e+,21984.7,17294.5,0.720768,-1.66105;e+,14263.6,12003.9,0.604344,-1.4758;
22587353;z_jets;0.0124287;41974.8;1.57912;j,128134,52307.8,-1.54108,2.14979;j,55829,30096.5,-1.21451,-1.82328;j,753814,28972.3,3.95156,-0.521538;m-,52437.6,49766.9,0.326154,-2.81035;m+,53830.1,47544.5,0.508698,1.20827;m+,13777.5,13155.7,-0.306167,-0.143222;
22736409;z_jets;0.0124302;48910;1.1002;j,193221,192567,-0.0349824,2.79868;j,244585,192402,0.691151,-0.599208;j,643038,65829.2,2.9693,-3.10659;j,63873.2,57268.9,-0.470416,-0.367906;j,684178,46144.1,3.38839,-1.61414;j,227337,31127.4,2.67635,0.252437;j,128754,30822.1,-2.1064,1.21431;j,260764,24685.5,-3.04803,-2.93098;e-,35418.1,35366.9,-0.0538017,1.87509;e+,11293.1,11276.9,-0.0535719,1.87439;m+,75660,75506.9,-0.0636477,1.87897;
22756225;z_jets;0.0124302;73338.7;2.18702;j,219352,198062,-0.441859,-0.72435;j,114420,110189,-0.191136,2.49861;j,35028.8,34121.3,-0.127699,-2.96734;e-,22292.7,21806.1,0.210865,0.536419;m-,89495.9,55361.1,1.06014,2.59187;m+,39757.3,39435.7,-0.127592,0.864545;
23124927;z_jets;0.0124332;92439.8;-2.74988;j,184459,153360,0.600312,0.433873;e-,50372.5,42911,0.581489,-2.61009;m+,116372,99048.7,0.583129,-2.60952;m-,48344.2,27700.6,1.15549,2.238;
23167400;z_jets;0.0124332;23897.8;-1.12014;j,975902,242547,-2.06915,-2.38301;j,195233,176473,0.442371,0.720813;j,676459,31636.2,-3.75507,-0.393053;j,54998,24213.2,-1.45555,1.09097;e+,92566.6,42191.7,1.42233,1.72458;e-,39734.7,39333.3,-0.142741,1.71945;e+,26444.5,26413.9,-0.0481065,1.58364;
23281300;z_jets;0.0124254;42470.7;-1.37894;j,198115,90506.3,-1.41489,-0.883984;j,134985,88297.6,-0.98034,2.13877;b,54997.7,52722.3,-0.224504,2.34298;j,142851,36222.1,-2.0464,0.64451;e-,11736.8,11730.1,-0.0338329,-1.71627;m+,63807.3,63048.4,-0.154993,-1.85266;m-,44483.9,43479.6,-0.21451,-0.0375094;
23468700;z_jets;0.0124254;22643.5;-0.338533;j,183708,153974,0.580567,0.0305602;e-,603341,110002,-2.38672,3.01903;e-,375896,67269.8,-2.40564,3.0455;e+,86716.7,20916.2,-2.1004,-1.61747;
23505749;z_jets;0.0124254;29412.7;2.55715;j,63645.7,36727.4,-1.12062,2.45888;j,74906.5,36569.4,-1.3407,-2.34532;j,223945,32948,-2.60331,-0.45085;e+,126638,60177.2,1.37525,0.38624;e-,111091,35246.4,1.81496,-2.0255;m-,22342.7,21010.1,0.354267,1.8361;
23534116;z_jets;0.0124254;34565.2;2.08676;b,68730.6,67594.5,-0.101867,-0.935962;j,91059.7,33107.3,-1.66503,2.01773;e-,62113.9,49644.6,0.694709,-0.032251;e+,36070.5,36015.5,-0.0552285,-2.98083;m-,13271.7,11542.3,0.540735,2.80141;
23656218;z_jets;0.0124316;11805.8;-3.12516;j,224809,78874.1,1.70562,0.207435;j,130163,68020,-1.26133,-2.5373;j,48929.3,40843,0.599612,-1.81748;j,122986,36799.7,-1.87507,-0.675134;e-,58613.6,58605.5,-0.0166007,1.25492;e+,52722.4,30384,1.14844,2.74531;m-,22115,22109.3,-0.0220973,1.28832;
23709860;z_jets;0.0124316;98910.8;-3.13224;j,136791,129816,-0.32067,0.119901;e+,22125.8,22103.5,0.044946,-2.3517;m+,67604.9,67600.5,-0.0113163,2.96379;m-,81609.9,50102.8,1.06973,-3.03023;
23722231;z_jets;0.0124316;33501;1.94288;j,159368,75009.8,-1.37445,-0.944224;j,37518.1,35253,0.343992,1.09194;e-,30398.3,19431.1,1.01794,-2.95379;e+,22735.2,14536.1,1.01764,-2.95361;m-,47330.8,30167.7,-1.02168,2.41615;
24134778;z_jets;0.0124317;5535.71;2.73664;j,221199,134163,1.0819,2.33054;e-,118876,107362,0.459074,-0.888168;e+,58232.6,16204.6,1.95235,-0.42455;e-,36803.3,10226.4,1.95388,-0.422588;
24241638;z_jets;0.0124326;17127.5;-0.308953;j,197434,75489.4,-1.61228,-1.7435;j,71251.1,70978.5,0.0116068,-1.31259;j,373803,23826.4,-3.44487,-1.64165;e+,163150,98282.3,-1.0936,2.11391;e-,81288.1,57042.1,-0.892133,1.16112;e-,56241.1,39562,-0.888714,1.17437;
24247045;z_jets;0.0124326;22579;-1.98927;j,134723,109376,-0.667725,2.02301;j,514173,51861.5,-2.98423,-0.982791;j,78733.8,31454.3,-1.56639,-0.321956;e-,34038.3,27856.6,0.65446,-1.86076;m-,59420.7,48446.5,0.660983,-1.84313;m+,26447.5,25471.8,0.275877,1.14361;
24521135;z_jets;0.0124402;85449.7;0.437048;j,106202,101903,0.0176628,2.95635;j,377453,43460.9,2.85077,-1.94721;e+,28479.1,14490.2,-1.29675,0.0358126;m+,90074,45044.6,-1.31676,0.0579706;m-,35806.9,33481.2,0.370595,0.0611796;
24558753;z_jets;0.0124402;101198;2.64395;b,352546,146044,1.52757,-0.16288;b,51803.8,35252.1,-0.912358,-2.3266;e-,21417.6,19301.4,0.464099,3.02759;m+,101000,90146.3,0.485922,3.03232;m-,39705.7,37166.3,0.367573,1.55729;
24810995;z_jets;0.0124333;19174.1;-1.37355;j,96205.4,85023,-0.485044,1.89967;j,207782,63879,1.84317,-1.74714;e+,95347.8,52807.8,-1.19662,1.20272;e+,19185.7,16696.9,-0.539435,-1.52037;e-,15492,13483.3,-0.539282,-1.52035;
24842759;z_jets;0.0124333;71759.6;2.84198;j,189048,111329,-1.11993,-0.0629528;j,60234.7,43145.8,-0.841672,-3.07373;m-,75044.8,54352.2,-0.847046,2.00553;m+,29313.9,29301.4,-0.0289817,-2.43424;m-,15938.5,15906.6,-0.0629808,-2.39716;
25212589;z_jets;0.0124342;22025.4;1.23572;j,183492,71762.7,1.59066,2.2305;j,323086,51511.5,2.52268,0.42809;j,49879,41140.7,-0.640715,-1.90156;e-,66979.6,44393.9,0.970213,-1.5679;e-,17505.4,11398.3,0.993772,-1.62859;e+,15617.4,10165.4,0.994236,-1.62821;
25462030;z_jets;0.0124294;135970;-0.42226;j,477026,180557,1.62419,2.23788;j,992894,54569,3.59342,-1.57155;b,65833.3,45557.8,0.895909,-0.383156;j,298062,38270.9,2.74074,-2.45581;m-,91069.7,82873.4,-0.441161,-0.911121;m+,61102.8,60104.6,0.181987,-0.0805361;m+,63119.9,15836.2,-2.05976,-3.12939;
25559537;z_jets;0.0124294;10357.6;-2.87525;j,169318,160908,-0.316226,-0.314861;j,58774,53368.6,0.443907,2.00013;e+,73531.9,43564.4,-1.11438,-2.43516;e-,42428.9,42152.6,-0.114434,2.65153;e+,30337.6,30130.2,-0.117279,2.6509;
25593029;z_jets;0.0124294;22329.9;-2.87728;j,144344,51097.5,-1.6971,-1.51483;j,38716.9,35714.9,-0.392911,1.50548;j,126849,26982,2.22844,0.787934;m+,43384.1,34818.5,0.687797,1.50121;m-,183889,31826,2.43962,-2.00334;m+,38392.8,11196.9,1.9034,-2.36049;
25614873;z_jets;0.0124294;23658.1;0.798826;b,101317,63550.3,-1.03505,2.99107;j,51635.3,51615.7,-0.0275536,-1.31754;j,66313.8,43784.5,-0.949936,0.433039;m+,97660.7,90279.7,0.401662,-0.234533;m+,239207,58914.4,-2.07887,-3.0245;m-,48474.4,34229.6,0.88331,-2.01388;
25628360;z_jets;0.0124294;12405;-0.0985438;j,47946.4,44706.3,-0.278946,-0.396451;j,82920.5,31834.9,-1.60859,0.314024;j,43403.3,27199,-1.042,-1.0989;e-,59193.4,52746.5,-0.489515,2.79647;e-,29139.7,26352.5,-0.455967,2.85541;e+,17106.5,15485.3,-0.453684,2.8545;
25734620;z_jets;0.0124349;15232.8;0.810623;j,373887,166224,1.44491,0.141426;j,135177,80181.4,1.11,2.5362;j,131553,68071.2,-1.27062,-2.82931;j,315699,59639.2,2.34946,0.328293;j,260810,45644.4,-2.42773,0.383428;j,968550,25716.4,4.32163,1.88253;e-,286998,130938,1.42126,-2.71263;e+,87295.7,44330.8,1.29898,-1.43719;e-,97616.2,16577.1,2.45888,-2.91739;
25868963;z_jets;0.0124349;5731.31;-0.0811595;j,198171,119249,1.09023,2.5759;j,275126,90996.5,-1.76966,-2.3326;e+,178278,139082,-0.734162,-0.0897623;e-,24635.9,23546.3,-0.303058,0.766584;e-,11025.4,10328.5,-0.365293,-1.72841;
25907605;z_jets;0.0124349;22171;-3.13018;j,107934,105539,-0.163798,0.0840701;j,26078.8,24176.1,-0.342014,-1.96136;e+,75944.2,42400.1,-1.18697,2.69043;e-,37119.7,34671.4,0.373625,-2.9764;m+,27106.2,13757.9,-1.29959,2.8203;
26022220;z_jets;0.0124306;16189.6;0.0921449;b,126663,78036.7,1.05808,-2.28611;j,55999.6,50656,0.361795,1.42863;m-,63978.4,63773.6,-0.0800997,-1.86489;m-,51273.5,36687,-0.864549,0.301218;m+,36880.6,30361.4,-0.644115,1.51656;
26113216;z_jets;0.0124306;7554.43;-0.965045;j,376282,92891.6,2.07606,2.84626;j,47838.6,40093.1,-0.607725,2.80748;j,724632,27586,3.96111,-1.80693;e+,77971.9,77926,0.0342985,-0.696801;e-,80804.2,63384.6,-0.725374,0.147243;e-,16448.3,12645.8,-0.757268,0.142814;
26174058;z_jets;0.0124306;54752.2;-0.903054;j,236525,174542,-0.811893,2.02858;j,155094,66700.6,1.48156,-1.98296;e-,53539.2,31901.5,1.10726,-0.438181;m-,37791.2,28203.8,-0.802805,-0.789473;m+,25138.2,15562.4,1.05912,-0.485231;
26251297;z_jets;0.0124306;84826.4;-2.57891;j,217270,124990,-1.14724,0.953522;j,48848.1,30021.4,1.05724,-1.37719;j,148689,26473.7,2.40976,-1.36038;m-,94424.3,91643.4,-0.245732,-2.6799;m-,21638.1,15222.6,-0.888553,2.18056;m+,13300.6,13298.3,-0.0169841,-0.637918;
26415177;z_jets;0.0124278;23332.4;1.74575;j,247998,67163.3,-1.9797,-1.00833;j,68774.8,63455,-0.293032,1.65709;e+,22600.3,20568.2,0.44094,-2.04627;m+,45665.5,43401.9,-0.321576,3.04419;m-,50897.1,33407.7,-0.983162,-0.387694;
26604149;z_jets;0.0124293;30930.3;2.10295;b,184382,62774,-1.73836,-2.4313;j,158628,38110.4,-2.10021,1.36532;j,63425.5,32443.9,-1.28413,1.02925;j,307007,27821.1,-3.09184,-1.19129;e+,69507.3,69188.9,-0.0958965,0.595235;e-,31559.8,31541.1,-0.0344338,-2.97585;e-,22001.9,11453,1.27013,-0.553878;
26608798;z_jets;0.0124293;100084;-0.445896;j,125038,121023,-0.22893,2.7447;e+,43877.9,10975.4,-2.06288,-0.683556;m-,451026,111396,-2.07597,-0.609994;m+,45215.9,18551,-1.53905,1.81219;
26660679;z_jets;0.0124293;3214.03;-1.13281;j,75448.1,67346.9,0.478485,-1.9399;j,155883,41894.9,-1.98552,0.0259511;j,38421.7,31292.5,0.636256,0.657808;e+,63493.6,62477.6,-0.180093,3.04517;e+,15826.9,15796.5,-0.0619878,0.281614;e-,15757.4,15458,-0.196526,0.257204;g,27457.2,27371.2,-0.0792655,1.39098;
26933683;z_jets;0.0124361;15457.5;1.61994;j,131077,112039,-0.558903,0.486633;j,100935,99181.5,-0.121508,-2.91238;j,103070,43353.2,1.50367,-1.64808;e-,14530.7,13404.7,-0.40707,-0.218049;m-,45654.2,35550.9,-0.737104,3.03716;m+,27943.4,22491.4,-0.682917,2.96746;
27114043;z_jets;0.0124361;32756.3;-0.204829;j,544174,91193.4,-2.47182,-2.69596;j,55698.7,54896.7,-0.0914662,1.55582;e+,133280,40619.7,-1.85727,0.203642;e-,33277.1,10135.9,-1.85788,0.21043;m+,98847.8,30634.2,-1.83968,0.200267;
27140294;z_jets;0.0124361;126143;-2.36946;j,240143,150514,1.04209,0.809359;e-,87280.6,21550.8,2.07626,-1.67369;m-,208303,106643,1.28954,-2.52296;m+,142641,34313.6,2.10315,-1.68374;
27185343;z_jets;0.0124329;53552.8;-0.914427;j,132106,126205,-0.226378,1.48441;j,93891.2,64505.8,0.911988,-0.895485;j,30067.6,24035.1,-0.634092,-1.59749;e-,90702.5,89624.4,-0.154953,-2.26302;e+,45696.9,44201.9,0.259353,2.47227;m+,31296.7,28759.4,-0.417015,3.0938;
27331944;z_jets;0.0124329;43128.6;2.37146;j,565319,158985,1.94076,-0.2353;j,604452,126881,2.2428,-2.81985;e-,221487,44346.9,2.29129,2.30667;e+,93440.8,29976.7,1.80327,0.440584;m-,62647.5,12521.8,2.29306,2.34463;
27356468;z_jets;0.0124329;56231;-2.49438;j,98658.9,71601.3,0.831599,0.647525;j,95092.5,52234.7,-1.20431,1.23493;j,430697,49848.9,-2.84592,-1.7722;e+,40958.1,10722.9,-2.01572,-1.69643;m-,127101,67180.1,-1.2522,-1.7581;m+,53613,37388.7,-0.900825,2.37691;
27549455;z_jets;0.0124345;25432.8;-1.58695;j,64648.1,60136.6,0.2319,0.779621;j,169486,45121.3,-1.99783,-2.94813;m+,75474.4,53553.9,-0.876459,-0.936242;m-,54069.2,37077.4,-0.92413,2.212;m-,23253.4,18305.2,-0.719632,-2.19223;
27732010;z_jets;0.0124345;79463.8;2.84337;j,272146,179664,-0.970073,0.10269;e+,100272,58103.7,-1.14175,2.87539;e-,36989.7,21433.2,-1.14179,2.87538;m+,140154,81328.7,-1.14,2.87615;
27744999;z_jets;0.0124345;11543.5;1.86638;j,278975,78652.4,1.93762,1.83513;j,75255.9,71631,0.0878504,-2.14708;j,137912,24281.2,2.42118,-3.01781;j,27409.7,24252.8,-0.479555,2.4357;e+,74149.7,52850.4,-0.870081,-0.376449;e-,31980.2,22794.5,-0.870049,-0.376469;e+,15398.7,11029.8,-0.863018,-0.375675;
27755469;z_jets;0.0124345;15034;1.85225;j,319463,142655,1.44328,-2.52896;j,273516,137340,1.30679,1.01181;j,254582,29267.5,2.85282,1.22911;j,129348,26002.5,2.28686,1.73097;e+,121051,49343.1,1.54617,-1.00892;e-,57251.5,22513.7,1.58536,-1.04468;e-,47182.7,19353.1,1.53933,-1.01299;
27821459;z_jets;0.0124269;93101.5;-2.725;j,106067,64660.7,1.07579,-0.366552;j,56924.8,42277.3,0.795728,1.46495;m-,179167,86228.7,1.36076,3.09884;m+,80126,19014.5,2.11716,-1.66195;m+,39987.8,11794.8,1.89157,-1.24348;
28184991;z_jets;0.0124336;126635;1.73493;j,135519,98723.8,-0.813367,-1.24714;j,697957,49826.6,-3.33137,0.164547;j,1.02905e+06,23439.6,4.47498,2.66857;m-,254659,98971.8,-1.59814,1.22896;m+,151673,74082.8,-1.34387,2.32609;m-,27459.6,14076.9,1.288,-0.125162;
28190462;z_jets;0.0124336;40637.1;1.45227;j,120761,110193,0.408263,-1.02257;j,54506.2,52484.7,-0.261866,1.44727;j,578092,34015.3,3.52513,2.92585;e-,77553.1,49453.8,-1.02108,-2.32776;e+,38881.5,17552.4,-1.43312,1.89527;m-,63169.7,29898.3,-1.37977,1.84115;
28821915;z_jets;0.012432;208738;1.82924;j,135750,123462,0.428805,-0.839585;j,106455,100873,-0.274713,-1.5538;e-,11813.6,10662.2,0.460647,-2.17035;m-,232457,204533,0.516774,1.97209;m+,42816,38289.2,0.481591,0.897398;
29576265;z_jets;0.0124288;36408.6;-0.994683;j,871850,176767,2.27785,2.33959;j,966258,128986,2.7021,-0.516854;e-,58231.1,53994,-0.393617,-0.222474;e+,45784.1,42249.5,-0.406248,-2.82232;m+,208934,54056,2.02798,-0.728508;
29607364;z_jets;0.0124367;43113.2;-1.63878;b,155560,62845.7,1.55117,2.20401;j,28999.6,28265.3,0.193436,-0.87916;j,58666.9,23431.2,1.56319,0.857097;m-,82336.4,42267.9,1.28638,-1.55755;m+,30906.9,14886.9,1.35982,-1.32595;m-,21178.5,12074.5,1.16157,-1.06727;
29676888;z_jets;0.0124367;80266.6;-1.21661;j,250250,229428,0.41639,2.38054;j,144693,130039,-0.464126,-0.761106;e+,93065.6,36931.7,-1.57546,-0.0997706;m+,117658,88608.6,-0.789112,-1.16261;m-,37828.9,14627.6,-1.60364,-0.0775274;
29685045;z_jets;0.0124367;53269.8;3.11198;j,101262,80612,0.694344,0.441276;j,109920,52315.1,-1.37128,-0.680548;j,115136,24447.1,2.23011,2.91094;e-,39710.2,26560.7,-0.958006,-2.60609;e+,25672.1,17232.7,-0.953181,-2.60603;m-,76174.5,52519.1,-0.916685,-2.62816;
29813174;z_jets;0.0124367;23639;-2.31272;b,101739,58197.4,1.14403,-1.91481;j,49511.6,44825.2,-0.448896,0.989259;j,50352.8,25077.7,1.31587,1.8323;e+,18050.1,11671.5,-1.00291,-0.601981;m-,84713.7,44906.7,-1.24876,-2.27713;m+,27667.7,24653.2,0.489597,0.279305;
29815828;z_jets;0.0124367;160394;0.248312;b,949954,146638,-2.55505,-2.968;m-,120350,111792,0.388833,-0.139021;m+,53957,52756.5,-0.212926,0.949614;m+,14829.3,10570.4,-0.869937,0.790346;
29938434;z_jets;0.0124301;124702;-2.23161;j,280118,108971,1.59616,1.41694;j,52667.1,42326.4,0.645237,0.0120409;m+,274431,59636.8,2.20755,-2.95899;m-,88809.1,44792.8,1.30689,-1.78358;m-,28648.5,14508.6,1.30215,-1.75716;
29958242;z_jets;0.0124301;51774.4;2.40154;j,191251,71090.6,1.6453,-0.142077;j,30293.6,29815,-0.0225925,-1.77773;m-,127000,57579.4,1.4283,2.58431;m+,25121.5,19608.8,0.733296,-1.87401;m-,18665,14287.2,0.764085,-1.88483;
29969732;z_jets;0.0124301;16564.6;1.62066;b,167718,166850,-0.0914534,1.07816;j,227119,51148.9,-2.17079,-2.21942;j,109805,34437.6,-1.82637,2.03951;e-,112508,112392,-0.0453462,-1.91623;e+,75840.7,46745.3,1.06472,-1.45502;e+,13844.3,10431,0.788404,-2.4163;
30285169;z_jets;0.0124308;33093.4;3.00532;b,135809,94989.4,-0.866069,-3.0488;j,322648,46142.8,-2.63207,1.53611;e-,110869,67494.3,-1.08039,-0.357534;e+,54123.1,53919.5,0.0868841,-0.389864;e-,17835.9,17768.8,0.0868835,-0.389843;
30371712;z_jets;0.0124308;81771.1;1.25666;j,107009,104692,-0.110217,-1.68253;j,34474.3,31059.4,-0.442031,1.75731;m+,103440,72048.2,-0.902541,1.01645;m-,37965.2,14081.7,-1.64862,2.94608;m+,12985.3,11757.4,0.453055,2.37238;
30385055;z_jets;0.0124308;54622.3;-3.13212;j,347376,88025.5,2.04872,-0.287767;j,208253,33834.7,2.50254,2.00971;e-,15271.3,15181.3,0.108822,-1.82874;m+,60902,53379.4,0.524851,2.44273;m-,34556.1,34350.6,0.109297,-1.91173;
30555353;z_jets;0.012431;36486.7;1.73847;b,70975.3,43563,-1.05543,-0.0593415;j,275341,31839.4,2.84632,-1.35899;j,34282.1,31262.3,0.401173,1.88441;e+,41166.3,37006.3,-0.469826,-2.97858;e-,46208,18673.1,1.55563,-2.05152;e-,24902.7,15293.5,1.06932,-1.69386;
30556913;z_jets;0.012431;25554.2;1.10192;j,159588,101564,-1.01735,-0.418003;j,121031,84735.4,0.882861,1.895;j,76432.4,68083.2,0.467932,2.39847;e+,74502.1,52796.1,0.878281,-0.807615;e+,26408.8,26133,-0.14517,-2.35273;e-,22039.6,21808.9,-0.145327,-2.35218;
30636291;z_jets;0.012431;65833.4;-1.05758;j,100390,61995.7,-1.05872,2.16956;j,41726.4,40535.6,0.19294,2.89877;j,75105.1,40009.2,-1.24241,0.191146;m-,45775.5,20497.8,-1.4422,-0.584356;m-,15309.4,14034.4,-0.423029,-1.75244;m+,25485.2,11259,-1.45725,-0.691277;
30672381;z_jets;0.012431;111059;1.25379;j,586462,88234,-2.58143,-2.42621;b,321232,47415.9,2.60048,-1.57075;b,133563,32852.1,-2.07973,0.298865;j,337529,23729.1,3.34661,-1.97225;m-,82176.6,74900.5,0.437286,1.65823;m+,69199.7,24635.7,1.69264,0.269573;m+,17263.7,15872.3,0.415668,1.68739;
30904563;z_jets;0.0124341;21350.7;3.01783;j,61933.2,57932.4,0.283825,-0.269247;j,61332.4,26914.6,-1.4549,-2.88673;b,34960.9,26752.5,-0.73447,2.56352;e-,69536,55336.5,-0.701889,0.618513;e+,30720.3,23481.9,0.766295,-2.28203;m-,12538.7,11575.7,-0.405027,-2.43816;
31254083;z_jets;0.0124318;116313;-0.660163;b,121131,117474,-0.160329,2.56703;e+,65450.3,15894.1,2.09341,0.248764;m-,92796.7,92398.1,-0.0928491,-0.792451;m+,93017.4,55674.6,1.10166,-0.44666;
31714088;z_jets;0.0124286;17503.4;2.78774;b,100725,39219.4,-1.59307,2.4913;j,36733.9,35932.3,-0.00357765,0.908066;j,26487.9,26014.3,0.169773,1.57734;e+,105182,90462.7,0.562989,-0.906771;e-,38844.1,37927.2,-0.219443,-2.34901;m-,33744,17019.8,1.30687,-2.46667;
31943170;z_jets;0.0124299;73415.2;2.26155;j,53590.4,42583.9,-0.698063,0.0430359;j,101310,41627.1,-1.53676,-0.502454;j,40953.1,27919.3,0.914575,-1.9181;m+,89386.3,53205.4,-1.10857,1.39831;m+,30509,29280.7,-0.288623,3.01507;m-,24117.7,23299.6,-0.264191,3.06979;
32257041;z_jets;0.0124344;64045;-0.0266467;j,435170,41434.5,3.04204,2.44973;j,40865.3,35413.6,0.536399,-1.54458;j,207604,31167.6,2.58322,1.51674;e+,18214.4,15795.1,-0.546641,-1.68655;m-,70844.9,70088.8,-0.146752,0.513293;m+,19954.3,17326.3,-0.544013,-1.66874;
32575582;z_jets;0.0124293;19221.2;-1.95826;j,110065,107349,0.136754,-0.316663;j,75431.9,75096.8,-0.00603005,1.11481;j,344546,22807.1,-3.40709,0.0621931;e+,89144.2,87069,-0.217899,2.71401;e-,70924.3,70714.2,-0.077067,-2.53961;m+,25406.5,23913.6,-0.351513,-2.60052;
32762359;z_jets;0.012432;44189.5;1.96313;j,941932,68611.6,3.31092,-0.577433;b,75292.9,51473.7,-0.922308,0.876301;j,390515,50627.4,-2.73173,-0.540388;j,38906.8,35327.4,0.392017,2.31392;j,335324,28066.1,3.1717,0.905333;e-,134101,100975,0.789368,-3.12142;e+,62229.9,38994.6,1.04365,-1.5477;m+,47987.7,10041.8,2.2462,-3.12702;
32797406;z_jets;0.012432;111637;1.37993;j,370444,71958.3,2.32183,-1.81622;j,70424.2,69735.5,-0.107165,-1.29623;j,130969,43607.1,1.76188,-1.57403;b,116873,42066.3,-1.67922,2.47802;j,794393,35481,-3.80117,0.755928;m+,68758.8,68216.6,0.125986,0.432742;m-,65674.5,56365.9,0.567078,1.97783;m-,63475.2,10787.9,2.45807,1.97748;
32799316;z_jets;0.012432;33784.9;0.741075;j,159601,129824,0.647548,-1.47956;j,251244,88372.7,-1.70398,2.99934;e-,75680.7,70109.9,-0.396051,0.612236;e+,46026.7,45978.6,-0.0457297,2.10973;m-,13817.1,13782.3,-0.0706928,0.919915;
33213280;z_jets;0.0124336;91892.4;-2.13116;j,559147,102040,2.38531,0.847389;e-,78829.6,27155.8,1.72776,-2.63523;m-,194994,78785,1.55583,-1.46338;m+,150373,44531.3,1.88739,-3.12602;
33339890;z_jets;0.0124362;25005.6;1.2463;j,66405.1,62004.6,0.368056,-0.33627;j,155683,53388.6,1.7284,-1.00778;j,220110,51769.9,2.12522,2.91728;j,36445.7,31444.5,-0.526985,1.88743;e+,80960.7,36932.1,-1.4214,-2.95636;e-,22830.4,10422.5,-1.42055,-2.95705;m+,47240.3,21330.9,-1.43285,-2.95446;
33919355;z_jets;0.0124259;24548.7;0.861984;j,130413,80835,1.05651,0.213442;j,503095,80345.5,2.52054,-2.51554;b,69305.2,63916.3,-0.379316,-0.774222;j,1.01668e+06,52374.3,3.65829,2.11529;e+,37764.9,37147.7,-0.182045,-3.13823;m-,193681,87538.7,1.43178,-0.295538;m+,60651,27779.4,1.41686,2.02623;
34263828;z_jets;0.0124262;11919.1;-0.780957;j,203856,98518.9,1.35446,3.04754;j,71122.4,52747.5,-0.801708,0.306285;e+,37015.3,24654.5,0.963642,-1.081;e-,22436.9,14944.1,0.963669,-1.08116;m+,20088.4,10482.6,1.26725,-0.441188;
34474012;z_jets;0.0124265;10689.8;-3.12773;j,335982,124989,1.64411,0.0565332;e+,43928.8,37609.6,0.571863,2.34994;e+,68754.2,30080.8,1.46809,-2.52107;e-,30372.7,13291.1,1.46787,-2.52086;
34676681;z_jets;0.0124265;142841;-0.564472;j,210942,160192,0.772336,2.53195;e-,12799.2,12797.1,0.0181709,-0.198492;m-,128741,128706,0.0230951,-0.193637;m+,39922.6,39033.5,-0.213022,-1.44132;
34987128;z_jets;0.012432;131322;1.49596;j,204547,125553,1.0672,-1.75651;m+,279678,99687.4,1.69136,1.71222;m-,86327.6,41668.4,1.35744,0.272699;m-,21772.3,10004.3,1.41322,1.50933;
35403666;z_jets;0.0124267;90842.8;-1.81928;j,432548,176213,-1.54606,1.48004;j,50927.2,40472.9,-0.702033,-1.39137;e-,89241.9,27623.1,-1.84098,-1.6432;e+,60021.7,18575.7,-1.84115,-1.64392;m-,290943,89026.8,-1.85306,-1.64652;
35552623;z_jets;0.0124267;30447.1;0.0186116;j,92488.4,73120.2,0.695494,2.07196;j,95265.7,64918.4,-0.921429,-1.44625;m-,47484,32461,0.928378,0.471099;m+,24395.4,24019.7,-0.176591,-3.13117;m-,15690.7,15517.1,0.14933,-0.412563;
35658773;z_jets;0.0124283;14794.1;-0.0514098;j,165216,125834,-0.725232,-0.313811;j,29501,25124.2,-0.553036,-1.12789;e+,193674,92817.5,-1.36558,2.47722;e-,139944,80030.7,-1.15786,-2.81274;e+,29391.7,14069.1,-1.36694,2.47501;
35878772;z_jets;0.0124283;12090.8;0.027935;j,79157.9,77110.3,-0.0991594,1.45508;b,54883.7,26934,1.33595,-1.49375;e-,57028.2,54462.9,-0.305733,-2.35082;e+,42134.2,38964,-0.400704,0.395871;e-,59168.6,10063.2,2.45734,-2.26448;
35887955;z_jets;0.0124283;22039.5;2.28445;j,78922.8,77181.6,0.0156131,0.445261;j,63564.6,49597.4,-0.723195,1.10717;j,59902.7,47848.7,0.672381,1.43507;j,28944.9,28748,-0.0510631,1.21064;e-,112658,102446,-0.44287,-1.82664;e+,110144,68257.5,-1.05782,-2.32928;e+,13775.1,13613,-0.154172,-1.19736;
35979427;z_jets;0.012431;15924.4;1.85849;j,246431,53743.7,2.20344,2.4111;j,146682,44660.6,-1.85647,3.0508;j,748596,29434.8,3.92871,0.671176;j,30815,29393.4,0.134266,0.610179;e+,70760.8,57511.5,0.66639,-0.896035;e-,104628,27470.7,2.01274,-2.24817;e+,27684,22538.8,0.663462,-0.901393;
36069052;z_jets;0.012431;36476;-2.82366;j,80271.4,62978.1,-0.692902,-0.930644;j,59342.6,47595.7,0.681588,2.14901;j,77480.9,30150.3,-1.59318,-0.675265;e-,41509.9,17880.4,1.48538,1.4002;e+,43578.6,17376.3,1.57026,1.40469;e-,17809.4,11343.9,1.02253,-2.86528;g,23678.3,11106.4,1.38999,0.50952;
36225100;z_jets;0.012431;98444.7;1.4683;j,63019,37787.1,1.09125,-2.79812;j,1.50722e+06,32008.8,-4.54502,-0.946742;j,324952,31068.5,-3.03801,2.1222;j,118849,26939,-2.16199,0.431258;j,976941,22621.6,-4.45851,-2.01602;e+,103245,91413,0.503459,-2.3169;e-,51481.7,42230.4,0.650392,-0.680045;m+,53886.1,53465.3,0.125368,1.46219;
36329696;z_jets;0.0124274;78986.7;-0.107474;j,420079,139702,1.76469,-3.0752;j,292811,112419,-1.61099,-0.0837024;j,70689,63017.4,-0.446656,2.73252;m-,87157.5,26026.5,-1.87867,-0.758194;m-,51637.6,16396.1,-1.81414,-0.711495;m+,33657.8,10981.7,-1.78542,-0.744901;
36418975;z_jets;0.0124274;17824.5;-0.513962;j,829218,142823,2.44438,2.51903;j,53423.7,27125,1.29135,-1.18415;e-,489699,108593,2.18681,-0.213584;e+,22692.1,13913.3,1.07138,-2.51356;m-,55713.7,10453.4,2.35753,-0.144405;
36524618;z_jets;0.0124274;13034.8;-2.92182;j,429656,167003,-1.59403,0.802081;j,247205,106626,1.48297,3.08024;e+,357872,88932.6,-2.06963,-1.16223;e-,88770.1,31629.7,-1.69174,-2.55145;e-,114232,29041.7,-2.04608,-2.29728;
36525648;z_jets;0.0124274;27988.3;-2.81971;j,108818,89614.5,0.59946,-2.11009;j,73725.7,33433.3,-1.4183,2.29148;e+,231770,76928.5,1.76726,1.1903;e-,67020.2,36994.7,1.20064,-0.262856;e+,83734.3,24127.9,1.91599,0.866836;
36818004;z_jets;0.0124343;18144.3;2.59581;j,261057,109321,1.51494,2.15813;j,133844,35605.6,1.99623,1.14017;e+,112885,78887.2,0.897933,-1.08065;e-,37172.5,34289,-0.407284,-0.903869;e+,13283.1,11750.7,-0.505311,-0.806157;
37146076;z_jets;0.0124308;15996.5;0.0389893;j,98190.6,62935.2,-1.01094,2.86171;j,206358,46226.2,2.17521,0.594803;e-,169408,50787.2,-1.87454,-2.51031;e-,83073.5,27222.4,-1.78084,0.617683;e+,36241.5,12200.6,-1.75225,0.639455;
37256889;z_jets;0.012424;156083;1.07876;j,166420,157801,0.322687,-2.02645;m-,115307,99248.9,0.561444,0.927056;m-,98714.2,40356.8,1.54294,1.15232;m+,60128.7,24076.2,1.56568,1.18128;
37474797;z_jets;0.0124276;60407.4;2.13302;j,94951.7,89286.6,-0.292177,-0.571029;j,114962,36282.4,1.81801,-2.32262;e-,173406,67717.9,1.59292,2.55225;e+,105560,32440.6,1.84853,-0.00670014;m-,38063.7,29185.4,0.761467,2.19807;
