1833;zz;1.87709e-05;17347.5;2.24993;e-,87699.8,84694.2,0.26563,-1.70241;e+,70623.8,70409.4,0.0780295,0.951066;e-,72929.7,33006.1,-1.43029,1.88469;
2004;zz;1.87709e-05;91162.9;-2.51036;j,636927,114404,-2.40102,0.497382;j,283676,57158.9,-2.28477,-2.79361;e+,84225.2,39951.7,-1.37728,1.34134;m+,132227,61693.1,-1.39601,-2.93921;m-,86610.4,50479.3,-1.13461,-1.82255;g,70763.4,22546.1,-1.81052,-1.22526;
2352;zz;1.87709e-05;40389.8;-1.31841;e+,68815.5,38521.7,1.18378,1.60861;m-,135245,76022.2,1.17877,-0.284388;m+,60188.1,49030.7,0.662444,-1.83618;
4251;zz;1.87709e-05;85153.5;-1.53275;j,470470,68603.7,2.61317,2.38434;e+,242110,49709.7,2.26563,0.599038;m-,325151,55492.5,2.45383,-1.35385;m+,43164.4,34260,0.706208,-1.9618;
6131;zz;1.87709e-05;22263.4;-3.13332;m-,668836,145748,-2.20472,-2.69472;m-,186875,68383,-1.66317,0.931816;m+,32599.9,23479.6,-0.855099,-2.27698;
6893;zz;1.87709e-05;63479.2;-1.88443;e+,110475,53940.3,1.34429,2.53417;e-,65269.9,48477.5,0.810014,0.534065;m+,14421.3,12337.2,0.573324,-2.31182;
7145;zz;1.87709e-05;83278.2;3.06976;j,187963,84591.9,-1.4335,-0.327727;j,446438,30959.5,-3.36047,-0.0549692;m-,67137.9,46719.3,-0.903847,2.73354;m+,31329.7,21664.8,-0.912568,2.7708;m-,22446.7,16210.3,-0.851223,2.80325;
7477;zz;1.87709e-05;54082.2;-2.80928;e-,84477.5,65462.7,-0.744853,0.726399;e+,28167.7,27868.9,-0.146303,-2.09016;e+,39238.5,25258.4,1.0088,-0.374736;
7747;zz;1.87709e-05;53976;2.01614;j,363580,160068,1.46035,2.78613;e+,123699,92320.9,0.80275,-0.657947;e-,82406.5,80732.7,-0.203279,-0.796701;m+,31698.3,17637.2,-1.19106,2.19626;
8114;zz;1.87709e-05;123224;2.97894;j,485595,60337.8,-2.77447,-1.21924;j,45378.6,34056.4,-0.783482,2.32502;e+,300653,150761,-1.31362,0.0255463;m-,104300,101400,-0.238585,2.91336;m+,40175,15452.1,1.60942,-3.09022;
8227;zz;1.87709e-05;40993.8;-1.71655;j,223458,126209,-1.159,-2.51453;j,25869.8,24830.5,0.0794436,-2.8564;j,63558.2,24207.5,1.61672,0.286214;e-,102401,102399,0.00724778,0.936284;m+,75717.3,70927.3,-0.365475,-1.47926;m-,28159.6,27802.7,0.160002,1.83847;g,94338,58876.5,-1.04881,0.551198;
8296;zz;1.87709e-05;79284.6;-0.476372;j,864260,217225,2.05726,-2.48315;j,59635.9,44266.3,-0.800297,2.30674;e-,153353,137994,0.467534,0.82499;e+,121875,51601.7,1.50441,0.761945;m+,81088.2,47798.4,1.12065,-0.510714;
9863;zz;1.87709e-05;79018.3;1.53075;j,95836.8,36672.9,1.61285,-0.592014;j,260535,22905,-3.12225,-1.64486;e+,55145.9,54674,-0.131288,-2.06095;m-,117970,82079.3,-0.904067,1.72193;m+,20739.4,20593.6,0.118842,-0.88045;
10089;zz;1.87709e-05;18876.7;-3.10484;e+,50143.5,49177.9,0.197837,1.31938;e-,42178.8,42061.5,-0.0746618,-1.56738;m+,71248.8,46162,1.00031,-2.09062;
11739;zz;1.87709e-05;1973.63;-0.809634;e+,61027.9,54031.7,0.50355,-0.577373;e-,58958.8,50290.1,0.579031,1.66396;e-,36809.3,35962.5,0.216596,2.43542;g,82796.6,34243,1.53025,-1.9087;
11825;zz;1.87709e-05;37535.3;0.0171651;e-,140388,75661.3,1.22918,2.72636;e+,42344.9,39041.1,0.408549,-1.91713;e-,31993.5,19201.7,1.09825,0.261701;
12395;zz;1.87709e-05;20067.4;1.46148;j,30317.2,29382.2,-0.243743,-3.07958;e-,145064,70590,1.34816,-1.29914;e+,60033.1,39010.4,-0.996436,1.08187;e+,16753.7,15762.6,-0.352797,1.82788;
12914;zz;1.87709e-05;14309.4;1.90051;j,785447,210012,-1.98975,-2.17201;j,184704,51379.8,-1.95056,-1.08512;j,102689,24640.5,-2.10274,2.8964;e+,221411,181860,0.64811,0.762579;e-,95319.1,66614.1,0.897882,-0.0368766;e-,73270.4,40286,-1.20535,2.03157;
13279;zz;1.87709e-05;14782.6;-0.00620218;j,164393,160650,0.142583,2.48234;e+,259988,138616,-1.24196,-0.255623;e+,247046,43087.9,-2.43178,-2.38246;e-,76365,36927.4,-1.35534,-1.6341;
13747;zz;1.87709e-05;20321.8;1.67321;j,84223.2,44114.4,1.26287,-2.48023;e+,73073.5,28020.8,1.61269,-0.0293932;m+,58983.5,40606.3,0.918732,0.0505584;m-,132387,37484.3,1.93428,2.35727;
13780;zz;1.87709e-05;68184;-1.54771;j,113495,87277.6,-0.753402,2.07212;j,47216.8,28393.3,-1.08381,-0.1943;m-,81127.4,73188.2,-0.46167,-2.19893;m+,46356,22200.4,-1.36637,-0.837573;m+,39305.4,18455,-1.38885,-0.706016;
14391;zz;1.87709e-05;1815.33;0.801867;j,113720,43758.7,1.60623,-1.85119;j,48365.1,24729.6,-1.28096,0.712912;e-,25693.3,21739.2,-0.594352,1.83382;m-,53435.3,32857.9,-1.06771,2.69155;m+,40632.4,32320,0.702654,-0.735417;
14543;zz;1.87709e-05;141304;1.07256;j,107333,103489,0.111894,-2.22504;j,187324,74467.9,1.57062,3.13575;j,344153,45418.1,2.71358,-0.803281;j,78821.7,24318.4,-1.84207,0.0549954;m-,527887,87904.2,2.47878,1.40582;m-,160335,61253.2,-1.61674,1.03459;m+,36562.8,35618.9,-0.229701,2.45686;
14567;zz;1.87709e-05;342443;-2.10708;j,287478,237095,-0.637837,0.805574;j,160120,135365,0.588758,2.33779;j,111051,90623.8,0.639849,0.206134;j,40623.3,28919.5,-0.833709,-3.0301;j,129768,27679,-2.22467,0.851802;j,237280,26208.5,-2.89278,0.505073;j,75452.3,23899.7,1.81357,-0.612717;m+,985368,414655,1.51118,-1.94606;m-,149296,99464.7,0.963313,-0.538567;m-,25283.2,22165.4,0.52435,-2.04208;
15720;zz;1.87709e-05;48956.9;0.808848;e-,73894.9,71305.7,0.268678,-2.81861;m-,81251.7,81247.3,0.0102776,0.914411;m+,29795.6,19082.9,-1.0154,-2.19274;g,49418.4,36296.7,0.826577,-0.788381;
17301;zz;1.87709e-05;47791.9;0.629775;e-,140055,51888.9,1.64985,3.10024;e+,103206,40492.4,1.58784,-0.34519;m-,119016,58332.1,1.33993,1.31968;
17990;zz;1.87709e-05;54816.5;1.11914;j,30162.4,29803.7,-0.124406,-1.12029;e+,123685,71189.9,1.14998,-2.95;e-,33477.6,29477.8,0.515222,-0.545229;m-,77234.4,62843.9,0.664447,1.35325;
18270;zz;1.87709e-05;191599;-1.34936;j,111783,93794.6,-0.585535,1.72483;j,226044,26470.1,-2.83427,0.236181;e+,218683,92527.3,-1.50517,1.89649;m+,997748,179139,-2.40233,-1.50453;m-,71953.8,29332.6,-1.54606,-0.573017;
18966;zz;1.87709e-05;39054.2;1.75803;j,52119.2,40422.2,-0.733421,1.77985;e-,62976,57388.3,-0.437785,-0.703416;e+,39907.1,33584.6,0.604362,-2.87778;m+,43641,21930.4,1.31115,-2.14252;
19240;zz;1.87709e-05;76925.3;-0.997935;j,55347.8,28715.4,-1.26746,-2.24526;e-,258832,111888,-1.48145,1.72151;e+,76989.5,18360.9,-2.11206,-1.99986;m+,150604,63680.4,-1.50589,-1.05791;
20001;zz;1.87709e-05;58754.7;-1.04046;j,113879,112773,0.0860541,-0.663942;e+,472797,123840,-2.01521,2.05774;e-,181347,62695.4,-1.72396,3.08488;m+,30756.4,24401.5,-0.706888,-2.93473;
21332;zz;1.87709e-05;5036.36;1.53481;e+,123424,91320.7,0.815703,-1.64873;e-,89161.9,24076.2,1.98363,-0.360581;e-,66579.4,22269.4,1.75911,0.452852;g,180294,64652.5,1.68489,1.8154;
21788;zz;1.87709e-05;79683.3;0.916937;j,78350.7,76606.8,-0.00984559,-1.86665;j,105798,64046.5,-1.07802,2.42488;j,35002.1,26692.4,0.760116,-0.527335;m-,136672,129870,0.322244,1.02929;m-,168907,51678.4,1.85318,3.05664;m+,69725.1,44689.5,1.01444,-1.18043;
22008;zz;1.87709e-05;59062.9;1.54614;j,68083.2,63254.7,0.387844,-1.05644;j,49698.2,40632.5,-0.640737,-3.00848;m+,102503,53042.9,1.27705,-3.10218;m-,188678,48447.9,2.03579,1.11482;m-,50477.8,24654,1.34393,0.370784;
22206;zz;1.87709e-05;66506.3;2.55172;j,1.86774e+06,210101,2.87486,0.874649;j,108740,96544.3,-0.490032,2.43456;e+,239558,198896,0.629011,-1.73222;e-,52095.4,50985.3,-0.208302,-1.46635;e-,122902,20709.9,2.46675,-0.582864;
22918;zz;1.87709e-05;20859.6;-2.10874;m+,57215.3,48570.5,0.588117,-2.50246;m+,36951.6,34198.9,0.398569,-1.95695;m-,36804.9,23154.1,-1.03856,0.605354;g,28414.1,21735.2,0.765144,0.944785;
23316;zz;1.87709e-05;71943.7;-2.6645;e-,154547,81379,-1.25664,0.529204;m-,304518,79015.8,-2.02496,-2.2821;m+,41828.3,26789.3,-1.01541,1.95323;
23551;zz;1.87709e-05;69753.8;-1.48893;j,352391,38538.3,2.90315,0.0485974;e-,316550,76201.1,2.10244,2.09367;m+,79301.2,45496.5,-1.15393,-0.834149;m-,47452.3,44916.4,0.334457,-2.10843;
26003;zz;1.87709e-05;42002;2.54325;j,240934,46489.7,-2.32861,-1.15;j,874676,28260.7,4.12526,0.866679;m+,149178,110847,-0.809355,2.77645;m-,42550.1,40815,0.290548,0.0102747;m+,12156.8,11394.4,0.363693,2.90406;
26650;zz;1.87709e-05;83552;1.75283;j,69873.1,63056.2,-0.420403,0.145404;e-,107272,102819,0.293263,-1.73565;e+,33145,28603.3,-0.556328,2.92501;m-,105703,78340.5,-0.813199,1.66317;
26853;zz;1.87709e-05;9975.21;-2.5728;m+,157342,89831.8,1.15987,1.3605;m-,24566.5,18544.7,0.785514,1.44949;m-,17272.1,14567.3,-0.600287,2.97397;
27008;zz;1.87709e-05;32587;1.58991;j,96401.6,54282.3,-1.17005,-1.49519;j,41486.4,37860.1,-0.412109,-1.25173;e+,47803.4,44645.6,-0.373931,2.02208;m-,156091,62466.5,-1.56627,2.2319;m+,114254,37745.5,-1.77223,-0.0528719;
27561;zz;1.87709e-05;39009.3;-2.56303;j,1.23368e+06,43848.7,-4.02984,-0.0674321;e+,94124,18187.4,-2.32757,2.0913;m+,227035,55632.6,-2.08412,3.07546;m-,24303.1,22643.6,-0.380527,-0.720449;
28291;zz;1.87709e-05;36876;1.43703;j,45627.1,32780.8,-0.850285,-1.20156;e-,223073,43898.1,-2.30895,-2.14341;e+,57680.7,21216.1,-1.65763,1.4277;m+,17759.3,11295.6,-1.02439,1.55122;
28612;zz;1.87709e-05;22984.3;-0.797631;j,139603,24435.1,-2.42769,-2.91206;m-,113608,91086.6,-0.689476,-2.48088;m+,218331,47775.6,-2.20045,-0.127896;m+,64082.6,41644.1,-0.996361,-0.834537;g,45614.3,12206.3,-1.99302,1.42076;
28719;zz;1.87709e-05;26250.9;1.673;m-,104271,44589.8,-1.49342,3.07898;m-,35178.6,33178.7,0.345469,2.68311;m+,65950.6,30655.4,-1.40024,-0.231561;g,85770.8,16983.3,-2.30265,-1.94752;
29603;zz;1.87709e-05;11016.2;0.158755;m+,102227,54734.3,-1.23695,-0.463695;m+,65465.3,48517.7,-0.813234,2.2079;m-,34331.8,23492.9,0.927033,-1.62191;
30180;zz;1.87709e-05;21904.9;2.17541;m+,347271,124421,1.68582,2.42952;m-,400058,71273.2,2.4102,3.02675;m-,76878.4,33172.5,1.48347,0.5914;
30455;zz;1.87709e-05;41953.8;-2.08745;j,160804,56034.4,1.71359,-2.57314;j,64032.4,50172.5,-0.685309,-0.119334;j,100054,37902.3,-1.62205,-2.96664;j,57016.2,26343.3,1.40704,2.51006;e+,532898,98116.9,2.37673,0.602619;m+,60446.4,44570.4,0.8208,-3.0248;m-,138568,40519.4,1.90063,-0.5959;
31438;zz;1.87709e-05;19927.3;1.47816;j,68847.3,41550.8,-1.09129,-3.11379;e-,96501.4,55769.8,-1.14502,-0.0128441;e-,48911.8,48252.2,-0.165166,-2.45674;e+,80693,23885.1,-1.88788,1.45266;
31479;zz;1.87709e-05;71256.8;1.2547;j,219128,32666.4,-2.59069,-1.8212;e+,69777.7,58356.3,-0.615868,-1.43847;m+,74082.2,65847.9,-0.495028,1.83723;m-,44591.5,37091.8,0.625658,0.230842;
31927;zz;1.87709e-05;81877.9;0.0701149;j,75356.3,61393.1,0.638344,3.02749;j,63297.9,27141.7,1.48864,-3.13594;m+,387570,104811,-1.98208,-0.616987;m+,72159.1,45494.9,1.03575,0.755275;m-,76103.2,35310.9,-1.40227,0.908157;
32038;zz;1.87709e-05;21669.5;-2.95247;j,39511.7,31917.5,0.676728,-2.86824;e+,58130.3,50011.9,-0.562348,0.321301;m-,271680,52733.3,2.32297,-2.97208;m+,50145.1,29560.6,1.12057,0.507129;
32137;zz;1.87709e-05;6785.94;-0.0755742;m+,226311,45901.6,2.27811,-1.14436;m-,72559.1,38096.7,1.26004,1.52299;m-,121970,27430.9,2.17236,-2.45467;
32239;zz;1.87709e-05;61301.8;0.557181;j,90445.8,43074.9,1.36999,2.37123;e-,207902,74585.3,1.68442,-1.91456;e+,63880.6,27553.5,1.4839,1.27386;m-,132526,40652.9,1.85046,0.457961;
32563;zz;1.87709e-05;13408.2;0.100103;j,944635,115161,2.79354,1.1653;j,630052,65326,2.95684,-2.98459;j,93600.6,29252.4,1.82448,1.48635;e+,152171,103849,-0.930726,-1.22019;e-,87012,37487.5,1.48517,-1.91486;e-,42354.5,21422.7,-1.30363,2.45921;
32704;zz;1.87709e-05;35225.4;-2.72734;j,105177,49424.1,1.38591,1.94735;j,39209.7,37057,-0.266595,2.3135;e+,76117.5,73439.4,0.269244,-0.800225;e-,95276.1,22430.3,2.12536,-0.321287;m-,99411,28999,1.90316,0.378444;
34370;zz;1.87709e-05;94961.3;-0.134138;j,302584,92068.9,1.85651,3.01053;m-,136885,81296.5,1.11134,-0.562687;m+,45281,43931.9,0.247182,0.0906566;m+,20627.4,19248.2,-0.376304,1.34037;
34654;zz;1.87709e-05;34748.6;-1.91796;j,253577,215968,-0.577743,-0.735859;j,120810,77836.1,-1.00215,2.51835;j,116012,27092.4,2.13159,-0.260661;j,944644,23305.4,-4.39508,0.819683;e+,148006,147013,-0.116197,2.4401;e-,44256.9,38161.6,-0.557932,1.23552;m-,72341,28940.1,1.56666,2.3091;
35442;zz;1.87709e-05;60401.7;-0.224155;e+,133903,115168,0.562928,-2.81468;e-,42427.1,32833.9,0.746942,1.79372;m+,49274,38525.6,0.730623,-0.318256;g,80270.2,65139.9,-0.669029,0.240202;
35483;zz;1.87709e-05;82345.8;2.20565;e-,229817,58485.1,2.04506,-1.91992;e+,140200,54399.3,1.5999,-0.124464;m+,182079,88592.4,1.34828,2.07241;
35486;zz;1.87709e-05;2188.37;-2.49266;j,88377.9,62678,-0.875161,-0.665751;e-,61790.9,59845.5,-0.254292,-2.75663;e-,56022.4,48443.1,-0.55234,1.65256;e+,59976,26694.8,-1.44895,-0.190842;
35599;zz;1.87709e-05;29681.2;1.38663;e-,111675,53350.2,1.3692,-1.20498;e+,75424.6,35491.9,1.38636,1.79191;m-,39442.8,33434.2,0.590883,-1.90791;
35695;zz;1.87709e-05;15696.7;-1.09802;j,52924.6,45346.3,-0.514921,-1.3729;e-,68223.9,46870,0.921601,1.97931;m-,40896.7,37451.4,0.425707,1.76454;m+,53197.6,36165.9,-0.935954,-1.12948;
35963;zz;1.87709e-05;75126.2;-1.33412;j,347603,85390.6,-2.08153,1.85088;e+,11651.2,11487.3,-0.168721,-0.645562;m+,64702.6,61691.9,0.311154,-1.77251;m-,55888.7,30132.2,-1.22873,-0.445569;
37079;zz;1.87709e-05;125199;1.29928;j,206803,57646.2,-1.94802,-2.02402;j,31584.6,30838.7,0.211763,2.89566;e-,101021,81204.5,-0.685139,-1.1206;m-,580950,107196,-2.37453,1.05255;m+,91286,35550,-1.59593,2.47681;
38095;zz;1.87709e-05;33254.7;-1.69323;j,70909.2,47394.5,0.94716,3.09328;j,74988.5,27400.7,1.66083,-2.60894;e+,18556.9,16611,0.479436,-0.108258;m+,85453.2,60741.9,0.873945,-2.19576;m-,117644,24875.9,2.23554,0.263381;g,49230.3,41566.4,0.59829,0.537426;
38281;zz;1.87709e-05;67301.5;-0.842937;j,95237.6,53986.4,-1.16602,1.9353;m-,55995.7,54300.1,0.249251,-1.18532;m-,61322.5,43945.2,-0.862332,-1.09215;m+,75337.7,28196,-1.63893,-0.498991;
39018;zz;1.87709e-05;130698;-0.225988;j,421829,128811,1.85439,2.86495;j,120316,40178.7,1.76008,-0.907864;j,40036.5,23684.3,1.1057,2.364;m+,87498.8,72425.4,0.634474,0.986386;m-,162575,31995.9,2.30885,0.767501;m+,19077.8,16437.5,0.559445,-0.953462;
39869;zz;1.87709e-05;22865.9;-2.8953;j,181433,25304.3,-2.65713,-0.970684;m-,232180,38411.1,2.4854,0.718282;m+,66889.1,38208.1,1.15926,3.12436;m+,141328,28725.1,2.27597,2.37929;
40514;zz;1.87709e-05;13832.7;-2.68575;m+,110010,54923.9,-1.31866,-2.95964;m+,67672,38454.2,1.16561,-0.45545;m-,36446,34690.1,0.316837,2.28003;
40515;zz;1.87709e-05;35287.5;-1.08031;j,137335,36968.3,-1.98495,1.52902;j,1.29841e+06,31151.1,-4.42304,-2.60572;e-,21283.3,12373.8,-1.13767,-0.766027;m-,166186,42689,-2.03539,0.348299;m+,55965.4,37919.4,-0.94055,-2.29654;
40542;zz;1.87709e-05;22547.3;1.37649;j,199425,123209,1.05853,-2.89628;j,79450.9,76996.3,-0.251844,0.159643;j,129509,40939,1.81759,0.891722;j,154294,24474.2,-2.52754,2.5035;e-,62888.8,53726.2,0.576029,-1.13266;e-,74752.1,29905.4,1.56663,1.59598;e+,28746.7,17515.7,-1.07928,-0.839107;
41488;zz;1.87709e-05;37284.6;-3.12846;m-,188395,74401.1,1.58072,2.47951;m-,57559.4,55616.2,0.263577,-2.14032;m+,20228.1,20211.6,-0.0401209,0.671397;g,16211.9,13297.9,0.650487,-0.324682;
41511;zz;1.87709e-05;14851.1;2.80589;j,353263,26896,3.26674,-2.27877;j,180897,25604.8,2.64224,0.938215;m-,77846.5,62705.3,0.681657,3.02518;m+,75761.7,50555.5,-0.961156,0.0133526;m-,98175.2,49160.4,-1.31525,-2.19845;
41531;zz;1.87709e-05;19092.9;1.10537;j,226528,120474,-1.24232,-0.633349;j,89737,89054.9,-0.0645339,-2.55853;j,281918,55115.5,2.31472,0.439684;e-,95143.4,81035.2,0.581842,2.36183;e+,27605.8,27316.6,-0.145369,-0.308437;e+,22841.9,20530.5,-0.470171,-0.434173;g,91017.7,68127.5,-0.798371,2.63362;
41584;zz;1.87709e-05;173158;0.673272;e+,157394,121737,0.747841,-2.7558;e-,181943,84319.1,1.40361,-2.14985;m+,537095,107149,2.295,0.406119;
42268;zz;1.87709e-05;7470.06;1.09654;j,944591,74123.6,3.23662,0.938924;e+,273649,73371.8,1.99098,-2.00763;e+,23505.6,12422.9,1.25231,-2.48306;e-,11118.4,10858.1,-0.218539,1.91749;
43033;zz;1.87709e-05;3032.52;-0.516077;j,402151,111631,-1.95424,-2.44757;j,92978.9,26891.7,-1.9117,-1.05414;e-,110309,109493,0.122,0.173636;e-,193704,92144,-1.37404,1.75;e+,38464.7,22853.3,1.11085,-1.52527;
43234;zz;1.87709e-05;26604.3;-0.477892;j,34550.7,29368,-0.56784,2.45832;m+,68714.9,61696.8,0.472561,-1.72123;m-,53759.4,31261.1,1.13742,1.78905;m-,28751.9,11831.9,1.53573,0.466015;
44334;zz;1.87709e-05;6118.61;-1.06;m+,41366,41276.5,-0.065783,1.65508;m-,83291.2,40338.6,1.35359,-1.57046;m+,41362.7,40245.9,0.235024,1.98839;
45837;zz;1.87709e-05;114467;-0.6632;e-,175280,130370,0.807886,2.30299;m-,105989,83125.3,0.725662,-1.14081;m+,53018.3,53017.9,0.00293605,0.0847487;
47215;zz;1.87709e-05;50610.7;1.70627;j,114433,56888.9,-1.31978,-1.52175;m+,233675,81243.1,1.71794,2.21249;m+,57841.5,50370.8,-0.538113,-1.54354;m-,47464.4,22162.3,1.39514,0.072174;
47293;zz;1.87709e-05;23306.7;-1.80793;j,46475.7,38285.6,0.623917,1.87954;m-,243983,75931.1,1.83528,2.83714;m-,70478,70358.3,-0.0583107,-1.37912;m+,81851.8,65312.4,0.697444,-0.383587;g,16100.6,16076.1,-0.0552661,-1.38124;
47646;zz;1.87709e-05;47665.7;-0.518687;e-,41281.1,39301.6,0.316071,2.37513;m-,35393.1,27005.2,-0.769065,-2.26665;m+,58943.2,20893.4,-1.69728,-0.231539;
48596;zz;1.87709e-05;57449.7;-0.154396;b,57723.4,54675.1,0.30452,-0.934143;j,54198.7,53161.7,-0.0234292,1.47142;e+,194046,97245.1,-1.31432,3.13695;e-,28567,23392.3,-0.653467,1.00162;m+,70948.5,70919.1,-0.0287388,0.129389;
49114;zz;1.87709e-05;16827.3;2.91686;j,619586,32397.9,-3.64341,-0.992651;e-,57575,24625.8,-1.49321,1.94129;m+,63674.8,50631,-0.703228,-3.02549;m-,109457,30745.2,-1.94261,0.368666;
49565;zz;1.87709e-05;22686.3;0.692787;j,38462.7,37001.1,0.185333,1.24842;j,88483.5,35790.8,-1.54932,-3.0837;e+,116515,39830.5,-1.73595,-1.90591;m+,55736.7,50724.1,0.440987,-0.385281;m-,41421.9,39166.9,-0.337719,2.12493;
50025;zz;1.87709e-05;24085;-0.904316;e+,43245,43209.4,0.04057,2.78676;e-,62031.4,35350.8,-1.16211,0.178628;e-,12846.8,12842,-0.0274056,-0.6189;
51312;zz;1.87709e-05;15702.9;1.21821;e+,70653.7,42831.3,-1.08569,0.184575;e-,149579,41714.2,-1.9501,-2.49973;m+,74684.4,31012.6,-1.52583,0.192753;
51583;zz;1.87709e-05;17564.4;0.751884;j,304293,33139.7,2.90738,0.0226394;e+,92588.9,42861.3,1.40487,-2.93831;m+,264709,49007.3,2.37113,1.13934;m-,58498,30078.3,1.28452,-1.60645;
52531;zz;1.87709e-05;20041.9;1.60677;m+,355282,69535.7,-2.3145,2.07092;m+,177501,34454.9,-2.32292,0.530928;m-,91827.6,30477.9,-1.7673,-0.333181;
53720;zz;1.87709e-05;50185.8;-2.10552;e+,301337,65485.3,2.20753,-0.0696935;m+,106227,67673.4,1.02232,-2.05455;m-,88812.1,26034.9,1.89802,1.44143;g,220505,43927,2.29647,1.95554;
53776;zz;1.87709e-05;1682.03;-2.14722;m+,80959,60123.3,0.810182,2.21631;m-,131067,37041.2,1.93624,0.424277;m+,13179.6,11108.9,-0.601411,0.733961;
53863;zz;1.87709e-05;22476;1.26866;e-,71831.1,50872.3,0.879145,-1.47055;e+,50213.3,42396.5,0.598283,1.33211;m-,35337.2,28422.5,0.684115,2.01049;g,30425.5,14809.2,1.34787,-2.84213;
53895;zz;1.87709e-05;2901.22;2.74295;m-,48399.3,46322.5,0.29833,-0.834241;m+,57005.7,40769,0.865236,2.39706;m-,88606.2,36947.3,1.52124,-0.817081;
54724;zz;1.87709e-05;26124.3;-2.73901;j,233267,44127,2.34842,0.490488;e+,151503,57876.7,1.61678,-2.98367;e-,80294.1,47435.9,1.11789,-0.0852678;e+,28262.5,26465.8,-0.366419,-2.79526;
54917;zz;1.87709e-05;21118;1.12259;e+,105204,62564.7,-1.10968,-2.34559;e-,37271.3,31532.2,-0.594543,0.820301;m+,200897,45899.8,-2.15617,0.213054;
56894;zz;1.87709e-05;47958.2;1.81351;e+,116291,57847.8,-1.32288,-1.68596;e-,25651.9,18856.6,0.825337,-0.612877;m+,73921,57898.8,0.727776,1.26826;
56967;zz;1.87709e-05;29053;1.24267;j,540870,338265,-1.04517,2.20707;j,405061,263052,0.984732,-0.660787;j,254840,140114,-1.19016,-2.08475;j,34548.8,33775.2,0.158524,-3.12446;e+,61613.8,44223.2,0.860087,0.240018;e+,46191.7,31480.5,-0.932595,-0.00635997;e-,22029.6,15810.9,0.860162,0.242944;
57140;zz;1.87709e-05;39549.4;-2.13581;j,117649,70025.8,-1.10812,0.764523;j,47005.3,29625.7,-1.0362,1.76824;e-,57808.7,49191.5,0.583591,-2.31524;m-,44737.5,39265,-0.522009,-1.74867;m+,42048.5,17856.5,1.50112,-3.08375;
58409;zz;1.87709e-05;156854;1.99101;j,139251,102934,-0.813773,-1.2579;j,32743.8,32470.3,0.0426944,-1.01932;j,38974.8,29719.5,-0.762544,-0.0704315;m-,126766,117222,-0.400844,1.75318;m+,107330,44135.9,-1.53654,2.10883;m-,81641.5,17121,-2.244,0.305706;
62126;zz;1.87709e-05;29271.4;2.4486;j,218264,36789.4,-2.46602,-0.631189;m+,230844,124721,-1.22623,-2.72493;m-,109951,52367.4,-1.37265,0.867782;m-,56172,21723.9,-1.60347,-0.683678;
62907;zz;1.87709e-05;49164.3;0.293313;e-,160669,86267.4,1.23363,2.60309;e+,58024.1,32307,1.19025,-1.62634;m+,11227.2,10830.8,0.269548,-3.12517;
63665;zz;1.87709e-05;100708;-1.54241;e+,97416.7,94470,0.249122,1.38191;e-,70618.8,33971.7,1.36128,2.57601;m+,27340.4,21982.3,-0.684735,2.58864;
63710;zz;1.87709e-05;13065;3.1165;m-,115677,54113,1.39304,-1.32772;m+,44440.6,34492,0.742348,1.5858;m-,35560.2,20295.5,1.16028,1.01068;
64308;zz;1.87709e-05;8267.89;1.30615;j,94119.3,89590.7,0.309571,0.56765;j,62154.3,50977,-0.632388,-2.06285;e-,89000.4,56877.7,1.01824,2.96111;e+,53641,44618.9,0.625677,-1.1683;e-,33516.9,31178.2,-0.384952,2.48389;
64650;zz;1.87709e-05;9583.46;-3.07934;j,1.08594e+06,23407.6,4.53017,-1.38294;e+,207063,45713.1,2.19137,-1.75433;e+,97778.9,43286,1.45498,1.85998;e-,25064.4,12381.4,-1.33091,0.624296;
64921;zz;1.87709e-05;165289;-0.490841;j,409105,374942,-0.378541,-2.82592;j,505754,285655,-1.17199,0.664005;e+,51578.5,28178,1.21301,1.85925;m-,209015,151658,0.8444,-0.541898;m+,39726.3,28557.8,0.857847,0.96919;
64931;zz;1.87709e-05;13835.5;0.180795;m+,83165.6,71929.4,0.551914,-1.10199;m-,143552,70157.5,1.3432,1.16332;m-,38666.4,30958.8,0.691759,2.59683;
65089;zz;1.87709e-05;59372.2;-0.688201;e+,65202.2,37756.9,-1.14256,-2.65425;m-,75846.9,71949.1,0.327693,-0.924632;m+,30424.6,20567.8,-0.943606,1.69379;g,65606.5,65602.1,0.0115786,2.15828;
66387;zz;1.87709e-05;19856.7;1.97682;j,454412,55367.3,2.79437,1.55342;j,392699,43565.3,2.88842,-2.52661;j,26645,24643.5,-0.314068,-2.62719;j,26807.4,24064.5,0.43062,-2.98295;e+,670595,187215,1.94898,1.90186;e-,459178,163596,1.69182,-1.14853;e+,108909,74569.3,0.926226,-0.872831;
66481;zz;1.87709e-05;11387.4;2.17486;e-,53469.3,53364.3,0.0626945,-1.92383;e+,59757.9,46472.6,-0.739196,-1.87552;e-,64677.7,45219.5,-0.897285,1.03578;g,17060,17059.9,0.00480416,1.32254;
67356;zz;1.87709e-05;97593.1;1.81798;j,336404,125177,1.64292,-1.40935;m-,80858,55219.7,0.92978,-1.90564;m+,58862.9,40321.5,0.925598,0.668092;m-,143540,32578.7,2.16297,0.49695;
67768;zz;1.87709e-05;12214.9;-2.40306;m+,299281,73889.9,2.07636,-1.65584;m-,124774,43085,1.72524,2.8338;m-,136718,38782.1,1.93236,1.95007;
68093;zz;1.87709e-05;91320.2;-2.37082;j,104263,58760,-1.16973,0.0857371;j,208565,27334.6,-2.72018,0.598974;e+,38767.2,37881,-0.215891,1.15228;e-,71039,33095.9,1.39767,-2.75147;m+,106397,105006,-0.162625,-2.48381;
69442;zz;1.87709e-05;29586.4;0.100158;j,92008.5,40458.1,1.46249,1.06164;e+,129837,58425.2,1.43672,-2.53569;m-,76706.6,55260,0.854763,0.243184;m+,83446.9,31585.4,1.62675,-2.93386;
70084;zz;1.87709e-05;15913.9;2.46598;m-,153462,41362.7,1.98554,-2.14193;m+,59734.6,40544.1,0.938171,1.38659;m-,48256.6,40524.7,0.6083,-0.818308;
70803;zz;1.87709e-05;86694;-2.63173;j,55405.1,51415.6,0.314459,2.34457;b,218323,37605,2.44352,-1.09162;e+,203700,92179.9,1.43041,0.460424;m-,29894.2,25505.1,-0.57855,-3.02378;m+,25562.2,21601.5,-0.596655,-1.10216;
70922;zz;1.87709e-05;27328.7;-1.47865;j,851410,35112.6,3.88105,-2.22949;j,37103.3,30272.6,-0.653805,2.09109;e+,204105,40415,2.30263,1.00139;m+,83566.1,43652.5,1.26603,2.99035;m-,45513.9,42159.4,0.39631,-1.07673;
72527;zz;1.87709e-05;14664.2;-0.684232;j,517414,71227.2,-2.67068,2.25862;j,106580,29357.7,-1.95883,2.27748;e+,255848,48921.4,-2.33825,-1.17416;e-,42656.6,36115.7,-0.593113,-0.283747;m+,79460.3,28302,-1.69213,0.23012;
72797;zz;1.87709e-05;66331.2;0.871931;j,137520,85754.2,1.04612,-1.18436;j,91286,54254,-1.10351,2.61504;j,42757.9,27742.6,-0.988817,-2.74331;m+,154649,51491.1,1.76395,1.57804;m-,54232.3,41077.1,-0.780365,0.620306;m+,38647.8,26933.5,0.901792,-2.36338;
73422;zz;1.87709e-05;63073.4;-0.134512;e-,205612,35589.9,-2.4395,1.31136;m-,220231,56663.2,-2.03372,0.697902;m+,57225.6,36497.1,-1.02087,-1.30999;g,57405.8,23731.7,-1.53072,-2.96662;
73852;zz;1.87709e-05;21194.7;2.91754;j,216255,35447.4,-2.49463,1.69316;e+,311614,77737.2,-2.06564,-0.454891;e-,185198,50143.7,-1.98083,-2.82848;e-,18921.5,17952.3,-0.327129,1.225;
74366;zz;1.87709e-05;39060.9;2.76434;m-,64849.7,45436.8,-0.894292,-2.84496;m+,92378.3,23455.3,2.04742,1.76765;m+,39616.1,10670.9,1.98621,-1.69505;g,48285.1,14259.1,1.89033,-0.377007;
75099;zz;1.87709e-05;43461.8;0.100852;j,45290.4,44817.6,0.107806,-1.43426;e-,83160.4,71336.6,0.568084,2.46341;e+,25677.1,23173.9,-0.460706,0.159126;e+,25243.9,19580.2,-0.743364,-0.578881;
75773;zz;1.87709e-05;74215;2.97967;e+,55704.7,55699.1,0.0141606,-0.745619;e-,62536,45182.5,0.85057,1.09632;m-,45835.9,44258.4,0.266199,-1.87133;
76917;zz;1.87709e-05;5238.36;3.12941;m-,220756,54715.2,-2.07234,2.34496;m-,68446.2,52549.4,-0.759448,-0.533171;m+,80701.6,41208,-1.2926,-2.97273;
77146;zz;1.87709e-05;89527.9;-2.74446;e-,143389,94418.2,-0.978926,0.219367;e+,93000,26783.6,-1.91654,1.99148;m-,47579.2,39764.4,-0.617097,-1.831;
78070;zz;1.87709e-05;100542;1.77841;j,220932,60541.3,-1.96714,-1.75316;j,84174,58057.8,-0.905889,-0.389143;m+,75679.2,68292.2,0.461023,1.44479;m-,47902.8,47886.4,0.0261165,-3.11894;m+,138951,37228.1,1.99175,-1.21132;
79088;zz;1.87709e-05;59569.3;1.52453;j,95479,46404.2,1.33885,-2.24634;j,51983,42489,-0.656619,-0.588884;j,213387,27658.4,-2.73136,-0.320149;e+,79940.6,50858.1,-1.02409,2.02951;e-,55907.7,43214.7,-0.748828,-1.74315;m-,53747,27042.4,-1.30971,1.51503;
79169;zz;1.87709e-05;26370.9;1.6628;j,935923,152452,-2.50067,-0.218328;j,33911.7,32339.2,0.296444,-0.573848;j,938398,32081.4,-4.06875,0.734007;e-,122448,73236.4,-1.10257,-0.374832;e+,28132.8,15703.3,-1.18723,2.63902;e+,19855.7,10757.7,1.22292,-2.27981;
81025;zz;1.87709e-05;12025.8;0.56236;j,390070,45902.6,-2.829,-2.95699;j,68667,39874.5,-1.1302,1.03307;e-,104873,92228.3,-0.517844,-0.731984;e-,280173,81400.3,-1.90737,1.98492;e+,45616.5,44341.3,-0.239257,-2.29426;
81985;zz;1.87709e-05;32691.7;3.0872;j,325193,33213.3,-2.97198,-1.66778;e+,320959,67911.2,-2.23487,0.905171;m+,70470.9,45004.1,1.01916,-1.99137;m-,38870.7,38326.2,0.168342,1.29566;
82001;zz;1.87709e-05;17987.6;-1.94356;m-,138466,54451,-1.58536,2.25758;m+,66442.5,31869.4,-1.36461,-2.7485;m+,25608.4,25606.8,0.0103576,-1.79873;
82552;zz;1.87709e-05;71476;-0.0598782;j,150125,100041,-0.955289,3.07715;e-,43244.9,43240.6,0.0141951,-0.345412;m+,97465.7,78335.6,-0.685372,0.324696;m-,83017.9,19761.6,-2.11399,-1.75955;
82955;zz;1.87709e-05;6603.15;-0.874465;m-,174907,60983.3,-1.71492,-1.97988;m-,57666.8,48844.5,-0.592331,0.162402;m+,65507.7,33473.5,-1.29177,1.59911;g,36473.2,13329.9,-1.66451,2.59917;
84517;zz;1.87709e-05;96456.3;-0.923907;j,55738.4,48911.9,-0.491162,0.739189;e+,90486.3,82928.9,-0.423743,2.08499;m-,131660,69567.6,-1.25257,-0.636212;m+,61227.7,56831.8,-0.390822,-1.85165;g,57894.1,56653.6,-0.208895,-2.74429;
84951;zz;1.87709e-05;15258.2;0.579191;m-,75188.3,72651.7,-0.263484,-0.595918;m+,43335,31018.8,-0.864001,-2.92335;m+,23335,12168.9,-1.26801,-0.826863;
84964;zz;1.87709e-05;6585.32;0.506712;m+,93121.7,49023,1.25692,-0.872188;m-,131625,40267.7,1.85329,2.54133;m-,45802.8,27470.1,1.09914,-1.79282;
85235;zz;1.87709e-05;17943.3;-1.45156;j,132442,54472.8,-1.53604,0.41481;j,51869,51030.3,0.120595,2.59814;j,42319.5,39525.4,-0.283852,-0.363998;e-,62028.9,57114.6,-0.411915,-2.23842;e+,41877.6,34724.2,0.631342,1.95044;e+,73754.8,22851.8,-1.83995,-1.90486;
85255;zz;1.87709e-05;4173.77;-1.76408;e-,84547.1,51375.9,1.0827,1.3803;e+,48857.2,39446.5,0.677706,-1.89886;e-,25709.9,21832.2,0.587525,-0.497806;
85505;zz;1.87709e-05;22476.6;1.57614;e-,66451,40465.9,1.08001,-2.5933;m+,56735.3,54542.9,-0.282589,0.418099;m-,43124,26575.9,1.06491,3.00043;g,32542.1,11948.9,-1.65949,-0.288707;
87059;zz;1.87709e-05;15733.8;-0.655618;j,220597,40826.5,2.37113,-0.833913;j,72095.2,27007,-1.63288,-0.214773;e-,207323,59772.8,1.91542,2.56655;e+,89102.3,56771.9,-1.02214,1.30687;e-,118215,30583.7,-2.02801,-2.36967;
87458;zz;1.87709e-05;55649.1;-2.03273;j,57852.8,41071,0.875593,2.46719;j,119429,35477.3,1.88172,-0.126808;e+,54677.7,37232.5,-0.933744,0.857743;m+,121425,55189.5,-1.42549,-3.01356;m-,57265,45416.8,-0.707476,-1.07643;
87538;zz;1.87709e-05;39028.7;2.28652;j,67046.7,37872.3,1.15984,1.46443;e-,58160.3,55527.8,0.306722,-0.492931;e+,100140,52470.1,1.26245,-2.03715;m+,122363,54053.7,1.45736,3.07289;
87608;zz;1.87709e-05;19214.4;-2.57971;j,182296,57926.7,-1.81311,1.86603;j,137927,40854.2,1.88539,-2.07307;e-,91955.8,50252.6,-1.21263,-0.0604108;m-,60807.7,55180.9,0.447843,2.83671;m+,48819.1,36550.1,0.798014,-0.524975;
88012;zz;1.87709e-05;48820.1;-0.732564;j,217815,29979.9,-2.67131,-2.82593;j,78348.4,26092.7,1.76286,-0.517041;e-,63754.6,47165.9,-0.815883,1.46194;m-,196858,56981.3,-1.91127,-0.270139;m+,105545,39219.5,-1.64665,-2.77276;
88301;zz;1.87709e-05;70692.7;-2.41934;b,126673,112360,0.439879,0.811249;j,137274,25020,2.38587,-2.97844;m-,106702,66666.4,1.04739,-1.55158;m+,69240.1,36846.5,1.24419,2.44675;m-,24359.2,10154,1.5216,-3.08912;
90323;zz;1.87709e-05;144754;-1.60893;j,89078.5,75121.1,-0.599615,1.81789;e-,87988.4,79707,0.451989,1.33367;m+,191503,125989,-0.980103,-1.36448;m-,93503.9,46452.6,-1.32437,-2.56711;
91718;zz;1.87709e-05;15048.2;-0.124635;m-,395585,77554.4,-2.31278,2.10065;m+,291521,64446.6,-2.18997,-0.411979;m-,42017.6,28202,-0.953314,-2.46596;
92329;zz;1.87709e-05;15138.7;2.75761;j,560448,39114.2,3.35416,2.64946;e-,188310,44570.1,2.11986,-0.763787;m-,209390,47223.8,2.16948,1.76347;m+,86488.6,33641.4,1.59723,-1.56108;
92507;zz;1.87709e-05;37901.1;1.48039;e+,31863.1,28742.9,-0.46184,-2.45453;e-,90035.6,26379.7,1.89857,-0.643283;m-,147333,54073.7,-1.65998,1.84491;
92971;zz;1.87709e-05;31878.5;-2.43981;j,36674.3,24704.4,0.937278,2.58876;e-,44688.8,38412.9,0.56412,0.193829;m+,19487.2,18952.7,-0.236867,-2.42828;m-,33096.5,10029.3,-1.86327,0.376382;
93228;zz;1.87709e-05;47895.8;-2.99327;j,638074,93905.4,2.6035,-2.29473;e-,64460.5,59982.8,-0.38403,0.109025;m+,117098,55317.4,-1.38193,-2.82404;m-,25650.8,25632.7,0.0373958,1.02341;g,27902.6,22709.3,0.664029,0.883376;
93850;zz;1.87709e-05;5078.79;0.107112;m-,109311,73165.2,0.957069,-0.595746;m-,128277,59634.6,1.40008,1.76229;m+,56956.1,45172.8,0.70744,-2.60642;
94843;zz;1.87709e-05;143577;-2.2534;j,639257,186832,-1.9005,0.731328;j,197221,94501.2,-1.36307,-2.38314;j,63050.7,38520.2,-1.06705,0.6811;e+,44918.2,13790.6,1.84956,3.00426;m+,127966,77812.4,1.08184,-2.6522;m-,34469.3,27675.4,0.687089,0.969069;
95173;zz;1.87709e-05;149796;0.559823;e+,305869,178780,1.1311,-2.49064;e-,24472.8,11022.2,1.43573,0.643125;m+,170323,132750,-0.735674,0.363019;g,20980.1,20978.7,-0.0113329,1.1029;
95434;zz;1.87709e-05;6246.33;0.88291;j,147620,25568.6,2.43661,-0.842044;e-,81335,81284.9,0.0351333,-1.78844;e-,106887,76034.8,0.872873,1.8465;e+,41766.2,41698.2,0.0571238,0.29912;
95616;zz;1.87709e-05;11465.6;-1.86254;j,47318.3,37630,-0.694715,1.37121;j,339493,25797.3,-3.26881,-2.91472;e+,17814.9,15040.1,0.59847,-0.806316;m+,182729,52264.7,-1.92372,2.39993;m-,191230,38951,-2.27378,-1.15885;
95727;zz;1.87709e-05;4746.08;-0.730504;j,45909.5,36681.2,-0.694088,0.673813;e+,86191.9,46843.6,-1.21921,-2.37654;e-,82950.1,37772.2,1.42341,1.92479;e+,27886.4,25254.3,-0.452688,-1.09353;
95765;zz;1.87709e-05;5551.33;-1.71062;j,558567,45389,3.20159,-0.451599;j,37299.3,34411.9,0.368041,-2.71556;e+,336952,58835.6,2.43063,0.775357;e-,163610,35966.1,2.19575,2.87959;e-,81377.1,30697,1.63044,-2.18056;
95864;zz;1.87709e-05;36331.8;2.65885;j,567141,28474.4,3.68405,0.426565;j,488207,25072.1,-3.66147,1.93643;e+,82314.8,35291.2,-1.49058,-1.0672;e+,16469.8,13134.5,-0.698366,-2.49261;m-,32916.5,14189.2,-1.48456,1.61893;
95996;zz;1.87709e-05;111522;1.14136;j,48474.8,47504.8,-0.0118494,-2.39168;j,29699.1,27166.6,0.372609,0.923395;e+,176478,68309.4,1.60254,-1.15386;e-,186442,50901.8,1.97219,-2.83597;m+,451450,103653,2.15111,1.48206;
98256;zz;1.87709e-05;2846.25;-0.253778;j,682884,72962.6,-2.92663,2.61157;e-,214468,36445.4,-2.45819,0.245403;e-,160641,28840.1,-2.4024,-0.905196;e+,26870.1,26219.9,-0.222249,-1.06509;
100234;zz;1.87709e-05;95682.6;-0.571266;e-,118234,65964.3,-1.18781,2.7069;e+,21645.5,20560.5,0.32347,-1.16805;m+,132387,84282.6,-1.02318,-0.371558;
101016;zz;1.87709e-05;80658.8;2.0202;j,482448,232686,1.35359,-0.036312;j,86232,85660,-0.0929058,-2.71573;j,587623,41200.1,3.34931,-1.57078;e-,296035,101937,1.72822,-3.03097;e+,32047.1,25363.7,0.710886,1.60039;m-,22237.1,20518.5,-0.406454,2.02915;
